"study_id","first_author","year","journal","country","doi","study_design","sample_size","mean_age","exposure_category","exposure_variable","exposure_type","clock_type","EAA_metric","effect_type","effect_value","CI_lower","CI_upper","SE","p_value","adjusted_model","covariates","conversion_method","yi","sei"
"","Spartano","2023","Med Sci Sports Exerc","USA","10.1249/MSS.0000000000003041","cross-sectional","2435.0","54.9","Physical activity and sedentary time","['moderate to vigorous physical activity (MVPA)', 'steps per day', 'sedentary time']","accelerometer-measured","['Hannum', 'Horvath', 'GrimAge', 'EEAA', 'IEAA', 'AdjGrimAge']","['extrinsic epigenetic age acceleration (EEAA)', 'intrinsic epigenetic age acceleration (IEAA)', 'adjusted GrimAge (AdjGrimAge)']","standardized beta","{'MVPA_EEAA': -0.06, 'MVPA_GrimAge': -0.105, 'MVPA_AdjGrimAge': -0.069, 'steps_GrimAge': -0.067, 'steps_AdjGrimAge': -0.065}","","","{'MVPA_EEAA': 0.023, 'MVPA_GrimAge': 0.02, 'MVPA_AdjGrimAge': 0.02, 'steps_GrimAge': 0.018, 'steps_AdjGrimAge': 0.019}","{'MVPA_EEAA': 0.009, 'MVPA_GrimAge': '<0.001', 'MVPA_AdjGrimAge': '<0.001', 'steps_GrimAge': '<0.001', 'steps_AdjGrimAge': '<0.001'}","Adjusted for age, sex, smoking status, cohort-laboratory indicator, accelerometer wear time; additional models adjusted for BMI","['age', 'sex', 'smoking status', 'cohort-laboratory indicator', 'accelerometer wear time', 'BMI (in secondary models)']","Epigenetic age residuals calculated by regressing epigenetic age on chronological age; blood cell composition adjustments for EEAA, IEAA, AdjGrimAge","",""
"1-s2.0-S0002916524007305","Laura Bordoni","2024","The American Journal of Clinical Nutrition","Netherlands","10.1016/j.ajcnut.2024.08.033","observational","760.0","46.1","diet quality; processed food consumption; dietary glycemic load; vitamin intake","LifeLines Diet Score (LLDS); NOVA food classification groups 1 and 4; dietary glycemic load; adequacy of vitamins B-9, B-12, B-2, B-6, and C intake","dietary intake","Horvath; Hannum; Levine (PhenoAge); Horvath2","epigenetic age acceleration (EAA) calculated as difference between DNAm age and chronological age","beta coefficient","-0.148","","","","0.0001","adjusted for sex, energy intake, body composition (waist-to-hip ratio), and caloric surplus over basal metabolic rate (kcal/BMR)","sex, energy intake, body composition (WHR), kcal/BMR","","-0.148",""
"1-s2.0-S0147651324008996","Dong-Wook Lee","2024","Ecotoxicology and Environmental Safety","Republic of Korea","10.1016/j.ecoenv.2024.116823","prospective birth cohort","76.0","6.0","Air pollution","PM2.5, PM10, CO, O3 during pregnancy and one year before age six","ambient air pollutant concentrations estimated by residential address","Horvath's clock; Horvath's skin and blood clock; PedBE clock; Wu's clock","epigenetic age acceleration (residuals of DNA methylation age regressed on chronological age adjusted for cell counts)","beta coefficient (years increase in EAA per IQR increase in pollutant)","0.406","0.031","0.782","","0.05","adjusted for maternal age at birth, maternal education level, birth weight, gestational age, multiple births, and season of birth","child sex, multiple births, season of birth, maternal age at birth, maternal education, maternal pre-pregnancy BMI, birthweight, preterm birth","EAA calculated as residuals from regression of DNA methylation age on chronological age adjusted for cell counts","0.406",""
"1-s2.0-S0160412022004287","Baranyi","2022","Environment International","Scotland, UK","10.1016/j.envint.2022.107501","Longitudinal cohort study","525.0","72.47","Air pollution","Composite air quality index (AQI) based on PM2.5, SO2, NO2, O3 at multiple life-course time points (1935, 1950, 1970, 1980, 1990, 2001)","Ambient air pollution exposure estimated from residential history linked to atmospheric chemistry transport model","Horvath DNAmAge, Hannum DNAmAge, DNAm PhenoAge, DNAm GrimAge, DNAm telomere length (DNAmTL)","Epigenetic age acceleration (years) and DNAm telomere length (kilobase)","Regression coefficient (beta)","0.322","0.088","0.555","","0.001","Adjusted for age, sex, parental occupational social class, childhood smoking, years spent in education, adult smoking, adult occupational social class, BMI at age 70, white blood cell proportions, and technical variables","Age, sex, parental occupational social class, childhood smoking, years spent in education, adult smoking, adult occupational social class, BMI at age 70, white blood cell proportions, technical variables (array position, plate, experiment set)","","0.322",""
"Sullivan_2023_PsychologicalScience","Sullivan","2023","Psychological Science","United States","10.1177/09567976231194221","Randomized controlled trial (RCT) with DNA substudy","62.0","36.26","Parenting practices and cumulative adversity","Cumulative risk index (parent, family, neighborhood-level adversity) and observed positive and negative parenting behaviors","Behavioral and environmental","Pediatric Buccal Epigenetic (PedBE) clock","Residuals of PedBE epigenetic age regressed on chronological age, adjusted for cell-type proportions","Interaction effect (moderation)","-0.15","-1.09","-0.26","0.21","0.001","Adjusted for Time 1 parenting levels and child biological sex","Child biological sex, Time 1 observed parenting","","-0.68","0.21"
"10522_2025_Article_10195","Wu","2025","Biogerontology","Taiwan","10.1007/s10522-025-10195-1","cross-sectional","2474.0","49.75","Lifestyle factors; physiological conditions","Smoking; BMI; waist-hip ratio; hemoglobin A1c; HDL-C; creatinine; uric acid; gamma-glutamyl transferase; hemoglobin; cell-type proportions (B lymphocytes, natural killer cells, CD4+ T cells, CD8+ T cells, monocytes)","self-reported lifestyle and measured physiological biomarkers","GrimAge (version 2)","GrimEAA (AgeAccelGrim2)","regression coefficient (beta)","5.1756","4.7985","5.5527","0.1923","0.001","Adjusted for sex, BMI, waist-hip ratio, smoking, HbA1c, HDL-C, creatinine, uric acid, GGT, hemoglobin, and five cell-type proportions","Sex, BMI, waist-hip ratio, smoking status, hemoglobin A1c, HDL-C, creatinine, uric acid, gamma-glutamyl transferase, hemoglobin, B lymphocytes, natural killer cells, CD4+ T cells, CD8+ T cells, monocytes","Best-subset regression model selected by smallest AIC","5.1756","0.1923"
"11357_2024","García-delaTorre","2024","GeroScience","Mexico","10.1007/s11357-024-01095-2","cross-sectional","47.0","69.02","mild COVID-19 infection","mild COVID-19 symptoms","infection status","GrimAge; IEAA; EEAA","epigenetic age acceleration","mean difference in epigenetic age acceleration","","","","","","linear regression adjusted for age and sex","age, sex; clinical variables including T2D, multimorbidity, smoking, hypertension","","",""
"11357_2024_Article_1408","Haoxin Tina Zheng","2025","GeroScience","Australia","10.1007/s11357-024-01408-5","prospective cohort with cross-sectional and longitudinal analyses","6208.0","58.8","Physical activity","Physical activity score (log-transformed and standardized z-score), MET hours/week at follow-up","Self-reported physical activity (walking, vigorous, non-vigorous activities)","PCPhenoAge, PCGrimAge, bAge, DNAmFitAge, DunedinPACE","Age-adjusted and standardized residuals of epigenetic age measures","Standardized beta coefficient (per 1 SD increase in physical activity score)","-0.07","-0.09","-0.04","","2e-08","Model 1: adjusted for age, sex, country of birth","Age, sex, country of birth, SEIFA score, smoking status, smoking pack-years (log-transformed), alcohol consumption (spline), AHEI-2010 diet score, BMI (spline)","Physical activity scores log-transformed as ln(score+1) and standardized to z-scores; epigenetic age residuals regressed on chronological age and standardized","-0.07",""
"11357_2025","Mendy","2025","GeroScience","USA","10.1007/s11357-025-01604-x","prospective cohort","2105.0","63.96","Epigenetic age acceleration","Horvath, Hannum, SkinBlood, Pheno, Zhang, Lin, Weidner, Vidal-Bralo, GrimAge2 clocks; DunedinPoAm pace of aging","Epigenetic age acceleration residuals from regression on chronological age","First, second, and third generation epigenetic clocks","Residuals of epigenetic age regressed on chronological age","Hazard ratio per 5-year increase in EAA (10% increase for DunedinPoAm)","1.51","1.33","1.7","","0.0001","Adjusted for chronological age, poverty income ratio, pack-years of cigarette smoking, white blood cell composition (continuous); sex, race/ethnicity, smoking status, BMI, physical activity, asthma, diabetes, hypertension (categorical)","Chronological age, poverty income ratio, pack-years smoking, WBC composition, sex, race/ethnicity, smoking status, BMI, physical activity, asthma, diabetes, hypertension","EAA calculated as residuals from regression of epigenetic age on chronological age","0.413","0.054"
"12916_2023","Yaskolka Meir","2023","BMC Medicine","Israel","10.1186/s12916-023-03067-3","randomized controlled trial","256.0","51.3","dietary intervention","Mediterranean diet; Green-MED diet; polyphenol intake (green tea, Mankai, walnuts)","dietary","Li mAge; Hannum mAge; Horvath mAge; Horvath skin and blood; PhenoAge; PCGrimAge; DunedinPACE","methylation age residuals; intrinsic epigenetic age acceleration (IEAA); DunedinPACE","beta coefficient","-0.41","","","","0.004","multivariate model adjusted for age, sex, baseline mAge, and weight loss","age, sex, baseline methylation age, weight loss","","-0.41",""
"12916_2024","Magnus","2024","BMC Medicine","Norway","10.1186/s12916-024-03780-7","population-based pregnancy cohort study","2198.0","30.1","epigenetic age acceleration","maternal epigenetic age acceleration (7 clocks: Hannum, Horvath, Levine, PCGrimAge, DNAmTL, DunedinPACE)","biological age acceleration residuals standardized to Z-scores","Hannum, Horvath, Levine, PCGrimAge, DNAmTL, DunedinPACE","standard deviation increase in epigenetic age acceleration residuals","mean difference in gestational length (days) per SD increase in maternal epigenetic age acceleration","-0.8","-1.29","-0.31","","0.002","adjusted for chronological age, parity, education, smoking, BMI","chronological age, parity, educational level, smoking status, BMI, diabetes, chronic hypertension, cell type proportions, gestational week of blood sampling","linear regression residuals of epigenetic age on chronological age, standardized to Z-scores","-0.8",""
"Penha_2026_BMCMed_12916_2025_Article_4542","Penha","2026","BMC Medicine","Australia, Sweden, Italy, Norway","10.1186/s12916-025-04542-9","Nested case-control studies within prospective cohorts","1480.0","56.5","Tobacco smoking","DNA methylation-based smoking scores and DNAm clocks (Hannum, PhenoAge, DunedinPACE, PCGrimAge)","Biomarker (DNA methylation age acceleration and smoking methylation scores)","Chronological age clocks (Hannum), Mortality risk clocks (PhenoAge, DunedinPACE, PCGrimAge)","Age-adjusted DNAm clocks residuals (age acceleration)","Odds ratio per 1 standard deviation increase in age-adjusted DNAm clock","1.66","1.44","1.91","","0.001","Adjusted for age, sex, cohort, detailed smoking metrics (smoking duration, cigarettes per day, years since quitting), immune cell proportions, BMI","Age, sex, cohort, smoking duration, cigarettes per day, years since quitting smoking, immune cell proportions (monocytes, NK, CD4T, CD8T, B cells), BMI","","0.507",""
"12967_2025_Article_6492","Sheng","2025","Journal of Translational Medicine","USA","10.1186/s12967-025-06492-5","cross-sectional","2345.0","63.48","early-life smoking","age of smoking initiation (ASI) and smoking initiation period (SIP: childhood 5-14 years, adolescence/adulthood >14 years, never smoked)","categorical (SIP) and continuous (ASI)","DNAm PhenoAge; DunedinPoAm; HorvathTelo","DNAm PhenoAge, DunedinPoAm, HorvathTelo","odds ratio","1.95","1.15","3.29","","0.013","Model 3: adjusted for age, sex, race, education, BMI, lipid profile, hypertension, diabetes, and CKD","age, sex, race, education, BMI, lipid profile, hypertension, diabetes, CKD","","0.667829","0.263978"
"13148_2019","Sillanpää","2019","Clinical Epigenetics","Finland","10.1186/s13148-019-0613-5","Twin study with quantitative genetic modeling and co-twin control analysis","1249.0","","Leisure-time physical activity","Long-term leisure-time physical activity discordance (MET hours/day), physical activity indexes (sport, leisure-time, work indices)","Behavioral","Horvath's DNA methylation age","Age acceleration residuals from linear regression of DNAm age on chronological age","Mean difference in DNAm age acceleration between active and inactive co-twins","-1.17","-3.43","1.1","","0.641","Adjusted for sex, smoking status, and BMI","Sex, smoking (never, former, current), BMI","Horvath's online DNAm age calculator using Illumina 450K and EPIC BeadChip data with BMIQ normalization","-1.17",""
"13148_2022","Klopack","2022","Clinical Epigenetics","USA","10.1186/s13148-022-01286-8","Cross-sectional with mediation analysis using Structural Equation Modeling","2978.0","67.65","Smoking exposure","Parental smoking, smoking in youth, adult pack years","Lifetime smoking exposure (parental smoking, youth smoking, adult pack years)","GrimAgeAdj, PhenoAgeAdj, DunedinPoAm38Adj","Age acceleration residuals (GrimAgeAdj, PhenoAgeAdj) and pace of aging (DunedinPoAm38Adj)","Regression coefficient (years increase in epigenetic age acceleration per pack year or smoking status)","0.09","","","","0.001","Models adjusted for age, sex, race/ethnicity, education, wealth, BMI, alcohol use","Age, sex, race/ethnicity, education, wealth, BMI, alcohol use","","0.09",""
"Bozack_2023_ClinicalEpigenetics_13148_2023_Article_1480","Bozack","2023","Clinical Epigenetics","","10.1186/s13148-023-01480-2","pre-birth cohort","485.0","","maternal smoking during pregnancy","maternal smoking during pregnancy (vs. never smokers)","environmental/behavioral","skin & blood clock","epigenetic age acceleration (EAA) at birth","beta coefficient (weeks)","1.17","-0.09","2.42","","0.05","mutually adjusted robust linear regression controlling for estimated cell type proportions","maternal age, pre-pregnancy BMI, education, prenatal smoking, newborn sex, preterm birth, birth weight for GA z-score, self-reported race/ethnicity, estimated cell type proportions","","1.17",""
"13148_2023_Article_1512","Chang","2023","Clinical Epigenetics","Taiwan","10.1186/s13148-023-01512-x","observational mediation analysis","2474.0","49.4","smoking","current smoking status; current smokers' pack-years; former smoking status; former smokers' pack-years; years since smoking cessation","self-reported smoking variables","HannumEAA; IEAA; PhenoEAA; GrimEAA; DunedinPACE; DNAm-based smoking pack-years; DNAm PAI-1 levels","epigenetic age acceleration (EAA) measures and DNAm markers","mediation effect","0.2381","0.1457","0.3392","","0.001","adjusted for chronological age, sex, BMI, drinking status, regular exercise status, educational attainment, and five cell-type proportions","chronological age, sex, BMI, drinking status, regular exercise status, educational attainment, B lymphocytes, CD4+ T cells, CD8+ T cells, monocytes, natural killer cells","","0.2381",""
"13148_2024_Article_1637","Willems","2024","Clinical Epigenetics","Germany; United States","10.1186/s13148-024-01637-7","Cross-sectional observational study","1058.0","42.65","Personality trait","Self-control (Brief Tangney Self-Control Scale in SOEP-G adults; Grit scale in TTP children/adolescents)","Behavioral/psychological","PhenoAge Acceleration; GrimAge Acceleration; DunedinPACE","Principal-component-based PhenoAge and GrimAge Acceleration residualized for chronological age; DunedinPACE","Standardized beta coefficient","-0.34","-0.51","-0.17","","0.001","Adjusted for socioeconomic contexts, BMI, smoking (where applicable), and genetic correlates of low self-control (polygenic scores)","Socioeconomic contexts, BMI, smoking, genetic correlates of low self-control","","-0.34",""
"13148_2024_Article_1706","Lee","2024","Clinical Epigenetics","South Korea","10.1186/s13148-024-01706-x","cohort","692.0","54.0","sleep quality","Pittsburgh Sleep Quality Index (PSQI) global score","continuous","GrimAgeAccel; DunedinPACE","epigenetic age acceleration","beta coefficient","0.167","","","0.066","0.0116","Model 2: adjusted for chronological age, sex, smoking status, drinking status, BMI","chronological age, sex, smoking status, drinking status, BMI","","0.167","0.066"
"Chen_2024_Article_1707","Chen","2024","Clinical Epigenetics","UK (data from UK Biobank and European ancestry cohorts)","10.1186/s13148-024-01707-w","Two-sample bidirectional Mendelian randomization","459915.0","54.8","Walking and sedentary behavior","Usual walking pace; walking duration; walking frequency; leisure sedentary behavior","Genetically predicted walking traits and sedentary behavior","GrimAge; PhenoAge; Horvath; Hannum","Epigenetic age acceleration (EAA) residuals from each clock","Beta coefficient (IVW MR estimate)","-1.842","-2.937","-0.747","","0.001","IVW MR with removal of linkage disequilibrium and pleiotropic SNPs; sensitivity analyses with weighted median, MR-Egger, RAPS, MR-PRESSO","Not explicitly reported; genetic instrumental variables selected to avoid confounding","Not reported","-1.842",""
"13148_2025_Article_1872","Zou","2025","Clinical Epigenetics","USA","10.1186/s13148-025-01872-6","Cohort study","1966.0","65.76","Epigenetic age acceleration","AAHorvathAge; AAHannumAge; AAPhenoAge; AAGrimAge; AAGrimAge2","Continuous (per 5-year increase)","HorvathAge, HannumAge, PhenoAge, GrimAge, GrimAge2","Epigenetic age acceleration (difference between DNAmAge and chronological age)","Hazard ratio (HR) per 5-year increase in EAA","1.44","","","","0.001","Adjusted for age, sex, race, marital status, education level, poverty income ratio, BMI, smoking status, alcohol status, physical activity, diabetes, renal disease, ASCVD, CHF, COPD, cancer, total cholesterol, albumin, eGFR","Age, sex, race, marital status, education level, poverty income ratio, BMI, smoking status, alcohol status, physical activity, diabetes, renal disease, ASCVD, CHF, COPD, cancer, total cholesterol, albumin, eGFR","EAA calculated as difference between predicted epigenetic clock and chronological age; exposure variables normalized to z-scores for per SD increase","0.3646",""
"Diao_2025_CE","Tingyue Diao","2025","Clinical Epigenetics","China","10.1186/s13148-025-01898-w","Cross-sectional and prospective cohort","3566.0","65.5","Sleep patterns","Sleep score integrating bedtime, sleep duration, sleep quality, and midday napping","Composite sleep pattern score (0-4, higher = healthier)","PhenoAgeAccel; GrimAgeAccel; DunedinPACE; DNAm mortality risk score (DNAm MS)","Epigenetic age acceleration residuals or direct measures from second-generation clocks","Beta coefficient (linear regression)","-0.208","-0.369","-0.047","","0.011","Adjusted for chronological age, sex, education level, smoking status, drinking status, physical activity, and body mass index","Chronological age, sex, education level, smoking status, drinking status, physical activity, body mass index","PhenoAgeAccel and GrimAgeAccel calculated as residuals regressing DNAm age on chronological age; DunedinPACE and DNAm MS used as direct measures","-0.208",""
"13148_2025_Article_1912","Nong","2025","Clinical Epigenetics","USA","10.1186/s13148-025-01912-1","cross-sectional","2529.0","63.5","biological aging pace","DunedinPoAm-measured pace of biological aging","continuous (per 1-SD increase) and tertiles","DunedinPoAm (third-generation epigenetic clock)","pace of biological aging","odds ratio","1.19","1.01","1.4","","0.043","Model 1 adjusted for age (50–65, >65) and sex","age, sex","","0.173953",""
"13148_2025_Article_1919","Ou","2025","Clinical Epigenetics","USA","10.1186/s13148-025-01919-8","Cross-sectional and prospective","284.0","67.57","Epigenetic age acceleration","GrimAgeAccel; GrimAge2Accel","Biological age acceleration","GrimAge; GrimAge2","Epigenetic age acceleration residuals","Hazard ratio","1.075","1.043","1.107","","0.0001","Adjusted for age and sex","Age, sex","","0.0723",""
"41514_2025_Article_265","Yang Pan","2025","npj Aging","USA","10.1038/s41514-025-00265-6","Cross-sectional observational study with two-sample Mendelian randomization","1252.0","48.2","Epigenetic age acceleration","HannumAA; PhenoAA; GrimAA; IEAA","Blood-derived DNA methylation-based epigenetic age acceleration measures","Horvath's DNA methylation age calculator (IEAA, HannumAA, PhenoAA, GrimAA)","Standard deviation increase in epigenetic age acceleration","Beta coefficient (standardized effect size)","-0.147","-0.211","-0.083","","0.001","Model 3: adjusted for age, sex, race, education, smoking, alcohol, depression, BMI, HbA1c, LDL-C, blood pressure, diabetes, hypertension and lipid medications, and log-transformed white blood cell count","Age, sex, race, education, smoking status, alcohol consumption, depression, BMI, HbA1c, LDL cholesterol, systolic blood pressure, diabetes medication, hypertension medication, lipid-lowering medication, white blood cell count","Beta mixture quantile dilation (BMIQ) normalization within Horvath's DNA methylation age calculator","-0.147",""
"41598_2022_Article_8160","Cardenas","2022","Scientific Reports","Costa Rica","10.1038/s41598-022-08160-w","cross-sectional analysis within a prospective cohort","489.0","79.4","cigarette smoking","smoking status (current, former, never); ever smoking (>100 cigarettes lifetime)","self-reported smoking behavior","Horvath Pan Tissue; Horvath Skin-Blood; Hannum Blood; PhenoAge; GrimAge; DNAmTL","AgeAccelerationResidual (residuals of epigenetic age regressed on chronological age); Extrinsic EAA (EEAA); Intrinsic EAA (IEAA); DNAmTL residuals","mean difference in years (or kb for DNAmTL) of epigenetic age acceleration relative to non-smokers","3.07","2.41","3.74","","0.001","linear regression adjusted for sex, chronological age, BMI, education, household assets, genetic principal components, estimated leukocyte composition","sex, chronological age, BMI, education, household assets, genetic principal components (PC1, PC2), estimated leukocyte composition (CD8+ T cells, CD4+ T cells, NK, B-cells, monocytes, neutrophils)","AgeAccelerationResidual calculated as residuals from linear regression of epigenetic age on chronological age; DNAmTL residuals similarly calculated","3.07",""
"41598_2022_Article_26433","Bao","2022","Scientific Reports","UK","10.1038/s41598-022-26433-2","Cross-sectional analysis within a longitudinal cohort","3140.0","54.5","Socioeconomic position and social mobility","Childhood social class, adulthood social class, social mobility (upward, downward, stable)","Socioeconomic position (categorical: disadvantaged, intermediate, advantaged) and social mobility status","Horvath; Hannum; Phenoage; DunedinPoAm","Residuals of linear regression of DNAm age on chronological age adjusted for batch and cell composition","Mean difference in age acceleration (years) by social mobility status","0.47","0.19","0.75","","0.001","Adjusted for sex, standardized chronological age, age squared, batch effect (plate), white blood cell composition","Sex, age, age squared, batch effect (plate), white blood cell composition; sensitivity analyses included marital status and education","Age acceleration calculated as residuals from linear regression of DNAm age on chronological age","0.47",""
"41598_2024_Article_84957","Wen Zhao","2025","Scientific Reports","Europe","10.1038/s41598-024-84957-1","Two-sample Mendelian randomization","134710.0","","Sleep traits","Self-reported insomnia; accelerometer-measured sleep efficiency; number of sleep episodes","Genetic instrumental variables from GWAS","GrimAge; HannumAge; IEAA","Epigenetic age acceleration (EAA)","Odds ratio","1.17","1.04","1.31","","0.007","GWAS adjusted for age, sex, principal components of ancestry, genotyping array, and study-specific variables","Age, sex, 10 principal components of ancestry, genotyping array, genetic correlation matrix, study center, season when activity-monitor worn","MR inverse variance weighted (IVW) method as primary; MR-Egger, weighted median, weighted mode, simple mode as sensitivity","0.157",""
"DO-HEALTH Bio-Age","Bischoff-Ferrari","2025","Nature Aging","Switzerland","10.1038/s43587-024-00793-y","Randomized controlled trial, 2x2x2 factorial design","777.0","75.47","Supplementation and exercise","Vitamin D (2000 IU/day), Omega-3 (1 g/day), home exercise program (SHEP)","Intervention","PhenoAge, GrimAge2, DunedinPACE (primary); also GrimAge, Horvath, Hannum (secondary)","Standardized change in age acceleration or pace of aging from baseline to 3 years","Standardized mean difference","-0.16","-0.3","-0.02","","","Analysis of covariance adjusted for chronological age (continuous + spline at 85 years), sex, history of falls before study enrollment, BMI, study site, and baseline biological age measure","Chronological age, sex, history of falls, BMI, study site, baseline biological age","Standardized units converted to months of age retardation using (standardized estimate × s.d. + mean) × 12","-0.16",""
"ACEL-22-e13779","Joshi","2023","Aging Cell","Canada","10.1111/acel.13779","cross-sectional","1445.0","63.0","Adverse childhood experiences (ACEs)","Cumulative ACEs score; individual ACEs including emotional abuse, parental separation or divorce","Self-reported questionnaire","DNAm GrimAge; DNAm PhenoAge","Epigenetic age acceleration residuals (regressing epigenetic clock on chronological age)","Regression coefficient (β)","0.07","0.02","0.11","","0.05","Adjusted for sex, annual household income, and number of poor health behaviors (cigarette smoking, physical activity, alcohol consumption, nutritional intake)","Sex, annual household income, number of poor health behaviors (smoking, physical activity, alcohol consumption, nutritional intake)","Epigenetic age acceleration calculated as residuals from regression of epigenetic age on chronological age","0.07",""
"ACEL-22-e13828","Fox","2023","Aging Cell","Germany","10.1111/acel.13828","cross-sectional","3567.0","55.5","Physical activity","Step counts; MET-Hours; % time in moderate-to-vigorous physical activity (MVPA)","Objective accelerometer-based physical activity","GrimAge (main), also Hannum, Horvath, PhenoAge (exploratory)","Epigenetic Age Acceleration (GrimAge acceleration)","Regression coefficient (β) for linear and quadratic terms","-0.38","-0.65","-0.12","","0.005","Adjusted for age, age², sex, education, batch effect, cell proportions, smoking status, and season","Age, age², sex, education, batch effect, cell proportions, smoking status, season","","-0.38",""
"ACEL-24-e70182","Brooke","2025","Aging Cell","Austria/Germany/USA/Denmark/UK/Liechtenstein","10.1111/acel.70182","Longitudinal observational study with repeated measures","24.0","26.23","Physical activity","Strenuous exercise (before vs. after soccer game)","Acute vigorous physical activity","DNAmGrimAge2, DNAmFitAge, Skin & Blood Clock","Calibrated epigenetic age (GrimAge2 cal., FitAge cal.)","Mean difference in epigenetic age (years)","-7.07","-10.32","-3.71","1.69","6.13e-05","Linear mixed-effects model with chronological age and timepoints as fixed effects; player ID and batch number as random effects","Chronological age, timepoints (before, after game, rested), player ID, batch number","Calibration of GrimAge2 and FitAge predictions to actual age range of players","-7.07","1.69"
"aging-09-419","Quach","2017","AGING (Albany NY)","USA; Italy","","cross-sectional and longitudinal cohort study","4575.0","64.0","diet; alcohol consumption; education; physical activity; BMI; metabolic syndrome; metformin use","fish intake; poultry intake; alcohol consumption; education level; physical activity; BMI; metabolic syndrome symptoms; metformin use","behavioral and lifestyle factors","Intrinsic Epigenetic Age Acceleration (IEAA); Extrinsic Epigenetic Age Acceleration (EEAA)","IEAA and EEAA (years)","regression coefficient (β) and correlation coefficient (r)","0.09","","","","2e-08","multivariable linear models adjusted for ethnicity, dataset, sex (InCHIANTI), and potential confounders including biomarkers and metabolic syndrome symptoms","ethnicity, dataset (WHI BA23 or AS315), sex (InCHIANTI), biomarkers (CRP, insulin, glucose, triglycerides, HDL cholesterol), metabolic syndrome symptoms","Stouffer's method meta-analysis of ethnically stratified linear models","0.09",""
"Lu_2019_aging-11-101684","Lu","2019","AGING","USA","","Cohort study with meta-analysis","7375.0","63.0","DNAm-based biomarkers","DNAm GrimAge, DNAm PAI-1, DNAm smoking pack-years, and other DNAm-based surrogate plasma protein markers","Epigenetic biomarker","DNAm GrimAge","AgeAccelGrim (age-adjusted DNAm GrimAge residual)","Hazard ratio (HR) for time-to-death (all-cause mortality)","1.09","","","","0.001","Adjusted for chronological age, sex, and race/ethnicity strata","Chronological age, sex, race/ethnicity, DNAm-based surrogate markers of smoking pack-years and 7 plasma proteins (ADM, B2M, Cystatin C, GDF-15, Leptin, PAI-1, TIMP-1)","Linear transformation of elastic net Cox regression mortality risk estimate to units of years","0.086",""
"aging-13-202814","Martin","2021","AGING","USA","","cross-sectional analysis within a prospective cohort","158.0","54.0","Neighborhood social environment","Neighborhood poverty (z-score); Neighborhood quality (PC7: presence of abandoned cars and people on street); Neighborhood social cohesion","Area-level socioeconomic and social environment measures","Horvath; Hannum; Levine's PhenoAge","Age acceleration residuals (DNAm age regressed on chronological age)","Beta coefficient (linear regression)","2.1","0.4","3.8","","","Adjusted for race/ethnicity, education level, employment status, lifetime smoking, lifetime alcohol intake, and years residing in current neighborhood","Race/ethnicity, education, employment, smoking status, alcohol intake, years in neighborhood; additionally adjusted for blood immune cell proportions in sensitivity analyses","DNAm age residuals calculated by regressing DNAm age on chronological age; principal components analysis used to summarize neighborhood quality variables","2.1",""
"NCT03472820","Fitzgerald","2021","AGING","USA","","randomized controlled clinical trial","43.0","59.4","diet and lifestyle intervention","diet, sleep, exercise, relaxation guidance, probiotics and phytonutrients","multimodal intervention","Horvath DNAmAge clock (2013)","DNAmAge (years)","mean difference in DNAmAge change between treatment and control groups","-3.23","","","","0.018","unpaired two-tailed t-test comparing DNAmAge change between groups","baseline age, group allocation; no further covariates reported","Illumina Methylation Epic Array on saliva samples; DNAmAge calculated using online Horvath DNAmAge clock","-3.23",""
"aging-14-203872","Freni-Sterrantino","2022","AGING","Finland","","Cohort study (Northern Finland Birth Cohort 1966)","604.0","46.0","Work-related stress and employment characteristics","Job strain, effort-reward imbalance, job status, working hours, occupational group, job security, occupational physical activity, shift work","Psychosocial work stressors and employment characteristics","Horvath, Hannum, PhenoAge, GrimAge, DunedinPoAm","Epigenetic age acceleration (years) and pace of aging (percentage)","Regression coefficient (β) representing years of increase/decrease in epigenetic age acceleration or rate of aging","2.058","0.517","3.599","","","Adjusted for sex, education, smoking habit, alcohol consumption, BMI, physical activity","Sex, education, smoking habit, alcohol consumption, BMI, physical activity","","2.058",""
"aging-14-204327","Freni-Sterrantino","2022","AGING","United Kingdom","","cross-sectional","631.0","","Job stability","Unemployed vs paid employment","Employment status","Horvath, Hannum, PhenoAge, GrimAge, DunedinPoAm, DunedinPACE","Epigenetic age acceleration (years) and pace of aging","Difference in epigenetic age acceleration (years) or pace of aging","3.21","0.89","5.53","","0.05","Adjusted for sex, alcohol consumption, smoking, BMI, and educational level","sex, alcohol consumption, smoking, BMI, educational level","","3.21",""
"Michaud_2023_CLUEII","Dominique S. Michaud","2023","AGING","USA","","nested case-control","416.0","57.1","epigenetic age acceleration","Horvath, Hannum, PhenoAge clocks","DNA methylation-based epigenetic age acceleration","Horvath; Hannum; PhenoAge","age acceleration residuals (intrinsic and extrinsic)","odds ratio per 1 SD increase","0.82","0.64","1.05","","0.12","conditional logistic regression adjusting for batch effects, BMI, methylation-predicted pack-years; matching factors (age, sex, smoking status and intensity, cigar/pipe smoking, date of blood draw) implicitly adjusted","batch effects, BMI, methylation-predicted pack-years; matching factors: age, sex, smoking status and intensity, cigar/pipe smoking, date of blood draw","","-0.1985",""
"aging-15-204602","Fitzgerald","2023","AGING","","","case series","6.0","57.9","diet and lifestyle intervention","methylation-supportive diet and lifestyle program including diet, sleep, exercise, relaxation, probiotics, phytonutrients, nutritional coaching","intervention","Horvath DNAmAge clock (2013)","biological age (years)","mean difference (biological age reduction)","-4.6","","","","0.039","","none reported; paired sample comparison baseline vs endpoint biological age","SeSAMe pipeline normalization","-4.6",""
"aging-15-205153","Wang","2023","AGING","USA","10.18632/aging.205153","observational cohort study","3823.0","","alcohol consumption","long-term average total alcohol consumption and types (beer, wine, liquor); cross-sectional alcohol consumption; recent binge drinking","continuous (drinks per day), categorical (non-drinker, light, at-risk, heavy drinker), recent binge drinking (yes/no)","GrimAge, PhenoAge, Horvath’s age, Hannum’s age, skin and blood clock","GrimAge acceleration (GAA), PhenoAge acceleration (PAA)","beta coefficient (years increase in EAA per additional drink per day)","0.43","","","0.15","2.1e-08","adjusted for sex, physical activity index, education level, BMI, smoking (pack-year), chronological age, lab index; additional analyses adjusted for white blood cell compositions and long-term average covariates","sex, physical activity index, education level, BMI, smoking (pack-year), chronological age, lab index, white blood cell compositions (in sensitivity analyses)","bisulfite conversion of DNA methylation from whole blood","0.43","0.15"
"DISPAR Aging","Chen","2024","AGING","USA","","prospective cohort","359.0","49.3","cognitive function","adolescent crystallized intelligence (PPVT-15); midlife crystallized intelligence (WTAR); midlife fluid intelligence (DS)","continuous","Horvath; Hannum; GrimAge; PhenoAge; DunedinPACE","residuals of epigenetic clocks regressed on chronological age; DunedinPACE pace of aging","beta coefficient","-0.048","","","0.015","0.001693","linear regression adjusted for potential confounders including adult socioeconomic status","adult socioeconomic status, sex, race/ethnicity, BMI, smoking, alcohol use, cell type proportions","EAA calculated as residuals from regression of epigenetic age on chronological age; DunedinPACE calculated using DunedinPACE R package","-0.048","0.015"
"","Mesnage","2025","Antioxidants","","10.3390/antiox14040421","Review","","","Environmental pollutants","Airborne particulate matter (PM2.5, PM10, BC, NOx), heavy metals (Pb, Cd, As, Hg, W), organic pollutants (BPA, PCBs, pesticides, PAHs, benzene, TCE), microplastics, tobacco, alcohol, environmental quality (greenness)","Chemical and particulate environmental exposures","Multiple epigenetic clocks including GrimAge, DunedinPACE, PhenoAge, Horvath’s Skin and Blood clock, Skin and Blood Clock","Epigenetic age acceleration (EAA) measured by GrimAge, DunedinPACE, PhenoAge, Horvath clocks","Mean difference in epigenetic age acceleration (years)","","","","","","Various models adjusted for age, sex, and other covariates depending on individual studies summarized","Age, sex, smoking, occupational exposure, geographic region, socioeconomic status, and other confounders as per individual studies","","",""
"APA-112-1001","Balfour","2023","Acta Paediatrica","Australia","10.1111/apa.16719","Prospective cohort study","1192.0","17.0","Sleep health","Parent-reported sleep trajectories (age 5-17); self-reported sleep problems (age 17)","Subjective (parent- and self-report questionnaires)","Horvath's New Methylation Age Calculator (6 clocks: GrimAA, HorvathAA, IntrinsicAA, ExtrinsicAA, PhenoAA, SkinAA)","Intrinsic epigenetic age acceleration (IntrinsicAA)","Regression coefficient (beta)","0.14","","","","0.04","Demographic + lifestyle covariates (age, sex, ethnicity, family income, BMI, smoking)","Age, sex, ethnicity, family income, BMI, smoking, depressive symptoms, physical development","","0.14",""
"awaf069","Pedro Sant’Anna Barbosa Ferreira","2025","BRAIN","Netherlands","10.1093/brain/awaf069","cross-sectional twin study","254.0","","DNA methylation age acceleration","Hannum and GrimAge epigenetic clocks","epigenetic age acceleration from blood DNA methylation","Hannum; GrimAge","residuals of regression of epigenetic age on chronological age","standardized beta (correlation)","0.15","","","","0.011","adjusted for sex, BMI, smoking status, white blood cell counts (monocytes, eosinophils, neutrophils), bisulphite sample plates, methylation array row number","sex, BMI, smoking status (former smoker vs non-smoker, current smoker vs non-smoker), monocytes %, eosinophils %, neutrophils %, bisulphite sample plates, methylation array row number","age acceleration computed as residuals from regression of epigenetic age on chronological age; brain age acceleration computed as difference between brainageR predicted brain age and chronological age with Beheshti’s correction","0.15",""
"ebiom2019","Xiaoyu Li","2019","EBioMedicine","United States","10.1016/j.ebiom.2019.11.020","prospective cohort","622.0","68.7","Sleep disordered breathing","Apnea-hypopnea index (AHI); Percentage of sleep time with oxygen saturation <90% (Per90); Arousal index","continuous","DNAm-PhenoAge (Levine's clock); DNAm-Age (Horvath's clock)","DNAm-PhenoAge acceleration; DNAm-Age acceleration","linear regression coefficient (beta)","0.03","0.001","0.06","","0.05","Adjusted for chronological age, sex, race/ethnicity, household income, study site, BMI, smoking, and drinking status","chronological age, sex, race/ethnicity, household income, study site, BMI, smoking status, drinking status","Epigenetic age acceleration calculated as residuals from regressing epigenetic age on chronological age","0.03",""
"ebiom106005","Sun","2025","eBioMedicine","United Kingdom","10.1016/j.ebiom.2025.106005","longitudinal cohort study and Mendelian randomization","322640.0","58.0","biological aging; unhealthy lifestyle factors","PhenoAge acceleration; HD score; smoking; alcohol drinking; unhealthy diet; inadequate physical activity; unhealthy lifestyle index","biomarker-based biological aging measures and lifestyle factors","PhenoAge, HD score, DNAm GrimAge, DNAm Hannum, DNAm PhenoAge, DNAm IEAA","PhenoAge acceleration; HD score; epigenetic age acceleration (DNAm GrimAge, Hannum, PhenoAge, IEAA)","hazard ratio","1.07","1.04","1.1","","5e-06","adjusted for age at recruitment, sex, education, smoking status, alcohol consumption, diet, physical activity, Townsend deprivation index, household income, BMI, diabetes, hypertension, coronary artery disease","age, sex, education, smoking, alcohol, diet, physical activity, socioeconomic status, BMI, diabetes, hypertension, coronary artery disease","","",""
"ERJ-00458-2024","Hernandez Cordero AI","2024","European Respiratory Journal","Canada","10.1183/13993003.00458-2024","observational cohort","93.0","55.0","cannabis smoking","cannabis smoking status (never, former, current); joint-years of cannabis smoking","categorical (never, former, current); continuous (joint-years)","DNAmGrimAge; DNAmPhenoAge","epigenetic age acceleration residuals (regression residuals of epigenetic age on chronological age)","mean difference in epigenetic age acceleration residuals (years)","4.19","","","","0.001","adjusted for chronological age, sex, BMI, cigarette smoking status, batch, blood cell proportions (except for DNAmPhenoAge where cell proportions were excluded), and additionally adjusted for FEV1/FVC ratio in sensitivity analyses","age, sex, BMI, cigarette smoking status, batch, blood cell proportions (CD8 T-cells, CD4 T-cells, natural killer cells, B-cells, monocytes, granulocytes), FEV1/FVC ratio (in sensitivity analyses)","","4.19",""
"Kuo_2021_BLSA","Kuo","2021","Frontiers in Aging Neuroscience","United States","10.3389/fnagi.2021.790926","cross-sectional","236.0","68.39","epigenetic age acceleration","AgeAccelerationResidualHannum; IEAA (Horvath); AgeAccelPheno; AgeAccelGrim; DunedinPoAm","epigenetic clock measures","Hannum; Horvath; PhenoAge; GrimAge; DunedinPoAm","standardized effect size per 1 SD increase in epigenetic age acceleration","standardized regression coefficient","0.2","0.06","0.33","","0.004","Model 3: adjusted for sex, black race, age, time difference between epigenetic and hearing measurements, hypertension, diabetes, congestive heart failure, peripheral arterial disease, and smoking history","sex, black race, age, time difference between measurements, hypertension, diabetes, congestive heart failure, peripheral arterial disease, smoking history (4 categories)","","0.2",""
"gbae176","Eun Young Choi","2024","The Journals of Gerontology, Series B: Psychological Sciences and Social Sciences","USA","10.1093/geronb/gbae176","Cross-sectional analysis of nationally representative sample","3146.0","68.8","Neighborhood social stressors","Socioeconomic deprivation; observed disorder; perceived disorder; low social cohesion","Composite indices and binary/continuous measures from census and self-report","PCHorvath; PCHannum; PCPhenoAge; PCGrimAge; DunedinPACE","Epigenetic age acceleration residuals (PC clocks) and DunedinPACE pace of aging","Regression coefficient (B)","0.022","0.016","0.028","","0.001","Model 3: adjusted for demographics, socioeconomic factors, and health behaviors","Age, gender, race/ethnicity, PLQ interview year, years in neighborhood, marital status, household size, social network size, education, household wealth, smoking status, drinking status, obesity, physical activity","","0.022",""
"glab149","Kresovich","2021","Journals of Gerontology: Biological Sciences","USA","10.1093/gerona/glab149","prospective cohort (case-cohort sub-sample)","2316.0","55.3","Alcohol consumption","Average lifetime alcohol use (drinks/year drinking); Average recent alcohol use (drinks/week)","self-reported alcohol consumption","Hannum, Horvath, PhenoAge, GrimAge","Hannum AgeAccel, Horvath AgeAccel, PhenoAgeAccel, GrimAgeAccel","beta coefficient (years increase in GrimAgeAccel per unit increase in alcohol consumption)","0.27","0.04","0.5","","0.02","Adjusted for education level, body mass index, waist-to-hip ratio, smoking status, physical activity; mutually adjusted for lifetime and recent alcohol consumption","education level (high school/GED, attended college, advanced degree), body mass index (continuous, kg/m2), waist-to-hip ratio (continuous), smoking status (never, former, current), physical activity (continuous, METs/week)","Age acceleration calculated as residuals from regression of epigenetic age on chronological age","0.27",""
"glac019","Seligman","2022","Journals of Gerontology: Biological Sciences","USA","10.1093/gerona/glac019","prospective cohort","395.0","77.8","epigenetic age acceleration","Intrinsic epigenetic age acceleration (IEAA); Extrinsic epigenetic age acceleration (EEAA); GrimAge; PhenoAge","DNA methylation-based epigenetic clocks","IEAA, EEAA, GrimAge, PhenoAge","age acceleration residuals from regression of epigenetic age on chronological age","regression coefficient","0.001","-0.013","0.014","","0.924","adjusted for age, sex, smoking status (current and former), BMI, and baseline frailty","age, sex, smoking status (current and former), BMI, baseline frailty","","0.001",""
"glad082","Thomas","2023","Journals of Gerontology: Biological Sciences","USA","10.1093/gerona/glad082","cross-sectional","42625.0","47.0","Diet and Physical Activity","Mediterranean diet adherence (MeDi score tertiles); Leisure time physical activity (LTPA) levels","Lifestyle behaviors","PhenoAge (clinical blood chemistry-based algorithm)","PhenoAge advancement standardized (difference between biological and chronological age, standardized to mean=0, SD=1)","standardized beta coefficient (SD units of PhenoAge advancement)","-0.14","-0.18","-0.11","","0.001","Fully adjusted model (Model 5): adjusted for demographics (age, sex, race/ethnicity, total energy intake, NHANES wave), socioeconomic status (education, income-to-poverty ratio, marital status), smoking status, BMI category, and mutually adjusted for MeDi score and LTPA level","Age, sex, race/ethnicity, total energy intake, NHANES wave, education, income-to-poverty ratio, marital status, smoking status, BMI category, mutually adjusted for diet and physical activity","PhenoAge advancement standardized to mean=0 and SD=1; 1 SD corresponds to 4.6 years of PhenoAge advancement","-0.14",""
"glad118","Joshi","2024","Journals of Gerontology: Medical Sciences","Canada","10.1093/gerona/glad118","cross-sectional","1445.0","59.7","Neighborhood deprivation; depressive symptoms","Neighborhood material and/or social deprivation (high vs low); depressive symptoms score (CES-D10)","socioeconomic environment; psychological","DNAm GrimAge; DNAm PhenoAge","residuals from regression of biological age on chronological age","regression coefficient (b)","0.66","0.21","1.12","","0.05","Adjusted for sex, annual household income, number of people living in household, number of poor health behaviors, number of chronic conditions","sex, annual household income, number of people in household, number of poor health behaviors, number of chronic conditions","Noob normalization; epigenetic age acceleration calculated as residuals from regression of biological age on chronological age","0.66",""
"glad242","Zavala","2024","The Journals of Gerontology, Series A: Biological Sciences and Medical Sciences","USA","10.1093/gerona/glad242","secondary data analysis of observational cohort","142.0","47.2","Epigenetic age acceleration","Horvath 1, Horvath 2, Hannum, PhenoAge, GrimAge clocks","DNA methylation-based epigenetic clocks","Horvath 1, Horvath 2, Hannum, PhenoAge, GrimAge","Difference between epigenetic age and chronological age (age acceleration)","regression coefficient (B) for mean cognitive performance and intraindividual variability","-0.25","","","0.11","0.05","Multilevel models adjusted for chronological age, gender, education, smoking status, genetic ancestry (PC1, PC2)","Chronological age, gender, education, current smoking status, genetic ancestry (PC1, PC2)","PC-clocks software using PCA-based approach to reduce technical noise","-0.25","0.11"
"harris_2024_oi_240863_1723470391.17425","Harris","2024","JAMA Network Open","USA","10.1001/jamanetworkopen.2024.27889","cohort study","4237.0","38.4","Sociodemographic and lifestyle factors","Education (no college vs college or higher), annual income (<$25,000 vs ≥$100,000), obesity status (severe obesity vs reference range/underweight), exercise (no bouts/week vs ≥5 bouts/week), tobacco use (current smoker vs never smoker)","Categorical","Second- and third-generation epigenetic clocks (PhenoAgeAA, GrimAgeAA, DunedinPACE) and first-generation clock (Horvath1AA)","Epigenetic age acceleration (years for PhenoAgeAA, GrimAgeAA, Horvath1AA; SD units for DunedinPACE)","Beta coefficient (difference in years or SD units of biological aging)","1.7","0.68","2.72","","","Multivariable model adjusted for all sociodemographic and lifestyle characteristics and chronological age","Age, sex, race/ethnicity, immigrant generation, education, income, region, rural/urban residence, obesity status, exercise, tobacco use, alcohol use","","1.7",""
"ijerph-16-03141","Wei Zhao","2019","International Journal of Environmental Research and Public Health","USA","10.3390/ijerph16173141","community-based cohort study with cross-sectional and longitudinal analyses","1100.0","57.05","education; smoking; alcohol consumption; BMI; gender","education (less than HS, HS/GED, some college+); smoking status (never, former, current); alcohol consumption (log drinks/week); BMI (kg/m2); gender (male/female)","modifiable lifestyle and sociodemographic factors","HorvathAge (IEAA), HannumAge (EEAA), PhenoAge (PhenoAA), GrimAge (GrimAA)","intrinsic epigenetic age acceleration (IEAA), extrinsic epigenetic age acceleration (EEAA), PhenoAge acceleration (PhenoAA), GrimAge acceleration (GrimAA)","regression coefficient (beta) from linear mixed models","7.618","","","","0.001","fully adjusted model including age, gender, education, smoking, alcohol consumption, BMI, and familial relationship as random effect","age, gender, familial relationship (random effect), education, smoking, alcohol consumption, BMI","","7.618",""
"ijms-22-13457","Saptarshi","2021","International Journal of Molecular Sciences","UK","10.3390/ijms222413457","case-control","30.0","","smoking","smoking status (smoker vs non-smoker)","modifiable lifestyle factor","Horvath multi-tissue; Hannum; Skin & Blood","DNAm age minus chronological age","mean difference in EAA (years)","7.12","","","","0.0071","univariate analysis comparing smokers and non-smokers","none reported","","7.12",""
"ijms-26-01478","Choi","2025","International Journal of Molecular Sciences","United States","10.3390/ijms26041478","Cross-sectional","589.0","63.14","Environmental chemical","Serum 2,3,7,8-Tetrachlorodibenzo-p-dioxin (TCDD) levels","Serum concentration (pg/g) and lipid-adjusted serum concentration (pg/g lipid)","Horvath Age; Hannum Age; SkinBlood Age; PhenoAge; Grim Age; Grim Age2","Epigenetic age acceleration (years)","Beta coefficient (years increase in epigenetic age per unit increase in TCDD)","0.73","","","0.31","0.0258","Model 3: Adjusted for age, sex, race/ethnicity, education, family income, smoking, alcohol drinking, moderate physical activity, obesity, and comorbidities (diabetes, hypertension, dyslipidemia)","Age, sex, race/ethnicity, education, family income, smoking status, alcohol consumption, physical activity, obesity, diabetes, hypertension, dyslipidemia","Missing DNAm beta values imputed using mean DNAm beta values from Horvath reference dataset","0.73","0.31"
"JAH3-11-e022257","Xiao","2022","Journal of the American Heart Association","China","10.1161/JAHA.121.022257","cross-sectional","280.0","78.5","blood pressure","systolic blood pressure; pulse pressure","continuous (per 10 mm Hg increase)","Horvath epigenetic clock","ΔAge (residuals of DNAm age on chronological age)","regression coefficient (years increase in ΔAge per 10 mm Hg increase in BP)","0.608","0.231","0.984","","0.002","Model 4: adjusted for sex, body mass index, socioeconomic status, smoking status, drinking status, physical activity, sleep duration, hyperlipidemia, and diabetes","sex, body mass index, socioeconomic status, smoking status, drinking status, physical activity, sleep duration, hyperlipidemia, diabetes","","0.608",""
"jamapediatrics_del_toro_2024","Del Toro","2024","JAMA Pediatrics","USA","10.1001/jamapediatrics.2024.3669","longitudinal cohort study","2039.0","9.27","Discrimination","Racialized police intrusion (stop and frisk, racial slurs)","Interpersonal discrimination","Hannum; GrimAge; PhenoAge; DunedinPACE; Horvath","Epigenetic age acceleration residuals (except DunedinPACE standardized)","Regression coefficient (B)","1.54","0.36","2.18","0.49","0.001","Bayesian multilevel model adjusted for youth sex, age, family socioeconomic status at birth, youth smoking, maternal smoking, DNA methylation smoking score, BMI, pubertal development, Illumina array, saliva cell composition, and city fixed effects","Youth sex, age, family socioeconomic status at birth, youth smoking, maternal smoking, DNA methylation smoking score, BMI, pubertal development, Illumina array, saliva cell composition, city fixed effects","EAA residuals from regression on chronological age; DunedinPACE standardized","1.54","0.49"
"JCSM-16-e13873","Ammous","2025","Journal of Cachexia, Sarcopenia and Muscle","USA","10.1002/jcsm.13873","Longitudinal cohort with cross-sectional and life-course modeling analyses","3873.0","68.9","Physical activity","Self-reported moderate-to-vigorous physical activity (binary: physically active vs inactive)","Self-reported physical activity frequency","GrimAge, PhenoAge, DunedinPACE","Epigenetic age acceleration residuals for GrimAge and PhenoAge; rate of biological aging for DunedinPACE","Difference in epigenetic age acceleration (years) or rate per chronological year","-0.76","-1.09","-0.42","","0.001","Model 3: adjusted for age, gender, race/ethnicity, education, total wealth, current smoking status, BMI, mobility limitations, chronic disease diagnosis","Age, gender, race/ethnicity, educational attainment, total wealth, current smoker status, BMI, mobility index, chronic disease diagnosis, birth cohort","","-0.76",""
"KEPI_18_2218763","Theresa Andrasfay","2023","Epigenetics","United States","10.1080/15592294.2023.2218763","Observational cohort study","1251.0","62.4","Occupational characteristics and self-reported working conditions","Occupation categories (managerial/professional, sales/clerical, service, manual); self-reported working conditions (high stress, high physical effort, long working hours)","Categorical occupational categories; binary self-reported working conditions","PCHorvath, PCHannum, PCPhenoAge, PCGrimAge, DunedinPACE","Epigenetic age acceleration (years) or pace of aging (years per chronological year)","Regression coefficient (years of EAA or change in pace of aging)","0.66","","","","0.001","Fully adjusted model including age, sex, race/ethnicity, educational attainment, smoking status, alcohol consumption, physical inactivity, and BMI category","Age, sex, race/ethnicity, educational attainment, smoking status, alcohol consumption, physical inactivity, BMI category","Linear regression coefficients interpreted as years of epigenetic age acceleration or change in pace of aging","0.66",""
"KEPI_20_2541248","Liu","2025","Epigenetics","USA","10.1080/15592294.2025.2541248","cohort study","1950.0","63.73","Systemic immune-inflammation index (SII)","SII = platelet count × (neutrophil count / lymphocyte count), scaled per 50 units","continuous","Horvath, Hannum, Skin & Blood, PhenoAge, GrimAge2, DunedinPoAm","HorvathAccel, HannumAccel, Skin&BloodAccel, PhenoAgeAccel, GrimAge2Accel, DunedinPoAm","beta coefficient (linear regression)","0.213","0.155","0.27","","0.0001","Model 3: adjusted for age, gender, race, marital status, education level, poverty-to-income ratio, smoking status, alcohol consumption, BMI, history of diabetes, hypertension, and cancer","age, gender, race, marital status, education level, poverty-to-income ratio, smoking status, alcohol consumption, BMI, history of diabetes, hypertension, cancer","residual method for EAA calculation","0.213",""
"kwaa251","Kresovich","2021","American Journal of Epidemiology","United States","10.1093/aje/kwaa251","cross-sectional","2758.0","57.0","body composition; physical activity","body mass index (BMI); waist-to-hip ratio (WtH); waist circumference (WC); recreational physical activity (hours/week)","continuous and categorical","Hannum; Horvath; PhenoAge; GrimAge","PhenoAge age acceleration; GrimAge age acceleration; EEAA; IEAA; Hannum age acceleration; Horvath age acceleration","beta coefficient (years of epigenetic age acceleration)","3.15","2.41","3.9","","0.001","adjusted for educational level, smoking status, current alcohol consumption, menopausal status, and recreational physical activity (hours/week)","education, smoking status, alcohol intake, menopausal status, physical activity (for body composition models); BMI (for physical activity models)","epigenetic age acceleration calculated as residuals from linear regression of epigenetic age on chronological age","3.15",""
"lawrence_2020_oi_200797_1603750396.37164","Lawrence","2020","JAMA Network Open","USA","10.1001/jamanetworkopen.2020.24329","cross-sectional","2630.0","56.9","Neighborhood deprivation","Area Deprivation Index (ADI) US percentile levels (quartiles)","Neighborhood socioeconomic status","Hannum; PhenoAge; GrimAge; Horvath","Epigenetic age acceleration residuals (z scores) from regressing chronologic age on epigenetic age","beta coefficient","0.23","0.01","0.45","","0.04","Weighted for case-cohort sampling scheme, unadjusted","None (unadjusted weighted model); adjusted models included smoking status, environmental tobacco smoke, alcohol use, BMI, income, educational level","Epigenetic age acceleration calculated as residuals from regressing chronologic age on epigenetic age; transformed to z scores","0.23",""
"Felt_2023_Neurobiology_of_Stress","John M. Felt","2023","Neurobiology of Stress","United States; Germany","10.1016/j.ynstr.2023.100577","prospective cohort and community cohort","399.0","36.15","early life adversity; psychiatric disorders","child sexual abuse (FGDS); psychiatric disorder status (BeCOME)","binary (CSA vs non-CSA in FGDS); psychiatric diagnosis status in BeCOME","Horvath; Hannum; GrimAge; PhenoAge; DunedinPoAm","residualized epigenetic age acceleration (age-adjusted residuals); DunedinPoAm pace of aging","standardized beta coefficient","-0.211","","","","0.012","adjusted for ancestry (3 genotype PCs), cell-type counts (for GrimAge, PhenoAge, DunedinPoAm), gender and psychiatric burden (BeCOME)","ancestry PCs, cell-type proportions, gender (BeCOME), psychiatric burden (BeCOME)","","-0.211",""
"maunakea_2024_oi_240700_1721335443.30516","Maunakea","2024","JAMA Network Open","USA","10.1001/jamanetworkopen.2024.21889","cohort study, cross-sectional analysis","376.0","57.81","Neighborhood socioeconomic status; Educational level; Physical activity; Diet quality; Body mass index","NSES (low vs high); Educational level (years completed); Moderate to vigorous physical activity (hours/week); Healthy Eating Index (HEI) score; BMI","Sociobehavioral and socioeconomic factors","Dunedin Pace of Aging Calculated From the Epigenome (DunedinPACE)","DunedinPACE score","beta coefficient","-0.005","-0.013","0.002","","0.03","Linear regression controlling for age, sex, HEI, BMI, and NSES","Age, sex, Healthy Eating Index, body mass index, neighborhood socioeconomic status","","-0.005",""
"White_2019_EnvironInt","White","2019","Environment International","USA","10.1016/j.envint.2019.105071","cross-sectional analysis within a prospective cohort","2747.0","57.0","Air pollution","PM2.5, PM10, NO2; PM2.5 component clusters","Residential outdoor air pollution annual average concentrations","Levine, Hannum, Horvath","Residuals of DNAm age regressed on chronological age (age acceleration)","beta coefficient per IQR increase in pollutant","-0.24","-0.47","-0.02","","0.03","Adjusted for future breast cancer case status, education, smoking status, hormone therapy use","Future breast cancer case status, education (3 levels), smoking status (current, former, never), hormone therapy use (ever, never)","Age acceleration calculated as residuals from regression of DNAm age on chronological age; M-values used for methylation; PM2.5 component clusters assigned by predictive k-means clustering","-0.24",""
"nihms-1649768","Simons","2021","Soc Sci Med","USA","10.1016/j.socscimed.2020.113169","longitudinal observational","506.0","48.47","social adversity and health risk behaviors","education; income; neighborhood disadvantage; racial discrimination; cumulative social disadvantage; alcohol consumption; exercise; diet","socioeconomic and psychosocial factors; health behaviors","GrimAge","residuals of GrimAge regressed on chronological age","standardized beta coefficients","-0.17","","","","0.001","adjusted for gender, marital status, and other social disadvantage variables; cluster-robust standard errors to account for non-independence of married couples","gender, marital status, other social disadvantage variables, health risk behaviors","","-0.17",""
"nihms-1695982","Stephenson","2021","Alcohol Clin Exp Res","Finland","10.1111/acer.14528","Population-based cohort with co-twin comparison design","1004.0","23.0","Alcohol consumption","Drinks per week","Continuous","GrimAge","AgeAccelGrim","Regression coefficient (beta)","0.053","","","0.009","0.001","Linear mixed effects model adjusted for age, sex, BMI, smoking status, white blood cell composition; random effects for zygosity and twin pair identifier","Age, sex, BMI, smoking status, white blood cell composition","","0.053","0.009"
"nihms-1818162","Lima","2022","European Neuropsychopharmacology","USA","10.1016/j.euroneuro.2022.06.007","cross-sectional","203.0","36.6","smoking; blood cell proportions; cognitive function","current smoking status; blood cell counts (CD4+ T-lymphocytes, monocytes, B-cells, granulocytes); cognitive measures (short-term affective memory, short-term non-affective memory, inhibition, problem solving); age at onset of mood disorder and bipolar disorder","behavioral (smoking), biological (blood cell proportions), clinical (cognitive function, age at diagnosis)","DNAm GrimAge","AgeAccelGrim","beta coefficient (log-transformed AgeAccelGrim, exponentiated for % change)","0.197","","","","0.009","unadjusted for blood cell counts","none in main model; blood cell counts (CD8T, CD4T, NK, Bcell, Mono, Gran) adjusted in secondary models","log-transformation of AgeAccelGrim with exponentiation of coefficients","0.197",""
"nihms-1818253","Liu","2022","Depress Anxiety","USA","10.1002/da.23279","Co-twin control study (longitudinal with baseline and follow-up)","291.0","56.0","Depression","Beck Depression Inventory II (BDI-II) total score","Continuous","HannumAA; EEAA; PhenoAA","DNA methylation age acceleration residuals","Difference in years of epigenetic age acceleration per 10-unit increase in BDI-II score","0.73","0.13","1.33","","0.019","Model 4 (adjusted for zygosity, smoking, coronary heart disease, BMI, alcohol drinks per week, physical activity, PTSD)","Zygosity, current smoking, coronary heart disease history, BMI, number of alcoholic drinks per week, Baecke physical activity score, PTSD","Within-pair difference linear mixed effect models with random intercepts by twin pair and zygosity","0.73",""
"nihms-1861888","Ong","2022","J Aging Health","USA","10.1177/08982643211043668","observational, cross-sectional with hierarchical regression analysis","477.0","58.47","Childhood instability; Adult financial hardship; Smoking","Childhood instability (parental divorce, multiple moves, multiple elementary schools); Adult financial hardship (income, difficulty paying bills, money left at month end); Smoking (cigarettes per day)","socio-environmental and lifestyle factors","GrimAge; DunedinPoAm","Residuals of GrimAge regressed on chronological age (years); DunedinPoAm pace of aging (years of physiological decline per calendar year)","standardized beta coefficient","0.13","","","","0.001","Adjusted for age, gender, education, marital status, cell-type distribution; cluster-robust standard errors to account for couples","Age, gender, education, marital status, cell-type distribution","","0.13",""
"nihms-1900975","Khodasevich","2023","Environmental Research","USA","10.1016/j.envres.2023.116067","prospective cohort","385.0","","prenatal phthalate exposure","prenatal urinary concentrations of 11 phthalate metabolites including DEHP summary measure, MBP, MEP, MiBP, MBzP, MCNP, MCPP","chemical (endocrine-disrupting chemicals)","Bohlin's gestational age clock at birth; Horvath's pan-tissue clock for childhood","Gestational Age Acceleration (GAA) at birth; Intrinsic Epigenetic Age Acceleration (IEAA) at ages 7, 9, 14","beta coefficient (linear regression)","-0.58","-1.02","-0.13","","0.05","adjusted linear regression including maternal poverty category, parity, maternal age, maternal smoking, maternal BMI; sex-stratified models for significant phthalate*sex interactions","maternal poverty category, parity, maternal age, maternal smoking, maternal BMI, child sex (in unstratified models), cell proportions for GAA","SG-adjusted urinary phthalate concentrations; molar sums for DEHP metabolites","-0.58",""
"Hamlat_2022","Elissa J. Hamlat","2022","Psychoneuroendocrinology","USA","10.1016/j.psyneuen.2022.105748","longitudinal cohort study","361.0","39.3","Subjective social status (SSS); Objective socioeconomic status (education, income)","Subjective social status (MacArthur Scale of Subjective Social Status, national level); current education; current income; parents' education; childhood income","self-reported subjective social status and objective SES indicators","DNAm GrimAge","AgeAccelerationResidual (residual of DNAm GrimAge regressed on chronological age)","regression coefficient (b)","-0.31","","","","0.003","Adjusted for current education, current income, parents' education, childhood income, smoking status, cell type counts, race","current education, current income, parents' education, childhood income, smoking status, cell type counts (naïve CD8+ T, exhausted cytotoxic CD8+ T, granulocytes, natural killer, CD4+ T), race","BMIQ normalization for methylation data","-0.31",""
"nihms-1915286","Batel Blechter","2023","Environmental International","China","10.1016/j.envint.2023.108041","Observational cohort study with repeated measurements","106.0","56.3","Household air pollution (HAP) from solid fuel combustion","PAH clusters (PAH31, PAH33, PAH36), 5-methylchrysene (5-MC), smoky coal use","Current, childhood, cumulative","GrimAge","Epigenetic age acceleration (residuals of GrimAge regressed on chronological age)","Beta coefficient (years increase in GrimAge EAA per SD increase in exposure)","0.77","0.36","1.19","","0.0003","Adjusted for chronological age, county (Xuanwei or Fuyuan), BMI, education, socioeconomic status","Chronological age, county, BMI, education, socioeconomic status; sensitivity analyses adjusted for season and environmental tobacco smoke exposure","EAA calculated as residuals from regressing epigenetic clock age on chronological age","0.77",""
"nihms-1917174","Sumner","2023","Psychoneuroendocrinology","USA","10.1016/j.psyneuen.2023.106058","longitudinal","171.0","12.5","Stressful Life Events","Objective SLE impact score (sum of severity ratings of past-year stressful life events)","psychosocial stress","Horvath epigenetic clock","rate of change in epigenetic age per calendar year","standardized beta","0.21","0.0","0.08","","0.043","Adjusted for baseline chronological age, sex, race/ethnicity, average family income-to-needs ratio","baseline chronological age, sex, race/ethnicity, average family income-to-needs ratio; sensitivity analyses additionally adjusted for lifetime threat-related early life adversity and epithelial (buccal) cell proportions","Rate of change calculated as (follow-up epigenetic age - baseline epigenetic age) / time between assessments in years","0.04",""
"nihms-1937864","Wenli Ni","2023","Environment International","Germany","10.1016/j.envint.2023.108109","longitudinal population-based cohort","2617.0","59.8","Air temperature","4-week and 8-week moving average air temperature; annual average air temperature","Medium- and long-term exposure","HorvathAA; HannumAA; PhenoAA; GrimAA; SkinBloodAA","Epigenetic age acceleration (difference between epigenetic age and chronological age)","Change in epigenetic age acceleration (years)","2.24","1.95","2.53","","0.001","Adjusted for chronological age, sex, education, BMI, alcohol consumption, smoking status, physical activity, season of blood draw, estimated cell types, chip, day of week, time trend, relative humidity; additionally adjusted for air pollutants in sensitivity analyses","chronological age, sex, education, BMI, alcohol consumption, smoking status, physical activity, season, estimated cell types (monocytes, B Cells, CD4 T cells, CD8 T cells, natural killer cells), chip, day of week, time trend, relative humidity","Epigenetic age acceleration calculated as difference between epigenetic age and chronological age using DNA methylation data processed by New DNA Methylation Age Calculator","2.24",""
"nihms-1940244","Laubach","2024","Annals of Epidemiology","USA","10.1016/j.annepidem.2023.10.003","prospective cohort","205.0","29.8","maternal social experiences","maternal experiences of racial bias or discrimination (EOD score categorized as none=0, moderate=1–2, high=3+)","psychosocial","Horvath’s Pan-Tissue clock; Horvath’s Skin & Blood clock; Intrinsic Epigenetic Age Acceleration (IEAA) clock","epigenetic age acceleration (residuals of epigenetic age regressed on chronological age)","mean difference in years of EAA","-0.69","-1.23","-0.13","","0.1","Model 1: adjusted for maternal prenatal smoking and child sex","maternal prenatal smoking, child sex; Model 2 additionally adjusted for EAA at birth","","-0.69",""
"nihms-1943037","Koenigsberg","2023","Environment International","USA","10.1016/j.envint.2023.108270","cross-sectional analysis within a prospective cohort","4126.0","","Air pollution","PM2.5, PM10, NO2","annual average outdoor residential exposure","DunedinPACE; GrimAgeAccel; PhenoAgeAccel; Horvath IEAA; Hannum EEAA; Skin & Blood EAA","GrimAgeAccel and DunedinPACE (primary); PhenoAgeAccel (primary); Horvath IEAA, Hannum EEAA, SBEAA (secondary)","beta coefficient (years or unit change in epigenetic age acceleration)","1.09","0.16","2.03","","0.05","sampling-weighted multivariable linear regression adjusted for DNA methylation array, chronological age, race/ethnicity, education, BMI, physical activity, smoking status, pack-years, region, area deprivation index","DNA methylation array (450K, EPIC), chronological age, race/ethnicity (Black, NHW), education level, BMI, physical activity, smoking status, cigarette pack-years, US Census region, neighborhood socioeconomic deprivation (ADI)","","1.09",""
"Skinner_2024_JAGS","Skinner","2024","J Am Geriatr Soc","USA","10.1111/jgs.18726","Cohort study (Women’s Health Initiative ancillary studies)","3988.0","","Psychosocial stress","Stressful life events (SLEs) burden over past year (dichotomized low 0-2 vs high 3-33)","Self-reported questionnaire","GrimAge; DNAmTL","Epigenetic age acceleration (GrimAge acceleration and DNAmTL)","Regression coefficient (β)","0.34","0.08","0.59","","0.01","Adjusted for chronological age, income, education level, marriage status, BMI, genetic ancestry principal components, DNAm-estimated blood cell proportions; GrimAge model not adjusted for smoking","Income, education level, marriage status, BMI, genetic ancestry principal components, DNAm-estimated blood cell proportions","Fixed effects inverse-variance weighted meta-analysis across WHI ancillary studies and race/ethnicity strata","0.34",""
"Suglia_2024","Suglia","2024","Psychosomatic Medicine","USA","10.1097/PSY.0000000000001284","prospective cohort","359.0","50.0","psychosocial stressors","total life stress; childhood stress; adulthood stress (economic, traumatic, relational, discrimination)","cumulative life course stress","GrimAge; DunedinPACE; Skin & Blood; Horvath; Hannum; PhenoAge","age acceleration residuals (GrimAge, DunedinPACE, Skin & Blood)","beta coefficient","0.488","","","0.156","0.002","adjusted for sex, race, smoking status","sex, race, smoking status, cell composition (sensitivity analyses), batch effects (sensitivity analyses)","standardized stress scores (mean=0, SD=1); epigenetic age acceleration residuals from regressing chronological age on epigenetic age","0.488","0.156"
"nihms-1971594","Thomas","2024","Ann Neurol","USA","10.1002/ana.26900","prospective cohort","1644.0","69.6","diet","MIND diet score (average over 4 visits spanning 1991-2008)","long-term dietary adherence","DunedinPACE epigenetic clock","standardized DunedinPACE (mean=0, SD=1)","absolute difference in dementia cases per 10,000 person-years","-33.6","-55.6","-11.7","","0.05","adjusted for age, sex, total energy intake, DNA methylation processing facility","age, sex, total energy intake, DNA methylation processing facility; sensitivity analyses additionally adjusted for education, marital status, APOEε4 status, physical activity, BMI, smoking status, cardiovascular disease, diabetes, blood cell composition","","-33.6",""
"nihms-1999636","Banker","2024","Med Sci Sports Exerc","Mexico","10.1249/MSS.0000000000003498","cross-sectional","472.0","14.5","Sleep and physical activity behavior clusters","Clusters: Short sleep/high sedentary; Adequate sleep duration and late timing/low MVPA; Adequate sleep duration/high MVPA (reference)","behavioral cluster","GrimAge; Wu pediatric clock; Age Acceleration Residual; IEAA","epigenetic age acceleration residuals","beta coefficient","0.63","0.07","1.19","","0.0167","Adjusted for cell types, sex, maternal education, socioeconomic status, pubertal status, BMI z-score","cell types (naïve CD8 T cells, CD4+ T cells, granulocytes), sex, maternal education, socioeconomic status, pubertal status, BMI z-score","Epigenetic age residuals calculated by regressing epigenetic age clocks on chronological age; DNA methylation measured by Infinium MethylationEPIC array; epigenetic clocks calculated using New Methylation Age Calculator and methylclock R package","0.63",""
"nihms-2000413","Markon","2024","Soc Sci Med","United States","10.1016/j.socscimed.2024.116990","Longitudinal observational cohort study","1310.0","51.03","Socioeconomic status and psychosocial stress","Education, mean household income, net assets, general social stress, inequality stress, financial stress, discrimination stress","Objective (education, income, assets) and subjective (social stress subtypes)","Horvath, Hannum, PhenoAge, GrimAge Version 2, DunedinPACE","Two factor scores derived from epigenetic clocks: State-Predictive and Decline-Predictive","Standardized beta coefficient","-0.121","","","","0.001","Adjusted for chronological age, age squared, gender, tobacco use frequency and amount, alcohol use frequency and amount, BMI, sleep quality, cognitive status, methylation assay well plate, race; income variance models additionally controlled for mean income; twin pair ID clustering accounted for","Chronological age, age squared, gender, tobacco use, alcohol use, BMI, sleep quality, cognitive status, methylation assay well plate, race, polygenic index for educational attainment (in sensitivity analysis)","Epigenetic age acceleration factor scores derived from exploratory factor analysis of multiple epigenetic clocks","-0.121",""
"nihms-2084935","Kurbanov","2025","Am J Physiol Lung Cell Mol Physiol","Belgium","10.1152/ajplung.00171.2024","cross-sectional","16.0","70.0","Idiopathic Pulmonary Fibrosis severity","IPF disease status and severity groups (IPF1 early-stage, IPF2 progressive, IPF3 advanced fibrosis)","disease severity","Horvath, Hannum, PhenoAge, GrimAge, GrimAge2, AltumAge, DunedinPACE","epigenetic age acceleration residuals from regression on chronological age","mean difference in epigenetic age acceleration (years) or estimate difference (DunedinPACE)","4.1","","","2","0.03","linear mixed-effects model with disease state or severity group as fixed effect and random intercepts for subject","technical and biological factors correlated with principal components; smoking status included but limited; sex restricted to males","","4.1","2.0"
"nihms858985","Nwanaji-Enwerem","2017","Environmental International","USA","10.1016/j.envint.2016.12.024","longitudinal cohort","552.0","74.7","Air pollution","PM2.5 component species (sulfate, ammonium, organic carbon, nitrate, elemental carbon)","1-year average ambient exposure","Horvath and Hannum DNA methylation age clocks","Horvath DNAm-age","beta coefficient (years increase in DNAm-age per IQR increase in exposure)","0.51","0.28","0.74","","0.0001","Fully adjusted multiple-species linear mixed effects model with adaptive LASSO selection, adjusted for chronological age, blood cell types, temperature, smoking, season, BMI, alcohol intake, education, and PM2.5 mass","chronological age, plasma cells, CD4+ lymphocytes, CD8+ lymphocytes, natural killer cells, monocytes, granulocytes, average 1-year temperature, cumulative cigarette pack years, smoking status (current/former/never), season of visit, BMI category (lean/overweight/obese), alcohol intake (yes/no ≥2 drinks daily), maximum years of education, PM2.5 mass","Horvath online calculator for DNAm-age; adaptive LASSO for species selection","0.51",""
"nihpp-2024.08.21.24312373v2","Angelico Mendy","2024","medRxiv","USA","10.1101/2024.08.21.24312373","prospective cohort","2105.0","63.96","epigenetic age acceleration and pace of aging","EAA from Horvath, Hannum, SkinBlood, Pheno, Zhang, Lin, Weidner, Vidal-Bralo, GrimAge2 clocks; DunedinPoAm pace of aging","biological age acceleration measured by DNA methylation clocks","Horvath; Hannum; SkinBlood; Pheno; Zhang; Lin; Weidner; Vidal-Bralo; GrimAge2; DunedinPoAm","residuals of epigenetic age regressed on chronological age (per 5-year increase for EAA; per 10% increase for DunedinPoAm)","hazard ratio","1.5","1.32","1.71","","0.0001","adjusted for chronological age, poverty income ratio, pack-years of cigarette smoking, white blood cell composition (continuous); gender, race/ethnicity, smoking status, BMI, physical activity, asthma, diabetes, hypertension (categorical)","chronological age, PIR, pack-years smoking, WBC composition, gender, race/ethnicity, smoking status, BMI, physical activity, asthma, diabetes, hypertension","EAA calculated as residuals from regression of epigenetic age on chronological age","0.4055",""
"nutrients-17-01409","Von Holle","2025","Nutrients","USA","10.3390/nu17091409","cross-sectional analysis within a prospective cohort","1260.0","56.0","body iron status","serum ferritin; serum iron; transferrin saturation","serum biomarkers","DNA methylation-based epigenetic clocks (GrimAgeAccel, PhenoAgeAccel, DunedinPACE)","epigenetic age acceleration residuals for GrimAge and PhenoAge; DunedinPACE biomarker","standardized regression coefficient","0.06","0.01","0.11","","0.001","adjusted for smoking status, educational attainment, alcohol use, body mass index, time since menopause, menopausal status, Healthy Eating Index (HEI-2015) Total Score, and physical activity","smoking status (current, former, never); education (high school or less, some college/associate, bachelor's, graduate); alcohol use (former/never, current); BMI (continuous); time since menopause (continuous, interaction with menopausal status); menopausal status (yes/no); HEI-2015 Total Score; hours of physical activity per week","standardization of exposures and outcomes (mean=0, SD=1)","0.06",""
"pnas.202215840","Jessica D. Faul","2023","PNAS","USA","10.1073/pnas.2215840120","population-based panel study","3581.0","68.25","Epigenetic age acceleration","Horvath, Hannum, PhenoAge, GrimAge, DunedinPACE clocks (original and PC-trained)","DNA methylation-based epigenetic clocks","Horvath (2013), Hannum (2013), PhenoAge (2018), GrimAge (2019), DunedinPACE (2022)","Age acceleration residuals (clock value regressed on chronological age); DunedinPACE pace of aging","Regression coefficient or Odds Ratio (OR) for 4-year mortality","1.179","1.131","1.23","","0.001","Adjusted for demographics, SES, health behaviors, and cell-type proportions","Age, sex, race/ethnicity, education, health behaviors (obesity, smoking, heavy drinking), depression, childhood SES, cell-type proportions","PC-trained clocks derived by principal component analysis to reduce technical noise","0.164","0.032"
"s41043-026-01255-4","Chapnick","2026","J Health Popul Nutr","Guatemala","10.1186/s41043-026-01255-4","cross-sectional","1095.0","45.0","cardiometabolic conditions","obesity, diabetes, hypertension, metabolic syndrome","disease status","DunedinPACE; PhenoAge; GrimAge","residuals from regressing epigenetic age on chronological age; DunedinPACE values","beta coefficient","0.09","0.07","0.1","","","adjusted for sex, birth year, sibship clustering","sex, birth year, sibship clustering","","0.09",""
"sciadv.adl3747","Cui","2024","Science Advances","United Kingdom","10.1126/sciadv.adl3747","population-based cohort study","276259.0","56.38","early-life tobacco exposure","in utero tobacco exposure; age of smoking initiation","self-reported tobacco exposure","Klemera-Doubal biological age (KDM-BA); PhenoAge; telomere length","KDM-BA acceleration; PhenoAge acceleration; telomere length percent change","beta coefficient (years for KDM-BA and PhenoAge acceleration; percent change for telomere length)","0.26","0.24","0.29","","0.001","Model 2 adjusted for age at recruitment, sex, ethnicity, and birthplace","age at recruitment, sex, ethnicity, birthplace","","0.26",""
"1-s2.0-S001393512502537X","Yueli Yao","2026","Environmental Research","Germany","10.1016/j.envres.2025.123284","longitudinal cohort","1646.0","53.9","air pollution","PM2.5; PM10; PNC; PMcoarse; PM2.5abs; NO2; NOx; O3","long-term annual average concentrations estimated by land-use regression models","DNAmHorvathAge; DNAmHannumAge; DNAmPhenoAge; DNAmGrimAge; DNAmSkinBloodAge; DNAmTL","age acceleration (difference between epigenetic clock age and chronological age) for all clocks except DNAmTL (native scale, percent change)","absolute change in epigenetic age acceleration per IQR increase in air pollutant concentration","0.12","0.05","0.19","","0.001","full model including age, sex, estimated Houseman cell types, visit indicator, smoking status, alcohol consumption, physical activity, educational attainment, BMI, hypertension, diabetes, HDL, LDL","age, sex, white blood cell proportions (monocytes, natural killer cells, CD4+ T cells, CD8+ T cells, B cells), visit, smoking status, alcohol consumption, physical activity, education, BMI, hypertension, diabetes, HDL, LDL","epigenetic clocks calculated by Horvath's online calculator with imputation for missing CpGs","0.12",""
"1-s2.0-S0013935125025368","Cristy Stagnar","2026","Environmental Research","UK","10.1016/j.envres.2025.123283","case-control","231.0","","paternal smoking","father smoking status (smoking vs non-smoking), predominantly adolescent-onset smoking (<35 years, mostly puberty onset 10-19 years)","behavioral/lifestyle","Bohlin gestational age clock; Horvath clock; Intrinsic Epigenetic Age Acceleration (IEAA); DNAm-based telomere length estimator (DNAmTL)","Intrinsic Epigenetic Age Acceleration (IEAA) residuals","odds ratio","2.4","1.16","4.99","","0.016","Age restricted sample (fathers ≤35 years), no cell-type adjustment for methylation data; no socioeconomic status adjustment; sex stratification performed","sex stratification; paternal age ≤35 years; maternal non-smoking status; no adjustment for socioeconomic status","Age acceleration residuals from linear regression of epigenetic age on gestational or chronological age; DNAmAge and telomere length residuals calculated using Clock Foundation calculators","0.8755",""
"1-s2.0-S0013935125026246","Zuo","2026","Environmental Research","Netherlands","10.1016/j.envres.2025.123371","cross-sectional","1622.0","46.0","occupational pesticide exposure","general pesticides; herbicides; insecticides; fungicides","occupational exposure assessed by ALOHA+ job exposure matrix","Horvath; Hannum; Skin & Blood; PhenoAge; GrimAge; DunedinPACE; DNAmTL","epigenetic age acceleration residuals from regression on chronological age","beta coefficient (years of age acceleration)","1.15","0.18","2.11","","0.05","adjusted for age, sex, education, income, smoking status, co-exposure to dusts and solvents; inverse probability weighting applied","age, sex, education level, income, smoking status, co-exposure to dusts and solvents","ISCO-08 to ISCO-88 codes; ALOHA+ job exposure matrix","1.15",""
"1-s2.0-S0013935125028853","Jilong Bai","2026","Environmental Research","UK","10.1016/j.envres.2025.123632","prospective cohort","343723.0","56.57","residential environment","green space; blue space; natural environment","percentage coverage within 300 m and 1000 m buffers","Phenotypic Age (PhenoAge)","PhenoAge acceleration (residual of PhenoAge regressed on chronological age)","hazard ratio","0.79","0.74","0.85","","0.001","Model B: adjusted for age, sex, ethnicity, education, Townsend Deprivation Index, residential area, BMI, smoking status, alcohol consumption, sedentary time, healthy diet","age, sex, ethnicity, education, Townsend Deprivation Index, residential area, BMI, smoking status, alcohol consumption, sedentary time, healthy diet","","-0.235722",""
"1-s2.0-S027249442500372X","Corley","2026","Journal of Environmental Psychology","Scotland, UK","10.1016/j.jenvp.2025.102889","Longitudinal birth cohort","475.0","79.06","Gardening","Gardening frequency (never/rarely, sometimes, frequently)","Self-reported leisure activity frequency","","Telomere length; DNA methylation-based PhenoAge","Standardized beta coefficient; Hazard ratio","0.142","0.045","0.239","0.049","0.004","Multivariable model adjusted for age, sex, education, occupational social class, living alone, BMI, smoking, cardiovascular disease, stroke, cancer, neighbourhood quality","Age, sex, education, occupational social class, living alone, BMI, smoking status, cardiovascular disease, stroke, cancer, neighbourhood quality, physical activity (in sensitivity analyses)","","0.142","0.049"
"1-s2.0-S0147651325019074","Hua Fang","2026","Ecotoxicology and Environmental Safety","USA","10.1016/j.ecoenv.2025.119562","cross-sectional","3577.0","","environmental toxicants","nicotine metabolites; metals; polyaromatic hydrocarbons (PAHs); perchlorate/nitrate/thiocyanate (P.N.T); volatile organic compound metabolites (VOCs); other compounds","biomarkers of environmental toxicants (urine and blood measurements)","phenotypic age acceleration","phenotypic age acceleration (phenotypic age minus chronological age)","adjusted odds ratio","2.16","1.35","3.45","","0.05","adjusted for age, gender, race, family income-to-poverty ratio, education level, BMI, alcohol consumption, eGFR, survey month, survey cycle","age, gender (male/female), race (Non-Hispanic White/Non-Hispanic Black/Other), family income-to-poverty ratio (quartiles), education level (<High School/High School/>High School), BMI, alcohol consumption (Never/Former/Current), eGFR, survey month, survey cycle","natural logarithmic transformation for toxicants with detection rates ≥70%; dichotomization for others; urine creatinine adjustment for urine samples; hemoglobin adjustment for hemoglobin adducts","0.77",""
"1-s2.0-S0167494325003152","Jian Xu","2026","Archives of Gerontology and Geriatrics","USA","10.1016/j.archger.2025.106058","Cross-sectional analysis of NHANES 2015-2016 data with interpretable machine learning","1693.0","","Environmental chemical mixtures","Blood toluene (B_TOL); urinary benzene metabolite (U_DHB); urinary benzophenone-3 (U_BP3); urinary 1,4-Dichlorobenzene (U_14D); urinary total arsenic (U_tAs); urinary 1-Hydroxynaphthalene (U_1-OH–NAP); urinary Dimethylthiophosphate (U_DMTP)","Chemical biomarker concentrations (blood and urine), log-transformed and creatinine-corrected","Klemera-Doubal Method Biological Age (KDM-BA); PhenoAge","Residuals from linear regression of biological age on chronological age (KDM-BA-Accel and PhenoAge-Accel)","Machine learning model variable importance and interaction effects; linear regression interaction term for diabetes and blood toluene","-2.08","-3.48","-0.68","","0.004","Multivariate linear regression adjusted for age, gender, race/ethnicity, poverty-to-income ratio, education, marital status, smoking status, drinking status, BMI, total energy intake, physical activity, hypertension, diabetes","Age, gender, race/ethnicity, poverty-to-income ratio, education level, marital status, smoking status, drinking status, BMI, total energy intake, physical activity, hypertension, diabetes","Winsorizing biological age metrics at 1st and 99th percentiles; log-transformation of chemical concentrations; creatinine correction for urinary chemicals; multiple imputation for missing covariates","-2.08",""
"1-s2.0-S0168822725010204","Gou","2026","Diabetes Research and Clinical Practice","USA","10.1016/j.diabres.2025.113005","cross-sectional","8354.0","45.86","Urological age (UA); Urological age acceleration (UAA)","UA and UAA as continuous and categorical variables","biological age acceleration markers derived from urinary biomarkers","Urological age (UA) calculated by Klemera-Doubal (KD) method","Urological age acceleration (UAA) = UA - chronological age","Odds Ratio (OR) for MetS-ATP per unit increase in UA and UAA","1.035","1.03","1.04","","0.001","Model 4: Adjusted for Age, Ethnic/race, Marital status, Family income to poverty ratio, Alcohol consumption, Smoking status, Physical activity, Depression","Age, Ethnic/race, Marital status, Family income to poverty ratio, Alcohol consumption, Smoking status, Physical activity, Depression","Klemera-Doubal (KD) method for UA calculation; UAA calculated as UA minus chronological age","0.03466",""
"1-s2.0-S0306453025004111","Chan","2026","Psychoneuroendocrinology","Canada","10.1016/j.psyneuen.2025.107688","community-based cohort","529.0","7.26","biological sex; cotinine concentration; socioeconomic status","biological sex; salivary cotinine concentration; income-to-needs ratio (SES)","biological; biomarker of tobacco smoke exposure; social","Pediatric Buccal (PedBE); Horvath Skin-Blood","Epigenetic Age Acceleration (EAA) calculated with and without cell type adjustment","difference in beta value (Δβ) from EWAS; association coefficients from regression models","","","","","","Models adjusted for age at sample collection, first three genetic principal components, and cell type proportion principal components (from child reference panel)","Age, genetic PCs 1-3, cell type PCs (from child reference panel)","Cell type proportions estimated using child saliva reference panel (Middleton et al., 2022) via EpiDISH; epigenetic age calculated using PedBE and Horvath Skin-Blood clocks","",""
"1-s2.0-S0306453025004275","Rodrigues","2026","Psychoneuroendocrinology","United States","10.1016/j.psyneuen.2025.107704","Observational, cross-sectional analysis of biomarker data from MIDUS cohort","726.0","50.4","Aging anxiety","Declining health anxiety; cumulative aging anxiety","Psychosocial stressor (aging anxiety domains)","GrimAge2; DunedinPACE","Standardized z-scores of epigenetic age acceleration","Standardized beta coefficient (SD change in epigenetic age acceleration per SD increase in anxiety)","0.07","0.01","0.13","","0.05","Model 2: adjusted for sociodemographic factors and chronic health conditions","Age, race/ethnicity, educational attainment, annual household income, marital status, menopausal status, number of chronic health conditions","Noob background correction and normalization of methylation data; z-score standardization of epigenetic age measures","0.07",""
"1-s2.0-S0531556525003468","Hye-Young Park","2026","Experimental Gerontology","South Korea","10.1016/j.exger.2025.113017","Longitudinal cohort study","1452.0","59.7","Metabolic syndrome severity","MetS severity score (0-5 based on diagnostic criteria count)","Continuous","PhenoAge, GrimAge2, DunedinPACE","Epigenetic age acceleration residuals for PhenoAge (PhenoAA), GrimAge2 (Grim2AA), and DunedinPACE (% pace of aging)","Beta coefficient","0.25","0.04","0.47","","0.0214","Adjusted for chronological age, sex, education, smoking status, drinking status, physical activity, BMI, income","Chronological age, sex, education, smoking status, drinking status, physical activity, BMI, income","PhenoAge and GrimAge2 calculated using online age calculator; DunedinPACE calculated using R package DunedinPACE and converted as (DunedinPACE - 1) × 100","0.25",""
"1-s2.0-S0955286325003183","Kawamura","2026","Journal of Nutritional Biochemistry","Japan; Brazil","10.1016/j.jnutbio.2025.110156","Review","","","Nutrients and dietary patterns","Various nutrients (vitamins B2, B6, B9, B12, C, D, E, K; folate; minerals like magnesium, zinc, copper; antioxidants like β-carotene; polyphenols; α-ketoglutarate) and dietary patterns (DASH, HEI, aHEI, aMED, Mediterranean, MIND, low-fat, low-carbohydrate)","Dietary intake and supplementation","Horvath, Hannum, PhenoAge, GrimAge, DunedinPACE, 7-CpG clock, Skin & Blood clock, Bohlin’s clock, InflammAge clock, DNAmTL, TruAge, GrimAge2, DunedinPoAm","Epigenetic age acceleration (EAA) measured by difference or residuals of epigenetic age minus chronological age","Association","","","","","","Varies by study; generally adjusted for age, sex, BMI, lifestyle factors, genetic background, and other covariates","Age, sex, BMI, genetic background (e.g., MTHFR genotype), lifestyle factors, baseline nutritional status","","",""
"1-s2.0-S1279770725002805","Yonghao Li","2026","The Journal of Nutrition, Health and Aging","United Kingdom","10.1016/j.jnha.2025.100755","prospective cohort study","196473.0","","dietary patterns","DASH, MEDAS, MIND dietary pattern adherence scores","dietary pattern scores","phenotypic age acceleration","PhenoAgeAccel residuals","hazard ratio","0.75","0.58","0.96","","0.05","Model 2: adjusted for age, sex, BMI, ethnicity, annual household income, education level, smoking status, alcohol consumption, physical activity, and daily energy intake","age, sex, BMI, ethnicity, annual household income, education level, smoking status, alcohol consumption, physical activity, daily energy intake","","",""
"1-s2.0-S1279770726000011","Zhang","2026","The Journal of Nutrition, Health and Aging","USA","10.1016/j.jnha.2026.100770","Cross-sectional analysis of NHANES data","7209.0","47.37","Volatile organic compounds (VOCs)","Urinary VOC metabolites (CEMA, 3HPMA, DHBMA, MHBMA3, HPMMA, PGA, others)","Biomarker (urinary metabolites)","Phenotypic Age (PhenoAge)","PhenoAge acceleration (difference between biological and chronological age)","Beta coefficient (linear regression)","0.693","","","","0.001","Model 3: adjusted for age, sex, ethnicity, education, marital status, BMI, smoking status, physical activity, hypertension, diabetes, cardiovascular diseases, and total energy intake","Age, sex, ethnicity, education, marital status, BMI, smoking status, physical activity, hypertension, diabetes, cardiovascular diseases, total energy intake","Log-transformation of urinary VOC metabolites; WQS regression for mixture effect","0.693",""
"1-s2.0-S1279770726000060","Shuai Xiang","2026","The Journal of Nutrition, Health and Aging","United Kingdom","10.1016/j.jnha.2026.100775","prospective cohort","292639.0","55.86","PhenoAgeAccel","Phenotypic age acceleration (PhenoAgeAccel) derived from clinical biomarkers","biological aging metric (phenotypic age acceleration)","PhenoAge (phenotypic clock based on clinical biomarkers)","PhenoAgeAccel (residual of PhenoAge regressed on chronological age)","hazard ratio per 5-year increase in PhenoAgeAccel","1.36","1.3","1.42","","0.0001","Model 2: adjusted for chronological age, gender, ethnicity, Townsend deprivation index, BMI, education level, smoking status, alcohol consumption, regular physical activity, acid-inhibitor use, history of hypertension, history of diabetes, comorbidities, genotyping batch, and top 10 genetic principal components","chronological age, gender, ethnicity, Townsend deprivation index, BMI, education level, smoking status, alcohol consumption, physical activity, acid-inhibitor use, hypertension, diabetes, comorbidities, genotyping batch, genetic principal components","PhenoAgeAccel calculated as residual from regression of PhenoAge on chronological age; PhenoAge derived from 9 clinical biomarkers and chronological age using validated algorithm","0.307484",""
"1-s2.0-S1279770726000072","Xinyu Zhang","2026","The Journal of Nutrition, Health and Aging","USA","10.1016/j.jnha.2026.100776","cross-sectional","15050.0","51.0","vitamin intake","mixture of 11 dietary vitamins (A, B1, B2, B3, B6, B9, B12, C, D, E, K); total vitamin intake","dietary intake plus supplements","Klemera-Doubal method biological age (KDM-BA); PhenoAge; homeostatic dysregulation (HD)","KDM-acceleration; PhenoAge-acceleration; HD","beta coefficient (linear regression)","-1.281","-2.033","-0.53","","0.001","Model 4: adjusted for age, sex, race, educational level, marital status, poverty income ratio, BMI, smoking status, alcohol consumption, physical activity level, daily energy intake, supplement use, comorbidity","age, sex, race, educational level, marital status, poverty income ratio, BMI, smoking status, alcohol consumption, physical activity level, daily energy intake, supplement use, comorbidity (hypertension, diabetes, cardiovascular diseases, cancer)","habitual intake estimated by multiple source method (MSM) using two 24-h dietary recalls; ln-transformed vitamin intake","-1.281",""
"1-s2.0-S1279770726000096","Kai Wei","2026","The Journal of Nutrition, Health and Aging","USA","10.1016/j.jnha.2026.100778","cross-sectional","12806.0","","marijuana use","current marijuana use (past 30 days) vs never use","self-reported marijuana use status","PhenoAge; KD-BioAge","residuals from linear regression of biological age on chronological age (PhenoAgeAccel, KD-BioAgeAccel)","regression coefficient (β)","0.72","0.41","1.02","","0.001","fully adjusted model controlling for demographic, socioeconomic, lifestyle, and clinical factors","age, sex, race/ethnicity, marital status, education, family income, smoking, alcohol consumption, illicit drug use, physical activity, cardiovascular diseases, hypertension, diabetes, arthritis, cancer, prescription medicines use","","0.72",""
"Pisarek-Pacek_2026_ForSpEC","Pisarek-Pacek","2026","Forensic Science International: Genetics","Poland","10.1016/j.fsigen.2026.103426","observational, epigenetic clock development and validation","212.0","35.0","DNA methylation","DNA methylation at 7 CpG sites (ForSpEC model)","epigenetic markers","ForSpEC (Forensic Sperm Epigenetic Clock)","epigenetic age acceleration (difference between predicted and chronological age)","mean absolute error (MAE)","3.13","","","","0.01","multivariable linear regression with stepwise selection","none explicitly reported; model based on methylation beta values of selected CpGs","linear regression model trained on EPIC microarray data; transferred to Ion AmpliSeq™ technology","3.13",""
"1-s2.0-S2090123225002978","Ling-Zhi Ma","2026","Journal of Advanced Research","UK","10.1016/j.jare.2025.05.004","prospective cohort","51904.0","","plasma proteins","2,923 plasma proteins measured by Olink Explore Proximity Extension Assay","proteomic biomarker levels","Klemera-Doubal Method Biological Age (KDM-BA), PhenoAge","PhenoAge acceleration, KDM-BA acceleration","regression coefficient (linear and logistic), hazard ratio (Cox regression)","","","","","1.9e-06","adjusted for baseline chronological age, sex, ethnicity, Townsend deprivation index, education level, smoking status, alcohol status","chronological age, sex, ethnicity, Townsend deprivation index, education level, smoking status, alcohol status","","",""
"1-s2.0-S2589004225026446","Yu","2026","iScience","Sweden","10.1016/j.isci.2025.114383","longitudinal repeated-measurement cohort","807.0","25.9","ambient temperature","short-term ambient temperature exposure (daily individual-address level)","environmental","inflammation-related proteomic aging clock","proteomic age acceleration","mean difference","0.05","0.03","0.1","","0.001","adjusted for age, sex, long time trend (natural spline with 6 df), phases, day of week, season, history of SARS-CoV-2 infection, vaccination status","age, sex, long time trend, phases, day of week, season, SARS-CoV-2 infection history, vaccination status","","0.05",""
"Lin_2026_iScience","Shiying Lin","2026","iScience","China","10.1016/j.isci.2025.114478","Cross-sectional and prospective observational","384463.0","57.0","Biological aging","PhenoAge; PhenoAge acceleration","Composite clinical biomarker-based biological age","PhenoAge","PhenoAge acceleration (PhenoAge - chronological age)","Hazard ratio","1.024","1.022","1.025","","0.001","Adjusted for age, gender, BMI, ethnicity, smoking status (UK Biobank only), alcohol intake, history of hypertension, history of diabetes, education level, Townsend Deprivation Index (UK Biobank only), MET (UK Biobank only), household income and poverty ratio (NHANES only), and physical activity (NHANES only). NHANES analyses accounted for complex survey design.","Age, gender, BMI, ethnicity, smoking status, alcohol intake, history of hypertension, history of diabetes, education level, Townsend Deprivation Index, MET, household income, poverty ratio, physical activity","","0.0237",""
"UKB-107175","Yiyang Tang","2025","Rev. Cardiovasc. Med.","United Kingdom","10.31083/RCM46778","prospective cohort","311646.0","58.0","biological ageing","telomere length; Klemera-Doubal method biological age acceleration; phenotypic age acceleration","continuous standardized residuals (age acceleration)","Klemera-Doubal method (KDM-BA); phenotypic age (PhenoAge); telomere length (TL)","standard deviation increase in age acceleration or TL","hazard ratio","1.21","1.12","1.29","","0.001","Model 2: adjusted for age, sex, ethnicity, Townsend deprivation index, education levels, body mass index, C-reactive protein, smoking and drinking status, physical activity, sleep and diet patterns, history of hyperlipidemia, hypertension, and diabetes mellitus","age, sex, ethnicity, Townsend deprivation index, education levels, body mass index, C-reactive protein, smoking and drinking status, physical activity, sleep and diet patterns, history of hyperlipidemia, hypertension, diabetes mellitus","biological age residuals regressed on chronological age and standardized (mean=0, SD=1)","0.1906",""
"Aging Cell 2026 Mitchell","Mitchell","2026","Aging Cell","USA","10.1111/acel.70390","In vivo experimental study with male UM-HET3 mice; partial chemical reprogramming treatment via osmotic minipumps","","12.0","Chemical reprogramming cocktail","7c cocktail (repsox, tranylcypromine, valproate, forskolin, CHIR99021, DZNep, TTNPB)","Pharmacological intervention","Transcriptomic clocks (multi-tissue Bayesian Ridge transcriptomic clocks)","Transcriptomic age (tAge)","Difference in transcriptomic age","","","","","","Mixed-effects ANOVA model for transcriptomic age comparison","Treatment (control vs 7c), age group, treatment:age group interaction","","",""
"Liu_2025_NHANES_SII_EAA","Rundong Liu","2025","Epigenetics","USA","10.1080/15592294.2025.2541248","Cohort study (NHANES 1999-2002 subset)","1950.0","63.73","Systemic immune-inflammation index (SII)","SII = platelet count × (neutrophil count / lymphocyte count), scaled per 50 units","Biomarker (inflammation index)","Horvath, Hannum, Skin & Blood, PhenoAge, GrimAge2, DunedinPoAm","HorvathAccel, HannumAccel, Skin&BloodAccel, PhenoAgeAccel, GrimAge2Accel, DunedinPoAm","Regression coefficient (β) per 50-unit increase in SII","0.213","0.155","0.27","","0.0001","Model 3: adjusted for age, gender, race, marital status, education level, poverty-to-income ratio, smoking status, alcohol consumption, BMI, history of diabetes, hypertension, and cancer","Age, gender, race, marital status, education level, poverty-to-income ratio, smoking status, alcohol consumption, BMI, diabetes, hypertension, cancer history","Residual method for EAA calculation","0.213",""
"Wang_2025_Medicine","Wang","2025","Medicine","USA","10.1097/MD.0000000000046520","cross-sectional","10846.0","47.3","dietary flavones","total flavones, apigenin, luteolin intake (mg/day, log-transformed and quartiles)","dietary intake","Phenotypic age (PhenoAge)","PhenoAgeAccel (residuals of phenotypic age regressed on chronological age)","odds ratio","0.904","0.859","0.953","","0.001","Model 3: adjusted for age, sex, BMI, ethnicity, poverty status, education, physical activity, marital status, smoking, alcohol consumption, energy intake, depression, cardiovascular disease, hypertension, diabetes","age, sex, BMI, ethnicity, poverty status, education, physical activity, marital status, smoking status, alcohol consumption, energy intake, depression, cardiovascular disease, hypertension, diabetes","","-0.1008",""
"biology-14-01668","Kallio","2025","Biology","Russia","10.3390/biology14121668","observational cross-sectional","445.0","","environmental conditions and urbanization","extreme cold climate (Yakutia) vs milder climate (Nizhny Novgorod region) and urbanization level (metropolis, industrial city, small towns)","environmental and urbanization factors","Levine PhenoAge","difference between biological age and predicted age from general regression model","effect size (rbc) for age acceleration difference between regions","-0.265","-0.154","0.14","","0.00062","general regression model constructed for all study groups; biological age calculated using PhenoAge model based on 9 blood parameters and chronological age","age, sex (female predominance), region of residence; exclusion of acute/chronic diseases, pregnancy","PhenoAge linear predictor formula as per Levine et al. 2018","-0.265",""
"cancers-18-00111-v2","Shiqi Hui","2026","Cancers","USA","10.3390/cancers18010111","cross-sectional","16628.0","49.03","Dietary inflammation and oxidation","Dietary Inflammatory Index (DII); Dietary Oxidative Balance Score (DOBS); combined DII/DOBS diet category","dietary pattern scores","PhenoAge","PhenoAge acceleration","odds ratio","2.19","1.29","3.72","","0.004","Fully adjusted model including gender, race, education level, PIR, BMI, cotinine, alcohol intake, energy intake, hypertension, diabetes, CHD, and survey year","gender, race, education level, poverty income ratio (PIR), BMI, cotinine, alcohol intake, energy intake, hypertension, diabetes, coronary heart disease (CHD), survey year","","0.784",""
"Liu_2025_DOM_UKBiobank","Liu","2025","Diabetes, Obesity and Metabolism","United Kingdom","10.1111/dom.70261","prospective cohort study","54418.0","56.9","cardiorespiratory fitness","maximal oxygen uptake (VO2max)","continuous and quartiles","biological age (BA) and phenotypic age (PhenoAge)","age acceleration residuals from regression of BA and PhenoAge on chronological age","hazard ratio","0.72","0.68","0.76","","0.001","fully adjusted for sex, age, ethnicity, smoking status, alcohol status, education level, BMI, overall health rating","sex, age, ethnicity, smoking status, alcohol status, education level, BMI, overall health rating","","-0.3285",""
"Bozack_2026","Anne K. Bozack","2026","npj Aging","USA","10.1038/s41514-025-00298-x","Cross-sectional","1771.0","64.8","Dietary fatty acids","Total fatty acids; saturated fatty acids (SFA); monounsaturated fatty acids (MUFA); polyunsaturated fatty acids (PUFA); omega-3; omega-6; PUFA:SFA ratio; fatty acid subtypes","Dietary intake (24-hour recall)","Horvath1; Horvath2; Hannum; Lin; Zhang; Vidal-Bralo; PhenoAge; GrimAge2; DNAmTL; epiTOC; DunedinPoAm","Epigenetic age acceleration (years or SDs depending on clock)","Beta coefficient (years change in epigenetic age per doubling of intake or per unit increase in ratio)","-1.05","-1.87","-0.22","","0.05","Adjusted for age, age squared, sex, race and ethnicity, BMI, education level, occupation, poverty to income ratio, smoking status, alcohol intake, physical activity, and total energy intake","Age, age2, sex, race/ethnicity, BMI, education, occupation, poverty-income ratio, smoking status, alcohol intake, physical activity, total energy intake","Log2 transformation of fatty acid intake variables; effect estimates represent change per doubling of intake or per unit increase in PUFA:SFA ratio","-1.05",""
"Penha_2026_BMC_Medicine","Penha","2026","BMC Medicine","Australia, Sweden, Italy, Norway","10.1186/s12916-025-04542-9","Nested case-control studies within prospective cohorts","1480.0","56.5","Tobacco smoking","Age-adjusted DNA methylation clocks (Hannum, PhenoAge, DunedinPACE, PCGrimAge), DNAm-inferred packyears","Biomarker (DNA methylation-based epigenetic clocks and smoking scores)","Chronological age clocks (Hannum), Mortality risk clocks (PhenoAge, DunedinPACE, PCGrimAge)","Age acceleration residuals (age-adjusted DNAm clocks)","Odds ratio per 1 standard deviation increase","1.66","1.44","1.91","","0.001","Adjusted for age, sex, cohort, detailed smoking information (duration, cigarettes per day, years since quitting), BMI, and DNAm-inferred immune cell proportions","Age, sex, cohort, smoking duration, cigarettes per day, years since quitting smoking, BMI, immune cell proportions (monocytes, NK, B, CD4T, CD8T cells)","","0.507",""
"EATLancet-2026-npjAging","Jie Li","2026","npj Aging","UK","10.1038/s41514-025-00306-0","prospective cohort","87282.0","56.1","dietary patterns","EAT-Lancet diet index; plant-based diet index (PDI); healthy plant-based diet index (hPDI); unhealthy plant-based diet index (uPDI)","dietary pattern adherence scores","Klemera-Doubal biological age (KDM-BA); PhenoAge; telomere length (TL)","KDM-BA acceleration; PhenoAge acceleration; telomere length percent change","beta coefficient (years or % change per 1 SD increment in diet score)","-0.53","-0.57","-0.49","","0.001","Model 2: adjusted for age, sex, race, Townsend deprivation index, BMI, smoking status, healthy drinking, physical activity, healthy sleep score, cardiovascular disease, cancer, diabetes, high cholesterol, hypertension, respiratory disease, and use of antihypertensive, lipid-lowering, and diabetes medications","age, sex, race, Townsend deprivation index, BMI, smoking status, healthy drinking, physical activity, healthy sleep score, cardiovascular disease, cancer, diabetes, high cholesterol, hypertension, respiratory disease, medication use","","-0.53",""
"Lin2026_Epigenomics","Wan-Yu Lin","2026","Epigenomics","Taiwan","10.1080/17501911.2025.2606041","Cross-sectional mediation analysis","2366.0","49.36","Non-genetic environmental factors","BMI; chronological age; sex; smoking; drinking alcoholic beverages; regular exercise; educational attainment","Lifestyle and demographic factors","","","Mediation effect","","","","","6.6e-09","Adjusted for seven non-genetic factors (sex, age, BMI, smoking, drinking, exercise, education) and 11 immune-cell fractions (excluding neutrophils due to multicollinearity)","Sex, chronological age, BMI, smoking status, drinking status, regular exercise, educational attainment, 11 immune-cell fractions (basophils, memory B-cells, naïve B-cells, memory CD4+ T-cells, naïve CD4+ T-cells, memory CD8+ T-cells, naïve CD8+ T-cells, eosinophils, monocytes, natural killer cells, regulatory T-cells)","DNA methylation beta values calculated using Illumina noob normalization method; mediation tested using HDMT method; multiple-mediator model with stepwise regression and VIF <5","",""
"Tao_2026","Meng-Hua Tao","2026","Frontiers in Aging","United States","10.3389/fragi.2025.1710324","Population-based cohort study with mediation analysis","5972.0","65.1","Cancer history","Cancer history status (yes/no)","Disease history","Phenotypic Age (PhenoAge) based on clinical biomarkers","PhenoAge Acceleration (PhenoAgeAccel) residuals from regression of PhenoAge on chronological age","Hazard Ratio (HR) for mediation indirect effect","1.02","1.01","1.03","","0.05","Adjusted for race/ethnicity, sex, educational level, alcohol drinking status, smoking status, BMI, physical activity, total energy intake, comorbidity index, and survey weight","race/ethnicity, sex, educational level, alcohol drinking status, smoking status, BMI, physical activity, total energy intake, comorbidity index, survey weight","","0.0198",""
"gbaf194","Li","2025","The Journals of Gerontology, Series B: Psychological Sciences and Social Sciences","Australia","10.1093/geronb/gbaf194","prospective cohort","6208.0","58.8","social relationships","social isolation index; living alone; social activity (hours/week); marital status; number of relatives; number of friends","social factors","PCPhenoAge; PCGrimAge; bAge; DunedinPACE","age-adjusted standardized residuals","beta coefficient (standardized)","0.03","0.01","0.05","","0.02","Model 2: adjusted for age, sex, country of birth, socioeconomic status, education level, smoking status, smoking pack-years (log), alcohol consumption (spline), physical activity, BMI, diet quality","age, sex, country of birth, socioeconomic status, education level, smoking status, smoking pack-years, alcohol consumption, physical activity, BMI, diet quality","residuals from regression on chronological age, standardized to mean 0 and SD 1","0.03",""
"journal.pone.0336127","Ysrael MC","2026","PLOS One","United States of America","10.1371/journal.pone.0336127","observational, cross-sectional with epigenetic clock development and differential methylation analysis","44.0","9.0","disease status","sinusoidal obstructive syndrome (SOS) diagnosis","binary (SOS-positive vs SOS-negative)","species-specific epigenetic clock (CheetahClock) and FelidClock","DNA methylation age acceleration (difference between predicted DNAm age and chronological age)","differential methylation (epigenetic age acceleration not explicitly quantified as effect size)","","","","","0.05","limma linear model with Benjamini-Hochberg false discovery rate correction","age > 3 years to avoid age of sexual maturity bias; tissue type (liver primarily); sex not explicitly stated as covariate","log-linear age transformation accounting for accelerated aging before sexual maturity","",""
"kwaf006","Wenli Ni","2025","American Journal of Epidemiology","USA","10.1093/aje/kwaf006","cohort","457.0","7.9","ambient air pollution","prior-365-day average PM2.5, NO2, O3; lifetime average PM2.5, NO2, O3; residential proximity to major roadways","long-term ambient air pollution exposure","Horvath, intrinsic, Skin&Blood","HorvathEAA, IEAA, Skin&BloodEAA","difference in years EAA per IQR increase in exposure","-0.26","-0.49","-0.03","","0.001","adjusted for sex, BMI z score, child race and ethnicity, maternal education, household income, household smoking, season, and estimated cell types for HorvathEAA and Skin&BloodEAA","sex, BMI z score, child race and ethnicity, maternal education, household income, household smoking, season, estimated blood cell types","","-0.26",""
"Xu_2026_Mediators_of_Inflammation","Yangyu Xu","2026","Mediators of Inflammation","United States","10.1155/mi/9987170","cross-sectional","1053.0","","inflammatory marker","neutrophil percentage-to-albumin ratio (NPAR)","continuous and tertiles (T1, T2, T3)","Klemera–Doubal method (KDM) and Phenotypic age (PhenoAge)","biological age acceleration (difference between BA and chronological age)","beta coefficient (linear regression) and odds ratio (logistic regression) for accelerated aging","0.86","0.39","1.32","","0.001","Model 4: adjusted for age, gender, race, education level, marital status, poverty–income ratio, smoking status, alcohol consumption, physical activity, BMI, hypertension, diabetes, and cancer history","age, gender, race, education level, marital status, poverty–income ratio, smoking status, alcohol consumption, physical activity, BMI, hypertension, diabetes, cancer history","","0.86",""
"Vasconcelos_2025","Ana Gabriela Vasconcelos","2025","Epigenetics","USA","10.1080/15592294.2025.2539234","epigenome-wide association study (EWAS) meta-analysis","3677.0","60.0","Genetic trait","Sickle cell trait (SCT) status (heterozygous for rs334)","Genetic carrier status","Horvath, Hannum, PhenoAge, GrimAge, DunedinPACE","Epigenetic age acceleration residuals","Difference in epigenetic age acceleration by SCT status","","","","","","Adjusted for age, cell type composition, sex (JHS), first 10 ancestry principal components; sensitivity analyses additionally adjusted for hemoglobin, eGFR, income, education","Age, sex (JHS), cell type composition, genetic ancestry PCs, hemoglobin, eGFR, income, education","Random-effects meta-analysis weighted by inverse variance; epigenetic age calculated using principal components of CpGs","",""
"Ikegame_2025","Ikegame","2025","Neuropsychopharmacology Reports","Japan","10.1002/npr2.70081","longitudinal cohort","122.0","13.5","psychopathological clusters","persistent externalizing problems vs minimal problems","behavioral cluster","","mean standardized DNA methylation level at CpG3 and CpG4 in SLC6A4 promoter","beta coefficient","-0.538","-1.031","-0.044","","0.041","linear mixed-effects model adjusted for age and sex; sex-stratified analysis reported","age, sex (in overall model); sex-stratified models for males and females separately","","-0.538",""
"nutrients-18-00116-v2","Kalmar","2025","Nutrients","Hungary","10.3390/nu18010116","pilot clinical intervention study","8.0","63.0","Vitamin D3 supplementation","30,000 IU vitamin D3 per week for 2 months","supplementation","","","mean difference","-0.01","","","","0.01","Paired t-test comparing DNA-tail average % in mononuclear cells before and after supplementation","None reported; patients under standard oncologic treatment; no control group","","-0.01",""
"oursler-et-al-2025","Oursler","2025","AIDS Research and Human Retroviruses","USA","10.1177/08892229251411059","observational study","1076.0","52.4","epigenetic age acceleration markers","GrimAge acceleration (GrimAA), PhenoAge acceleration (PhenoAA), HannumAge acceleration (HannumAA), HorvathAge acceleration (HorvathAA)","epigenetic clock residuals (EAA markers) dichotomized as >0 vs <0","Horvath, Hannum, PhenoAge, GrimAge","presence of epigenetic age acceleration (EAA > 0) vs absence (EAA < 0)","odds ratio","1.45","1.1","1.92","","0.01","adjusted for age, CD4 count, HIV viral load, smoking, congestive heart failure, chronic obstructive pulmonary disease, liver fibrosis","age, CD4 count, HIV viral load, smoking status, congestive heart failure, chronic obstructive pulmonary disease, liver fibrosis (FIB-4 score)","","0.3716",""
"Yang_2026_PhenoAgeAccel_MetS_Cancer_NHANES","Jiaxiang Yang","2026","The Aging Male","USA","10.1080/13685538.2026.2612796","cross-sectional","12664.0","","Metabolic syndrome","Metabolic syndrome (MetS) defined by NCEP ATP III criteria (≥3 of 5 components: abdominal obesity, hypertriglyceridemia, low HDL-C, elevated blood pressure, elevated fasting glucose)","binary (MetS yes/no)","PhenoAge","PhenoAge acceleration (PhenoAgeAccel) residual from regression of PhenoAge on chronological age","odds ratio","1.338","1.074","1.666","","0.01","Model III: adjusted for age, gender, race, education, poverty-income ratio, marital status, smoking, alcohol consumption, BMI group, history of cardiovascular disease and diabetes","age, gender, race/ethnicity, education level, poverty-income ratio, marital status, smoking status, alcohol consumption, BMI group, history of cardiovascular disease, history of diabetes","","0.291",""
"s12864-025-11209-5","Wang","2025","BMC Genomics","Europe (Spain, UK, France, Lithuania, Norway, Greece)","10.1186/s12864-025-11209-5","Observational cross-sectional within a longitudinal birth cohort subcohort","1001.0","7.9","Child BMI","Child body mass index (BMI) z-score","Anthropometric measure","Measured relative telomere length (qPCR), DNAmTL (DNA methylation-based estimator), Polygenic risk scores (Li’s PRS and Codd’s PRS)","Relative telomere length (qPCR)","Standardized regression coefficient","","","","","0.001","Adjusted for child age, sex, blood cell composition, first four genetic principal components, gestational age, birth weight, maternal pre-pregnancy BMI, maternal smoking status, maternal education level, parental smoking, family affluence score, child physical activity level, child Mediterranean diet score","Child age, sex, blood cell composition, genetic PCs, gestational age, birth weight, maternal pre-pregnancy BMI, maternal smoking status, maternal education, parental smoking, family affluence, child physical activity, child diet","","",""
"s12864-025-12271-9","Anand","2025","BMC Genomics","","10.1186/s12864-025-12271-9","Model development and validation using GTEx dataset","987.0","","DNA methylation-based epigenetic clocks","Epigenetic age predicted by EnsembleNaive and EnsembleLR clocks integrating eight DNAm clocks","Biological age estimation via DNA methylation","EnsembleAge (EnsembleNaive and EnsembleLR) combining Hannum, Horvath, PhenoAge, Skin Blood, Ying CausAge, Han 2020, AltumAge, Zhang 2019","Epigenetic Age Acceleration (EAA) defined as Epigenetic Age - Chronological Age","Median Absolute Error (MeAE) and slope of predicted vs chronological age","4.04","","","","","EnsembleLR model trained with L2 linear regression with alpha=0.1 on oversampled GTEx data using SMOTE","Age group oversampling via SMOTE; exclusion of cancer and HIV samples; multi-tissue data from nine organs","SMOTE for age group imbalance; IterativeImputer for missing CpG methylation values","",""
"s12885-025-13760-6","Liu","2025","BMC Cancer","United States","10.1186/s12885-025-13760-6","retrospective cohort study","2643.0","62.32","Phenotypic age acceleration","Phenotypic age acceleration (PAA) status (positive residuals vs negative residuals) and age acceleration residual (AAR) continuous","biological age acceleration biomarker","Phenotypic age (based on 10 physiological biomarkers)","Phenotypic age acceleration residuals (PAA) and age acceleration residual (AAR)","Hazard Ratio","2.07","1.69","2.54","","0.001","Model 3: adjusted for age, gender, race, marital status, poverty income ratio, education level, BMI, Healthy Eating Index-2015, physical activity, smoking status, alcohol intake, cardiovascular disease, hypertension, hyperlipidemia, and diabetes","age, gender, race, marital status, poverty income ratio, education level, BMI, HEI-2015, physical activity, smoking status, alcohol intake, cardiovascular disease, hypertension, hyperlipidemia, diabetes","","0.727",""
"s12889-024-21249-3","Xia","2025","BMC Public Health","United States","10.1186/s12889-024-21249-3","cross-sectional","3925.0","45.95","Sugar-sweetened beverage (SSB) intake energy and timing","Energy intake from SSB (kcal/day) categorized as non-intake (0 kcal), low-moderate intake (1–299 kcal), moderate-high intake (≥300 kcal); timing of SSB intake (dawn-to-forenoon, noon-to-afternoon, dusk-to-night)","dietary intake","Phenotypic age (PhenoAge)","PhenoAgeAccel (phenotypic age acceleration)","beta coefficient (linear regression)","0.179","0.086","0.271","","0.001","Model 3: adjusted for gender, age, race/ethnicity, education level, marital status, poverty income ratio, smoking status, drinking status, recreational activities, history of diabetes, hypertension, cardiovascular disease, stroke, body roundness index (BRI), and body mass index (BMI)","gender, age, race/ethnicity, education level, marital status, poverty income ratio, smoking status, drinking status, recreational activities, history of diabetes, hypertension, cardiovascular disease, stroke, BRI, BMI","","0.179",""
"s12889-025-21430-2","Zhan","2025","BMC Public Health","United States","10.1186/s12889-025-21430-2","cross-sectional","15075.0","46.7","systemic inflammation; phenotypic age acceleration","Systemic Immune-inflammation Index (SII); Phenotypic Age Acceleration (PhenoAgeAccel)","biomarker","Phenotypic Age","PhenoAgeAccel (Phenotypic Age - chronological age)","adjusted odds ratio","1.56","1.31","1.85","","0.001","Model 3: adjusted for sex, age, race/ethnicity, education level, marital status, family poverty income ratio, BMI, alcohol drinking status, smoking status, diabetes, hypertension, and survey cycle","sex, age, race/ethnicity, education level, marital status, family poverty income ratio, BMI, alcohol drinking status, smoking status, diabetes, hypertension, survey cycle","","0.444",""
"s12889-025-22053-3","Liu","2025","BMC Public Health","United States","10.1186/s12889-025-22053-3","cross-sectional","4282.0","50.01","Cardiometabolic index (CMI)","CMI (ln-transformed and quartiles)","continuous and categorical","biological age derived from 8 biomarkers (clinical biochemical markers)","BioAgeAccel (biological age acceleration = biological age - chronological age)","beta coefficient (years increase in BioAgeAccel per unit increase in lnCMI)","1.16","1.02","1.31","","0.0001","Model 3: adjusted for age, sex, ethnicity, family poverty-to-income ratio, education level, hypertension, diabetes, smoking status, alcohol consumption","age, sex, ethnicity, family PIR, education level, hypertension, diabetes, smoking status, alcohol consumption","natural log transformation of CMI; quartile categorization","1.16",""
"s12891-025-09298-0","Tan","2025","BMC Musculoskeletal Disorders","China","10.1186/s12891-025-09298-0","retrospective observational study","4275.0","60.62","modifiable lifestyle factors","exercise frequency; smoking status; diet; alcohol consumption; BMI","clinical and lifestyle factors","bone density age clock","bone density age acceleration (BDAA)","regression coefficient (β)","0.073","","","","2e-16","linear regression of predicted bone density age on chronological age; multivariable logistic regression adjusted for age, sex, BMI, exercise frequency, OSTA score, post-menopausal years (in women), smoking status, drinking frequency, diet, history of hypertension and diabetes","age, sex, BMI, exercise frequency, OSTA score, post-menopausal years (women), smoking status, drinking frequency, diet, hypertension, diabetes","bone density age acceleration calculated as residual from linear regression of predicted bone density age on chronological age","0.073",""
"s12916-024-03832-y","Pan","2025","BMC Medicine","UK","10.1186/s12916-024-03832-y","prospective cohort study","376083.0","57.0","Phenotypic Age Acceleration (PhenoAgeAccel)","PhenoAgeAccel (biologically older > 0 vs biologically younger ≤ 0); also analyzed as continuous per 5 years increase and quartiles","biological age acceleration based on clinical biomarkers","PhenoAgeAccel","PhenoAgeAccel (difference between phenotypic age and chronological age)","hazard ratio","1.77","1.71","1.82","","0.001","Adjusted for age, sex, race, income, education, family history, obesity, smoking status, drinking status, physical activity, healthy diet, sleep status, hypertension, high cholesterol, and cancer","age, sex, race, income, education, family history, obesity, smoking status, drinking status, physical activity, healthy diet, sleep status, hypertension, high cholesterol, cancer","","0.57",""
"s12916-025-04480-6","Ohi","2025","BMC Medicine","Japan","10.1186/s12916-025-04480-6","case-control","296.0","35.0","anxiety disorders","anxiety disorder diagnosis (SAD, PD, GAD)","diagnosis","PCHannumG2013 (primary), ZhangQ2019, PCHorvathS2018, PCPhenoAge, DunedinPACE (sensitivity)","epigenetic age acceleration residuals (DNAm age residuals on chronological age)","regression coefficient (B)","-3.46","","","1.16","0.00314","adjusted for sex, current smoking status, and batch effects (slide variable)","sex, current smoking status, batch effects (slide variable)","principal component-based version of HannumG2013 clock (PCHannumG2013) applied to Illumina MethylationEPIC array data","-3.46","1.16"
"s12916-025-04564-3","Yun","2026","BMC Medicine","South Korea","10.1186/s12916-025-04564-3","prospective cohort","2747.0","51.5","clinical and socioeconomic factors","diabetes, HbA1c, urine glucose, triglycerides, uric acid, education, monthly income","phenotypic and socioeconomic variables","KoMethylNet (neural network-based DNAm aging clock)","residuals from linear regression of epigenetic age on chronological age","beta coefficient","0.81","","","0.19","1.29e-05","linear regression adjusted for age at blood sample collection and sex","age at blood sample collection, sex","EAA calculated as residuals from linear regression of epigenetic age on chronological age","0.81","0.19"
"s12937-025-01079-8","Qi","2025","Nutrition Journal","USA","10.1186/s12937-025-01079-8","cross-sectional","27338.0","46.39","dietary carotenoids","total carotene; α-carotene; β-carotene; β-cryptoxanthin; lycopene; lutein/zeaxanthin","dietary intake (mcg/day, log-transformed average of two 24-hour recalls)","biological aging indices: allostatic load (AL), homeostatic dysregulation (HD), Klemera-Doubal method (KDM), phenoAge (PA)","AL, HD, KDM, PA","beta coefficient","-0.017","","","","0.001","Model 4: adjusted for age, sex, race, year, BMI, smoking, drinking, exercise, education level, income, energy intake, AHEI, retinol intake, nutritional supplements, self-reported cancer, CVD, hypertension, diabetes","age, sex, race, year, BMI, smoking, drinking, exercise, education level, income, energy intake, AHEI, retinol intake, nutritional supplements, self-reported cancer, cardiovascular diseases, hypertension, diabetes","log-transformation of carotenoid intake","-0.017",""
"s12937-025-01245-y","Zhang","2025","Nutrition Journal","USA","10.1186/s12937-025-01245-y","prospective cohort","2958.0","65.58","Dietary fiber intake; Phenotypic age acceleration","Dietary fiber intake (top quartile vs lower quartiles); PhenoAge acceleration (>0 vs ≤0)","dietary intake; epigenetic/phenotypic age acceleration","PhenoAge","PhenoAge acceleration (biological age - chronological age)","hazard ratio","2.12","1.78","2.52","","0.001","fully adjusted for age, sex, ethnicity, marital status, education, smoking, BMI, physical activity, hypertension, diabetes mellitus, cardiovascular disease, and dietary energy intake","age, sex, ethnicity, marital status, education, smoking status, BMI, physical activity, hypertension, diabetes mellitus, cardiovascular disease, dietary energy intake","","0.751",""
"s12944-025-02446-4","Liu","2025","Lipids in Health and Disease","United States","10.1186/s12944-025-02446-4","Cross-sectional analysis of NHANES data","2580.0","38.65","Body fat area; insulin resistance; lipid levels","Visceral fat area (VFA); abdominal subcutaneous fat area (SFA); HOMA-IR; HDL-C","Continuous and categorical (quartiles for fat areas; thresholds for HOMA-IR and HDL-C)","Phenotypic Age (PhenoAge)","Phenotypic Age Acceleration (PhenoAgeAccel)","Odds Ratio (OR) for PhenoAgeAccel","8.339","5.559","12.51","","0.001","Model 3: adjusted for age, gender, race, exercise, alcohol use, smoking status, marital status, education level, income, HbA1c, and histories of hypercholesterolemia, hypertension, diabetes, and cardiovascular disease","Age, gender, race, exercise, alcohol use, smoking status, marital status, education level, income, HbA1c, history of hypercholesterolemia, hypertension, diabetes, cardiovascular disease","Body fat areas converted into quartiles; HOMA-IR threshold 2.73; HDL-C quartiles","2.121",""
"s12967-025-06189-9","Qiu","2025","Journal of Translational Medicine","USA","10.1186/s12967-025-06189-9","cross-sectional","3509.0","49.72","Inflammatory markers and Helicobacter pylori infection","Neutrophil count and systemic inflammatory response index (SIRI)","Blood inflammatory markers","Phenotypic age acceleration (PhenoAgeAccel)","PhenoAgeAccel","hazard ratio","1.07","1.06","1.07","","0.001","Adjusted for chronological age, sex, race, education, BMI, smoking, drinking behavior, comorbidity (hypertension, diabetes, renal failure), and dietary inflammation index (DII)","chronological age, sex, race, education, BMI, smoking, drinking behavior, comorbidity (hypertension, diabetes, renal failure), dietary inflammation index (DII)","","0.068993",""
"s12967-025-07237-0","Srour","2025","Journal of Translational Medicine","Qatar","10.1186/s12967-025-07237-0","prospective cohort with discovery and validation cohorts","140.0","30.5","gestational diabetes mellitus (GDM)","GDM diagnosis by OGTT and clinical criteria","clinical diagnosis","","","differential DNA methylation (beta difference)","","","","","","linear model adjusted for age, BMI, treatment, blood cell proportions, batch effect","age, BMI, treatment, blood cell proportions, batch effect","beta-mixture quantile normalization (BMIQ)","",""
"s12979-025-00500-4","Lin","2025","Immunity & Ageing","USA; China","10.1186/s12979-025-00500-4","Observational; cross-sectional and cohort analyses","12973.0","41.0","Psoriasis","Psoriasis status; Psoriasis Area and Severity Index (PASI)","Disease status and severity","Phenotypic age (PhenoAge); Klemera-Doubal method age (KDM-age)","PhenoAge advance (difference between biological and chronological age)","Adjusted beta coefficient","0.54","0.12","0.97","","0.018","Model 3: adjusted for age, gender, race/ethnicity, education, income, physical activity, BMI, smoking, alcohol use, diabetes, hypertension, renal disease, liver disease, thyroid disease, cardiac disease, cancer","Age, gender, race/ethnicity, education, income, physical activity, BMI, smoking, alcohol use, diabetes, hypertension, renal disease, liver disease, thyroid disease, cardiac disease, cancer","","0.54",""
"s13148-024-01803-x","Noble","2025","Clinical Epigenetics","UK","10.1186/s13148-024-01803-x","case-control","264.0","","disease status","IgG4-related cholangitis (IgG4-SC), primary sclerosing cholangitis (PSC), ulcerative colitis (UC), healthy controls","disease","Horvath's epigenetic clock","epigenetic age acceleration (observed methylation age minus expected methylation age)","mean difference in epigenetic age acceleration","","","","","0.0001","linear regression with chronological age; covariates included age, sex, and first principal component of deconvoluted cellular proportions","age, sex, first principal component of deconvoluted cellular proportions","wateRmelon package for methylation age prediction; linear regression for expected methylation age","",""
"Bernabeu_2025","Bernabeu","2025","Clinical Epigenetics","Scotland, UK","10.1186/s13148-025-01818-y","Cohort study with epigenome-wide association study (EWAS)","16717.0","47.5","Alcohol consumption","Self-reported weekly alcohol units (log(x+1) transformed) and blood-based DNA methylation EpiScore","Behavioral (self-report) and molecular (DNA methylation-based EpiScore)","","Alcohol consumption EpiScore derived from elastic net regression on CpGs","Incremental R2 and Pearson correlation (r) between EpiScore and self-reported alcohol consumption","0.28","","","","0.001","Linear regression models adjusted for age and sex","Age, sex","Log(x+1) transformation of alcohol units","0.28",""
"s13148-025-01827-x","Daredia","2025","Clinical Epigenetics","USA","10.1186/s13148-025-01827-x","cross-sectional","658.0","66.1","Reproductive aging","Age at menopause","continuous (years)","GrimAge","epigenetic age deviation (residuals from regression of chronological age on epigenetic age)","regression coefficient (B)","-0.1","-0.19","-0.02","","0.001","Adjusted for chronological age (continuous), chronological age squared, and self-identified race/ethnicity","BMI, smoking status, alcohol intake, and estimated cell-type proportions considered in sensitivity analyses; adjustment attenuated associations","","-0.1",""
"s13148-025-01837-9","Wu","2025","Clinical Epigenetics","China","10.1186/s13148-025-01837-9","observational with in vitro experimental components","72.0","0.0","antenatal corticosteroid exposure; glucocorticoid treatment","antenatal corticosteroid exposure in preterm neonates; cortisol and relacorilant treatment in IMR90 cells; dexamethasone treatment in HPC cells","pharmacological","multi-tissue predictor (Horvath epigenetic clock)","DNAm age acceleration (difference between DNAm age and chronological age)","mean difference in DNAm age","0.115","0.03","0.199","","0.009","adjusted for antenatal magnesium sulfate exposure in methylation analyses","antenatal magnesium sulfate exposure, maternal chorioamnionitis, late-onset sepsis","k-Nearest Neighbor imputation and BMIQ normalization for methylation data","0.115",""
"s13148-025-01846-8","Lopez-Pleguezuelos","2025","Clinical Epigenetics","Spain","10.1186/s13148-025-01846-8","case-control within prospective cohort","105.0","70.9","Radiation therapy","Radiation therapy-induced toxicity (grade ≥ 2 genitourinary and/or gastrointestinal late toxicity)","Treatment exposure","Horvath's epigenetic clock","Age acceleration (difference between predicted methylation age and chronological age)","Mean difference in age acceleration between cases and controls","0.4","","","","0.57","Adjusted for age and cell type proportions","Age, cell type composition (B-cells, NK-cells, CD4T, CD8T, Monocytes, Neutrophils, Eosinophils)","Beta-mixture quantile normalization; ComBat for batch effect correction","0.4",""
"s40520-025-02964-2","Fei Shan","2025","Aging Clinical and Experimental Research","United States","10.1007/s40520-025-02964-2","cross-sectional","3376.0","46.0","serum polyunsaturated fatty acids (PUFAs)","total n-6 PUFAs; linoleic acid (LA); gamma-linolenic acid (GLA); arachidonic acid (AA); total n-3 PUFAs; alpha-linolenic acid (ALA); stearidonic acid (SDA); eicosapentaenoic acid (EPA); docosapentaenoic acid (n-3 DPA); docosahexaenoic acid (DHA)","continuous (per SD increment) and tertiles","PhenoAge","PhenoAge Acceleration (PhenoAgeAccel)","beta coefficient (linear regression)","-0.5083","-0.785","-0.2316","","0.001","Model 3: adjusted for age, sex, race/ethnicity, education, poverty income ratio, body mass index, smoking status, diabetes, hypertension, cardiovascular disease, cancer","age, sex, race/ethnicity, education level, poverty-to-income ratio, body mass index, smoking status, diabetes mellitus, hypertension, cardiovascular disease, cancer","PhenoAgeAccel calculated as residuals from regressing chronological age on biological age using linear regression","-0.5083",""
"s41398-025-03235-4","Mareckova","2025","Translational Psychiatry","Czech Republic","10.1038/s41398-025-03235-4","cohort study","99.0","26.6","mtDNA variants","Functional Impact (FI) score of 7 potentially pathogenic mtDNA variants","genetic","Horvath's epigenetic clock; Klemera-Doubal Method (KDM) biological age","epigenetic age gap (EpiAGE) residuals; biological age minus chronological age","beta coefficient","0.27","","","","0.02","adjusted for sex, current BMI, cigarette smoking, cannabis use, alcohol use","sex, BMI, cigarette smoking, cannabis use, alcohol use","","0.27",""
"s41398-025-03596-w","Reni Merta Kusuma","2025","Translational Psychiatry","Taiwan","10.1038/s41398-025-03596-w","cross-sectional","96.0","51.02","biological factors; DNA methylation","BMI; DNA methylation at IL6R_cg09257526","modifiable determinant (BMI); epigenetic marker (DNA methylation)","","","adjusted odds ratio","0.32","0.117","0.876","","0.027","conditional logistic regression adjusted for physical illness and methylation levels at IL15RA_cg08676905, IL6R_cg09257526, FTL_cg04385818, and ZNF614_cg09503196","physical illness, methylation levels at IL15RA_cg08676905, IL6R_cg09257526, FTL_cg04385818, ZNF614_cg09503196","z-score standardization for numerical variables","-1.139434283",""
"s41421-025-00769-1","Yuqing Zhang","2025","Cell Discovery","China","10.1038/s41421-025-00769-1","cohort and animal experimental study","1683.0","5.0","maternal hyperandrogenism","maternal hyperandrogenism status (clinical diagnosis)","prenatal hormonal exposure","","","mean difference in HOMA-β","8.364","","","","0.05","comparison between sons born to mothers with and without hyperandrogenism; age range 2-12 years","not explicitly reported","","8.364",""
"s41467-025-66106-y","Mavrommatis","2025","Nature Communications","Scotland, UK","10.1038/s41467-025-66106-y","prospective cohort","18859.0","","epigenetic age acceleration","14 epigenetic clocks including first-, second-, and third-generation clocks (e.g., Hannum, Horvath, PhenoAge, GrimAge v1 and v2, DunedinPACE, DunedinPoAm38, Zhang10, DNAm telomere length, YingCausAge, YingDamAge, YingAdaptAge, Lin)","DNA methylation-based epigenetic clocks","first, second, and third generation epigenetic clocks","age acceleration residuals (clock residuals regressed on chronological age and estimated cell proportions)","hazard ratio per standard deviation increase in epigenetic age acceleration","1.54","1.46","1.62","","7.1e-62","fully adjusted Cox proportional hazards model controlling for age, sex, BMI, smoking pack years, alcohol consumption, education, socioeconomic deprivation, and estimated cell proportions; family structure controlled via random effect","age, sex, BMI, smoking pack years, alcohol intake, education, Scottish Index of Multiple Deprivation (SIMD), estimated blood cell proportions (excluding basophils), family relatedness (random effect)","age acceleration calculated as residuals from linear mixed model regressing clock on age and cell proportions; Cox regression for incident disease and mortality outcomes","0.432",""
"s41467-025-67622-7","Jiang Li","2026","Nature Communications","UK, US","10.1038/s41467-025-67622-7","prospective cohort","266029.0","56.1","social determinants of health (SDHs)","combined SDH score (favorable, medium, unfavorable groups)","categorical and continuous SDH score","Klemera–Doubal biological age (KDM-BA); phenotypic age","KDM-BA acceleration; phenotypic age acceleration","beta coefficient (years increase in biological age acceleration per 1-point SDH increment)","0.22","0.21","0.23","","0.001","Model 2: adjusted for age, sex, BMI, smoking status, alcohol drinking, diet, physical activity, cardiovascular disease, cancer, diabetes, high cholesterol, hypertension, respiratory disease, and medication for cholesterol-lowering, anti-hypertensive, or anti-diabetes","age, sex, BMI, smoking status, alcohol drinking, diet, physical activity, cardiovascular disease, cancer, diabetes, high cholesterol, hypertension, respiratory disease, medication use","","0.22",""
"s41538-025-00625-2","Xinming Xu","2025","npj Science of Food","USA","10.1038/s41538-025-00625-2","Cross-sectional and survival analysis using NHANES data","34330.0","46.7","Dietary patterns","Healthy Eating Index-2020 (HEI2020), Alternate Healthy Eating Index (AHEI), Dietary Approaches to Stop Hypertension (DASH), Alternate Mediterranean Diet Score (aMED), Dietary Inflammatory Index (DII)","Diet quality scores","GrimAge2, DunedinPoAm, PhenoAge and organ-specific phenotypic ages (CardiovascularAge, KidneyAge, LiverAge, MuscleAge)","Acceleration of epigenetic and phenotypic ages","Beta coefficient (years change in age acceleration per interquintile increase in diet score)","-1.85","-2.83","-0.87","","0.001","Model 2: adjusted for age, sex, ethnicity, education, poverty-income ratio, smoking status, physical activity, body mass index, diabetes, hypertension, cardiovascular disease, cancer, and average calories","Age, sex, ethnicity, education, poverty-income ratio, smoking status, physical activity, BMI, diabetes, hypertension, cardiovascular disease, cancer, average calories","","-1.85",""
"s41598-024-82747-3","Egorov","2025","Scientific Reports","USA","10.1038/s41598-024-82747-3","cross-sectional observational","116.0","57.7","residential greenness","distance-to-residence weighted tree cover, vegetated land cover, NDVI within 500 m buffer","environmental","Hannum, Horvath, Levine PhenoAge, Li","residuals from linear regression of epigenetic age on chronological age","change in EAA (years) per interquartile range increase in greenness","-1.6","-2.6","-0.6","","0.002","adjusted for race (white vs nonwhite), sex, waist-to-hip ratio, height, smoking status, white blood cell fractions, and two-dimensional spline of geographic coordinates","race, sex, waist-to-hip ratio, height, smoking status, WBC types (CD4+ T cells, CD8+ T cells, granulocytes, monocytes), spatial spline","","-1.6",""
"s41598-024-84957-1","Wen Zhao","2025","Scientific Reports","Europe","10.1038/s41598-024-84957-1","Two-sample Mendelian randomization","1341110.0","","Sleep traits","Self-reported insomnia; accelerometer-measured sleep efficiency; number of sleep episodes","Genetic instrumental variables from GWAS","GrimAge; HannumAge; IEAA","Epigenetic age acceleration","Odds ratio","1.17","1.04","1.31","","0.007","Adjusted for age, sex, principal components of ancestry, genotyping array, and study-specific variables","Age, sex, 10 principal components of ancestry, genotyping array, genetic correlation matrix, study center, season when activity-monitor worn","Log odds ratio converted from MR inverse variance weighted estimates","0.157",""
"s41598-025-25784-w","Pérez","2025","Scientific Reports","Spain","10.1038/s41598-025-25784-w","observational cohort","74.0","23.6","physical activity","elite soccer player status; injury risk cluster (high vs low); sex","behavioral/biological","Horvath; Hannum; PhenoAge; DNAmTL; Zhang EN; Zhang BLUP; GrimAge; GrimAge2","residuals of epigenetic age regressed on chronological age","difference in epigenetic age acceleration by sex and injury cluster","","","","","","linear models adjusted for sex; additional adjustment for collection date in sensitivity analyses","sex, collection date (in sensitivity analyses), playing position, inferred regional ancestry (no significant confounding)","EAA calculated as residuals from linear regression of epigenetic age on chronological age","",""
"s41598-025-25877-6","Chen","2025","Scientific Reports","USA","10.1038/s41598-025-25877-6","Cross-sectional study","23932.0","49.67","Metabolic biomarker ratio","Uric acid to high-density lipoprotein cholesterol ratio (UHR)","Continuous and tertiles","Phenotypic Age (PhenoAge); Klemera–Doubal Method (KDM) biological age","Phenotypic Age Acceleration (PhAA); KDM Age Acceleration (KDM-AA)","Standardized beta coefficient","1","0.94","1.06","","0.001","Model 3: adjusted for age, sex, race, education level, alcohol consumption, smoking status, cardiovascular disease, hypertension, diabetes, cancer, and physical activity","Age, sex, race, education level, alcohol consumption, smoking status, cardiovascular disease, hypertension, diabetes, cancer, physical activity","Standardized UHR (mg/dL UA divided by mg/dL HDL, multiplied by 100)","1.0",""
"s42003-025-09227-w","Gerber","2025","Communications Biology","Australia","10.1038/s42003-025-09227-w","observational cohort study","38.0","","social factors","cumulative social bond strength; mean male group size","social connectivity metrics","species-specific epigenetic clock calibrated for Tursiops aduncus","epigenetic age (years)","regression coefficient (linear mixed-effects model)","-9.75","-17.25","-2.26","","0.012","adjusted for chronological age, year sampled, and dolphin ID (random effects)","chronological age, year sampled, dolphin ID (random effects)","leave-one-individual-out cross validation (LOIOCV) elastic net regression","-9.75",""
"sex_differences_in_the_association_between_fatty.58","Yang","2025","Medicine","USA","10.1097/MD.0000000000046152","cross-sectional","16479.0","46.0","Metabolic dysfunction-associated steatotic liver disease (MASLD)","Fatty liver index (FLI)","continuous and quartiles","Phenotypic age (PhenoAge)","PhenoAge acceleration (PhenoAgeAccel)","beta coefficient and odds ratio","2.96","2.73","3.18","","0.001","Model 3: adjusted for demographics, lifestyle behaviors, and clinical covariates","age, sex, race, education, marital status, poverty-income ratio, smoking status, drinking status, physical activity, hypertension, diabetes mellitus, cardiovascular disease, chronic kidney disease, cancer","","2.96",""
"srivatsa-et-al-2025","Srivatsa","2025","Journal of the American Heart Association","United States","10.1161/JAHA.125.044946","retrospective cohort study","1264.0","69.0","epigenetic aging","DNAm GrimAge and epigenetic age acceleration","biological age biomarker","GrimAge","age acceleration (residual of GrimAge on chronological age)","hazard ratio","1.05","1.02","1.08","","0.001","fully adjusted for demographics, behaviors, comorbidities, medications","age, sex, race and ethnicity, education, income, smoking status, BMI, blood pressure, antihypertensive and lipid-lowering medication use, diabetes status, total cholesterol, LDL cholesterol; HF models additionally adjusted for health insurance","","0.04879",""
"The-association-between-phenotypic-age-acceleration-and-the-risk-of-allcause-and-cancer-mortality-among-cancer-survivors-NHANES-19992018_2026_Nature-Research","Lei Luo","2026","Scientific Reports","United States","10.1038/s41598-025-30747-2","cohort study (secondary analysis of NHANES data 1999-2018)","34246.0","45.5","biological aging","PhenoAge acceleration (PhenoAgeAccel)","continuous (standardized residual of phenotypic age minus chronological age), also categorized in tertiles","Phenotypic Age (PhenoAge) clock","PhenoAgeAccel (standardized residual of PhenoAge minus chronological age)","hazard ratio (HR) for mortality; odds ratio (OR) for cancer prevalence","1.97","1.54","2.52","","0.001","Model 2: adjusted for age (continuous), MET (continuous), sex, ethnicity, education level, family poverty income ratio, drinking status, smoking status, BMI, self-reported diabetes, self-reported hypertension","age, MET, sex, ethnicity, education level, family poverty income ratio, drinking status, smoking status, BMI, self-reported diabetes, self-reported hypertension","","0.677",""
