"Authors","Author full names","Author(s) ID","Title","Year","Source title","DOI","Link","Abstract","Index Keywords","PubMed ID","EID"
"Li, J.; Li, J.; Xu, X.; Shen, W.; Sun, Y.; Fu, Y.; Tan, X.; Wang, N.; Qi, L.; Wang, B.; Lu, Y.","Li, Jiang (58654555100); Li, Jie (59293615800); Xu, Xiaoqin (58680376500); Shen, Wenqi (57215716962); Sun, Ying (58875406500); Fu, Yanqi (58107241300); Tan, Xiao (56003722500); Wang, Ningjian (56637400700); Qi, Lu (57191987767); Wang, Bin (57074241400); Lu, Yingli (55506466600)","58654555100; 59293615800; 58680376500; 57215716962; 58875406500; 58107241300; 56003722500; 56637400700; 57191987767; 57074241400; 55506466600","Social determinants of health, accelerated biological aging, and long-term health outcomes","2026","Nature Communications","10.1038/s41467-025-67622-7","https://www.scopus.com/inward/record.uri?eid=2-s2.0-105028482540&doi=10.1038%2Fs41467-025-67622-7&partnerID=40&md5=b70a9ebcfda1a314108aab06e1198ebd","Social determinants of health (SDHs) are the primary drivers of health inequalities, but whether biological aging plays a role in linking SDHs to health outcomes remains unclear. Here we utilize detailed information on social determinants across five domains, clinical parameters and electronic health records from the UK Biobank and US NHANES to examine the associations between combined SDHs, accelerated biological aging, and health outcomes. Compared with participants in the favourable SDH group, participants in the unfavourable SDH group had increased KDM-BA and phenotypic age acceleration. Moreover, unfavourable SDHs were associated with elevated risks of mortality and incident diseases. Accelerated biological aging significantly mediated the association between SDHs and all-cause and cause-specific mortality (UK Biobank: mediation proportion 13.46%-25.21%; US NHANES: 7.62%-22.16%). Also, accelerated biological aging served as a mediator between SDHs and incident diseases in the UK Biobank, with the mediation proportions ranging from 6.20% to 30.48%. The estimates were likely specific to the UK Biobank cohort considering its healthy volunteer bias and limited socioeconomic diversity. Overall, our study reveals that the biological aging discrepancy partially explains the associations of combined SDHs with mortality and chronic diseases. Assessing and delaying aging acceleration may be an effective way to narrow the health disparities caused by SDHs. © The Author(s) 2025.","aging population; cohort analysis; mortality; public health; social discrimination; socioeconomic status; United Kingdom; United States; adult; aged; aging; biobank; chronic disease; epidemiology; female; health disparity; human; male; middle aged; nutrition; physiology; social determinants of health; Adult; Aged; Aging; Biological Specimen Banks; Chronic Disease; Female; Health Status Disparities; Humans; Male; Middle Aged; Nutrition Surveys; Social Determinants of Health","41444248","2-s2.0-105028482540"
"Cortez Cardoso Penha, R.C.C.; Onwuka, J.U.; Langdon, R.; Sandanger, T.M.; Nøst, T.H.; Vineis, P.; Johansson, M.; Milne, R.L.; Dugué, P.-A.; Relton, C.; Suderman, M.; McKay, J.; Johansson, M.","Cortez Cardoso Penha, Ricardo (57195132913); Onwuka, Justina Ucheojor (60346160600); Langdon, Ryan J.Q. (57203507760); Sandanger, Torkjel Manning (57208763885); Nøst, Therese Haugdahl (57205025958); Vineis, Paolo (7103293037); Johansson, Mikael B. (35746424500); Milne, Roger L. (36640290600); Dugué, Pierre Antoine (7003282931); Relton, Caroline L. (6603403494); Suderman, Matthew J. (8675316400); McKay, James D. (7201891825); Johansson, Mattias J. (56447900600)","57195132913; 60346160600; 57203507760; 57208763885; 57205025958; 7103293037; 35746424500; 36640290600; 7003282931; 6603403494; 8675316400; 7201891825; 56447900600","DNA methylation-based clocks, tobacco smoking, and lung cancer risk","2026","BMC Medicine","10.1186/s12916-025-04542-9","https://www.scopus.com/inward/record.uri?eid=2-s2.0-105028259560&doi=10.1186%2Fs12916-025-04542-9&partnerID=40&md5=bd0c458dfbb7947ff23c38b6317f1db2","Background: Biological age, estimated by DNA methylation-based (DNAm) clocks, has been reported to be associated with lung cancer risk. However, the extent to which tobacco smoking behaviours can explain this association and the extent to which DNAm clocks and their components can inform risk assessment for lung cancer remains to be elucidated. This study aimed to evaluate the relationship between DNAm clocks, smoking, and lung cancer risk. Methods: We analyzed four prospective cohorts (MCCS, Australia, 324 cases/324 controls; NSHDS, Sweden, 190 cases/190 controls; EPIC, Italy, 160 cases/107 controls; and NOWAC, Norway, 115 case/70 controls) with blood samples collected before lung cancer diagnosis. Study participants were restricted to those with a history of smoking. Incidence sampling was used to match one control to each of the lung cancer cases by cohort, sex, date of blood collection, age, and smoking status in MCCS and NSHDS. The risk discriminative performance of age-adjusted DNAm clocks and their components was compared with that of the Prostate, Lung, Colorectal, and Ovarian model 2012 (PLCO<inf>m2012</inf>) lung cancer risk model. Results: We found several DNAm clocks positively associated with lung cancer risk (Hannum: OR = 1.13, 95% CI = 1.02–1.26; PhenoAge: OR = 1.25, 95% CI = 1.12–1.40; DunedinPACE: OR = 1.44, 95% CI = 1.29–1.62; PCGrimAge (a principal component-denoised GrimAge): OR = 1.79, 95% CI = 1.56–2.06), after adjustment for age and tobacco smoking. Tobacco smoking explained a modest proportion of variance in most age-adjusted DNAm clocks (R2 < 11%), except for PCGrimAge, where it accounted for ~ 30% of variance in both lung cancer cases and controls. Detailed smoking adjustments attenuated the PCGrimAge association with lung cancer risk by 13%. In a secondary analysis adjusting for PCGrimAge components and the PLCO<inf>m2012</inf> score, DNA methylation-predicted packyears emerged as an independent predictor of lung cancer risk (OR = 2.23, 95% CI = 1.58–3.14). The area under the receiver operating characteristic curve (AUC) for the PLCO<inf>m2012</inf> model was 0.66 (95% CI = 0.61–0.71) compared with 0.72 (95% CI = 0.67–0.77) for the PCGrimAge model (P<inf>difference</inf> = 0.03). Combining PCGrimAge with PLCO<inf>m2012</inf> provided similar risk discrimination as PCGrimAge alone (AUC = 0.72, 95% CI = 0.67–0.77). Conclusions: Methylation-based biological clocks capture epigenetic marks left by exposure to tobacco smoke, and some clocks may inform lung cancer risk assessment by complementing or replacing traditional prediction models. © The Author(s) 2025.","cystatin C; growth differentiation factor 15; leptin; tissue inhibitor of metalloproteinase 1; adult; Article; body mass; cancer diagnosis; cancer risk; cohort analysis; controlled study; DNA methylation; DNA methylation age; epigenetics; female; follow up; human; lung cancer; major clinical study; male; middle aged; mortality risk; phenotype; prospective study; risk assessment; risk factor; smoking; tobacco; adverse event; aged; case control study; epidemiology; etiology; genetics; lung tumor; Adult; Aged; Case-Control Studies; DNA Methylation; Female; Humans; Lung Neoplasms; Male; Middle Aged; Prospective Studies; Risk Assessment; Risk Factors; Tobacco Smoking","41402808","2-s2.0-105028259560"
"Li, J.; Li, J.; Xu, X.; Zhang, K.; Wang, N.; Qi, L.; Wang, B.; Lu, Y.","Li, Jie (59293615800); Li, Jiang (58654555100); Xu, Xiaoqin (58680376500); Zhang, Kun (58898567300); Wang, Ningjian (56637400700); Qi, Lu (57191987767); Wang, Bin (57074241400); Lu, Yingli (55506466600)","59293615800; 58654555100; 58680376500; 58898567300; 56637400700; 57191987767; 57074241400; 55506466600","EAT-Lancet and plant-based diets, plasma metabolomic signatures, and biological aging","2026","npj Aging","10.1038/s41514-025-00306-0","https://www.scopus.com/inward/record.uri?eid=2-s2.0-105027543739&doi=10.1038%2Fs41514-025-00306-0&partnerID=40&md5=b2cad0227b2b095251ed0be4a7241b6c","The EAT-Lancet diet has been recently recommended for its potential health and environmental benefits. Here, leveraging data from the UK Biobank, we performed a comparative analysis to examine the associations of adherence to the EAT-Lancet diet versus traditional plant-based diets with biological aging and further assess the mediating role of metabolomic signatures specific to dietary patterns. Compared with the overall or healthful plant-based diet index, higher adherence to the EAT-Lancet diet was more strongly associated with decreased KDM-BA and PhenoAge acceleration and increased telomere length. In contrast, a higher unhealthful plant-based diet index was associated with accelerated biological aging. We identified substantial metabolomic variation in relation to different dietary patterns. The diet-specific metabolomic signatures mediated 26.9–63.0% of the associations between dietary patterns and biological aging. Our findings suggest the potential benefits of adopting the EAT-Lancet and plant-based diets in promoting healthy aging and highlight the potential of metabolomic signatures for informing personalized nutrition interventions. © The Author(s) 2025.","","","2-s2.0-105027543739"
"Luo, L.; Fu, J.; Wang, X.; Sui, X.","Luo, Lei (59460023100); Fu, Jixin (57216609960); Wang, Xinjian (57208885356); Sui, Xin (59275666800)","59460023100; 57216609960; 57208885356; 59275666800","The association between phenotypic age acceleration and the risk of all-cause and cancer mortality among cancer survivors: NHANES 1999–2018","2026","Scientific Reports","10.1038/s41598-025-30747-2","https://www.scopus.com/inward/record.uri?eid=2-s2.0-105027327047&doi=10.1038%2Fs41598-025-30747-2&partnerID=40&md5=8c15a5d34bb2d2322726d3d3055b87c2","Phenotypic age (PhenoAge) is a biological aging clock that estimates an individual’s biological age. However, the effect of PhenoAge acceleration (PhenoAgeAccel) on cancer is unclear. This study investigates the relationship between PhenoAgeAccel and cancer survivors. Data for this cohort study were sourced from the U.S. National Health and Nutrition Examination Survey (NHANES) spanning 1999–2018. The relationship between PhenoAgeAccel and cancer prevalence was evaluated using weighted multivariate logistic regression. Kaplan–Meier analyses and weighted multivariate-adjusted Cox analyses were conducted to examine the association between PhenoAgeAccel and all-cause as well as cancer-specific mortality in cancer survivors. Restricted cubic spline (RCS) analysis was utilized to assess nonlinear associations. Subgroup and sensitivity analyses were also performed to confirm the robustness of the findings. A total of 34,246 participants were included in our study, of which 3067 were cancer survivors (8.95% prevalence). With a median follow-up of 117 months (interquartile range: 50–155 months), there were 1161 deaths, including 351 from cancer. Weighted multivariate regression analysis revealed a significant positive association between higher PhenoAgeAccel and cancer prevalence (P for trend < 0.001). Multivariable-adjusted Cox regression analyses showed that elevated PhenoAgeAccel was significantly associated with increased all-cause and cancer-specific mortality among cancer survivors (P for trend < 0.001). RCS regression indicated no nonlinear relationship between PhenoAgeAccel and mortality outcomes (P for nonlinear relationship > 0.05). Kaplan-Meier analyses indicated a poorer prognosis with higher PhenoAgeAccel. Subgroup analyses based on tumor classification highlighted the differential prognostic impact of PhenoAgeAccel across various tumor types. Our findings reveal a significant linear correlation between PhenoAgeAccel and both all-cause and cancer-specific mortality in cancer survivors. © The Author(s) 2025.","adult; aged; aging; cancer survivor; epidemiology; female; human; Kaplan Meier method; male; middle aged; mortality; neoplasm; nutrition; phenotype; prevalence; risk factor; United States; Adult; Aged; Aging; Cancer Survivors; Female; Humans; Kaplan-Meier Estimate; Male; Middle Aged; Neoplasms; Nutrition Surveys; Phenotype; Prevalence; Risk Factors","41318813","2-s2.0-105027327047"
"Yun, D.; Oh, K.; Kim, Y.; Ahn, Y.M.; Parikh, H.M.; Meng, X.; Wang, Z.; Song, N.","Yun, Dabin (59140193100); Oh, Kwangyeon (59243109000); Kim, Yujin (59621199900); Ahn, Yong-min (7202402913); Parikh, Hemang M. (8745980300); Meng, Xiaoxi (57192590223); Wang, Zhaoming (35346086300); Song, Nan (57201567825)","59140193100; 59243109000; 59621199900; 7202402913; 8745980300; 57192590223; 35346086300; 57201567825","KoMethylNet: a novel epigenetic clock based on neural network analysis of DNA methylation data and epigenetic age acceleration in a Korean population","2026","BMC Medicine","10.1186/s12916-025-04564-3","https://www.scopus.com/inward/record.uri?eid=2-s2.0-105027030696&doi=10.1186%2Fs12916-025-04564-3&partnerID=40&md5=ed173a85ec333a62b4c554120ae3845b","Background: Epigenetic clocks have been extensively investigated in individuals of European ancestry and may be suboptimal in East Asians. We developed a novel epigenetic clock (KoMethylNet) using neural network analysis of DNA methylation (DNAm) data from the Korean population to predict chronological ages. Methods: DNAm data (367,785 CpG sites) from 2,747 participants (Infinium Human Methylation 450 K BeadChip: N = 397; Infinium MethylationEPIC BeadChip: N = 2,350) in the Korean Genome and Epidemiology Study (KoGES) were used to train the neural network on chronological ages. SHapley Additive exPlanation analysis was used to select the optimal number of CpG sites. KoMethylNet-epigenetic age acceleration (EAA)-phenotype analysis was conducted with linear regression, to identify aging-related phenotypes in the Korean population. Results: KoMethylNet, which uses 300 CpG sites, achieved a mean absolute error (MAE) of 2.82 years, a mean squared error (MSE) of 12.68 years, and a Pearson’s correlation coefficient (R) of 0.90 with chronological age. In the external validation using healthy Korean individuals, KoMethylNet achieved the highest performance (MAE = 2.74, MSE = 12.29, R = 0.94). Seven phenotypes, including diabetes-related traits (diabetes, HbA1c, and urine glucose), were positively associated with KoMethylNet-EAA. Conclusions: We developed a neural network-based DNAm aging clock using Korean population data that enables precise age prediction and offers potential opportunities for advancing aging-related research in Korea. © The Author(s) 2025.","albumin; glucose; hemoglobin A1c; adult; alcohol consumption; Article; artificial neural network; cardiovascular disease; cohort analysis; deep learning; diabetes mellitus; DNA methylation; dyslipidemia; educational status; epigenetic clock; female; heart infarction; human; hypertension; Korean (people); lifestyle; machine learning; major clinical study; male; mental stress; middle aged; obesity; physical activity; prospective study; quality control; single nucleotide polymorphism; aged; aging; CpG island; East Asian; genetic epigenesis; genetics; South Korea; Adult; Aged; Aging; CpG Islands; DNA Methylation; East Asian People; Epigenesis, Genetic; Female; Humans; Korean people; Male; Middle Aged; Neural Networks, Computer; Republic of Korea","41339892","2-s2.0-105027030696"
"Tang, D.; Guo, Z.; Chen, J.; Chen, Y.; Zhang, Y.","Tang, Dan (60284486500); Guo, Zhinan (55390535800); Chen, Juanjuan (60283881500); Chen, Youlan (58978542400); Zhang, Yidun (60284336600)","60284486500; 55390535800; 60283881500; 58978542400; 60284336600","Different dimensions of smoking behavior and their associations with accelerated composite biomarkers-based biological aging in Chinese older adults","2026","BMC Geriatrics","10.1186/s12877-025-06828-2","https://www.scopus.com/inward/record.uri?eid=2-s2.0-105026712861&doi=10.1186%2Fs12877-025-06828-2&partnerID=40&md5=e04102d7a959b405ccfedf0826c36b12","Background: Smoking is a leading risk factor for numerous adverse health outcomes. However, in the context of a dramatically increasing aging population, evidence on how different dimensions of smoking characteristics is associated with biological aging remains limited and inconclusive. Methods: This cross-sectional study involved 143,955 participants aged ≥ 65 years from the Chinese National Basic Public Health Services Project in 2021. A composite biomarkers-based biological age (BA) was constructed using the Klemera-Doubal method (KDM). We estimated the associations of different dimensions of smoking (including smoking status, smoking initiation age, cigarettes smoked per day, smoking duration, years of smoking-to-age ratio, and cumulative smoking pack-years) with the value, and the severity of KDM-BA acceleration using multiple linear regression and multinomial logistic regression, respectively. Restricted cubic splines (RCS) were used to examine their dose-response relationships. Results: All dimensions of smoking behavior were significantly associated with accelerated KDM-BA and elevated risk of severely accelerated aging (Δ ≥ 2 years). Compared with never smokers, participants who were current smokers, smoked since childhood, smoked more than 20 cigarettes per day, smoked for more than 50 years, smoked for more than 70% of their years of life, and smoked more than 40 pack-years, had an increased KDM-BA acceleration by 0.33 (95% CI: 0.30–0.36), 0.55 (95% CI: 0.29–0.81), 0.32 (95% CI: 0.29–0.35), 0.35 (95% CI: 0.31–0.38), 0.35 (95% CI: 0.32–0.39), and 0.33 (95% CI: 0.30–0.36) years, respectively. According to results of RCS, smoking duration and years of smoking-to-age ratio showed a linearly increasing dose-response relationship with KDM-BA acceleration, while the patterns for cigarettes smoked per day and cumulative smoking pack-years exhibited a rapid increase initially, but followed a slight decline after reaching a peak at approximately 15 cigarettes/day and 55 pack-years. Among participants ever smoked, earlier smoking initiation age was associated with greater KDM-BA acceleration, reaching a plateau after age 20. Conclusions: Different dimensions of smoking show robust and dose-response relationships with composite biomarkers-based BA acceleration. Our findings confirm that there is no safe level of smoking and emphasize the public health significance of achieving small but population-wide shifts in biological age by strengthening tobacco control measures. © The Author(s) 2025.","biological marker; adverse event; aged; aging; Asian; blood; China; cross-sectional study; epidemiology; female; human; male; physiology; psychology; risk factor; smoking; very elderly; Aged; Aged, 80 and over; Aging; Asian People; Biomarkers; Cross-Sectional Studies; Female; Humans; Male; Risk Factors; Smoking","41327046","2-s2.0-105026712861"
"Mourelle-Sanmartín, P.; Lorenzo-López, L.; Millán-Calenti, J.C.; Andrew, M.K.; Theou, O.","Mourelle-Sanmartín, Pablo (58548131200); Lorenzo-López, Laura (57201289551); Millán-Calenti, José Carlos (6507030225); Andrew, Melissa Kathryn (56819253000); Theou, Olga (23398558600)","58548131200; 57201289551; 6507030225; 56819253000; 23398558600","From age to frailty: redefining chronic pain characterization","2026","Aging Clinical and Experimental Research","10.1007/s40520-025-03273-4","https://www.scopus.com/inward/record.uri?eid=2-s2.0-105026697544&doi=10.1007%2Fs40520-025-03273-4&partnerID=40&md5=99e16f2f1c4502ab61af3363868cd012","Background: Chronic pain in older adults is highly prevalent, multifactorial, and often associated with greater intensity, multisite involvement, and functional impairment. Despite its burden, it remains frequently underdiagnosed and undertreated. Chronological age alone does not adequately capture biological vulnerability or interindividual variability in pain expression. Aims: To examine the associations of frailty, an indirect marker of biological age, and chronological age with chronic pain characteristics. Methods: We conducted a cross-sectional study including 455 adults (≥18 years) recruited from primary care. Thirty-three pain characteristics were assessed through structured interviews. Frailty was quantified using a 31-item Frailty Index based on the deficit accumulation model. Associations of frailty, chronological age, and sex with each pain variable were analyzed using multivariable linear and logistic regression models. Results: Most pain characteristics were more consistently associated with frailty than with chronological age, although effect sizes were modest (sr2 typically 1–5%). Frailty correlated with greater pain intensity (sr 0.23, r2 5.3%), higher frequency (sr 0.10, r2 1.1%), and continuous or mixed-type pain (OR 0.97, 95% CI 0.95–0.99). In contrast, chronological age primarily predicted temporal aspects, including pain duration, diagnostic delay, and time to first analgesic prescription. Age and frailty showed opposite directions of association for certain domains, such as accompanying symptoms and daily pain duration. Conclusion: Frailty provides complementary information to chronological age in characterizing chronic pain. Integrating frailty assessment into routine pain evaluation may enable more individualized management, enhance pain control, and reduce age-related disparities in clinical care. © The Author(s) 2025.","analgesic agent; adult; age; aged; analytical research; anorexia; Article; asthenia; biological age; chronic pain; cross-sectional study; female; frailty; headache; hip pain; human; knee pain; low back pain; major clinical study; male; movement (physiology); neuropathic pain; pain intensity; prescription; shoulder pain; sleep disorder; social participation; structured interview; temperature; very elderly; article; controlled study; drug combination; pain; pain assessment","41329254","2-s2.0-105026697544"
"Bozack, A.K.; Khodasevich, D.; Nwanaji-Enwerem, J.C.; Gladish, N.; Shen, H.; Daredia, S.; Needham, B.L.; Rehkopf, D.H.; Guasch-Ferré, M.; Cardenas, A.","Bozack, Anne K. (55752087700); Khodasevich, Dennis (57221596004); Nwanaji-Enwerem, Jamaji C. (55631011300); Gladish, Nicole (57193826977); Shen, Hanyang (57199935135); Daredia, Saher (57965388500); Needham, Belinda L. (7003656844); Rehkopf, David H. (6602465684); Guasch-Ferré, Marta (55110459200); Cardenas, Andrès (55315594400)","55752087700; 57221596004; 55631011300; 57193826977; 57199935135; 57965388500; 7003656844; 6602465684; 55110459200; 55315594400","Dietary fatty acids and epigenetic aging in US adults: results from the National Health and Nutrition Examination Survey","2026","npj Aging","10.1038/s41514-025-00298-x","https://www.scopus.com/inward/record.uri?eid=2-s2.0-105026667612&doi=10.1038%2Fs41514-025-00298-x&partnerID=40&md5=a0d686a3193ca7cff658b19e28f50e5d","Fatty acids are involved in disease risk and aging processes. In the US National Health and Nutrition Examination Survey (1999–2002), we tested for associations of total, saturated (SFA), monounsaturated (MUFA), polyunsaturated (PUFA), and subtypes of dietary fatty acids with DNA methylation-based aging biomarkers, adjusting for age, BMI, total energy intake, and sociodemographic and behavioral factors (N = 2260). Higher SFA and MUFA were associated with greater GrimAge2, an aging biomarker of mortality; PUFA was associated with lower Horvath1, Hannum, and PhenoAge (p < 0.05). Omega-3 and the PUFA:SFA ratio were negatively associated with Horvath1, Hannum, Vidal-Bralo, and PhenoAge. Notably, a one-unit increase in PUFA:SFA was associated with 1.05 years lower PhenoAge (95% CI = −1.87, −0.22). We found consistent positive associations for SFA subtypes and negative associations for PUFA subtypes with epigenetic aging; associations of MUFA subtypes varied. Future studies, including randomized controlled trials, are needed to investigate causality and downstream clinical outcomes. © The Author(s) 2025.","","","2-s2.0-105026667612"
"Ross, J.P.; Varley, B.J.; Wells, J.K.; Yeh, R.P.L.; Pickett, H.A.; Vasireddy, R.S.; Roberts, L.; Davis, G.; Henry, A.; Craig, M.E.; Gow, M.L.","Ross, Jason P. (36459096000); Varley, Benjamin J. (57204790953); Wells, Jadon K. (58514031400); Yeh, Robyn P.L. (60263706300); Pickett, Hilda Amelia (7003852385); Vasireddy, Raja S. (35489634200); Roberts, Lynne Margaret (7401560649); Davis, Gregory K. (55454931000); Henry, Amanda (7101744117); Craig, Maria E. (59333474500); Gow, Megan L. (55697014500)","36459096000; 57204790953; 58514031400; 60263706300; 7003852385; 35489634200; 7401560649; 55454931000; 7101744117; 59333474500; 55697014500","DNA methylation and telomere length in 2–5 year olds with intrauterine preeclampsia exposure: a P4 sub-study","2026","Clinical Epigenetics","10.1186/s13148-025-02029-1","https://www.scopus.com/inward/record.uri?eid=2-s2.0-105026381475&doi=10.1186%2Fs13148-025-02029-1&partnerID=40&md5=7952d1391839bd610d0ef49b1e7fabd0","Preeclampsia is a hypertensive disorder of pregnancy characterised by new onset hypertension at ≥ 20 weeks’ gestation accompanied by maternal organ dysfunction and/ or fetal compromise. This hypertensive exposure in pregnancy has known long-term consequences for both the mother and child. Presently, the mechanisms for these cardiometabolic, immunological and neurodevelopmental consequences in the child aren’t well characterised, but epigenetic changes in development and premature biological aging may play a role in the development of these long-term morbidities. To investigate, we assessed genome-wide DNA methylation and biological aging in the blood of 2–5 year-old children with (n = 20) or without (n = 20) previous intrauterine exposure to preeclampsia. Exposure to preeclampsia was associated with 103 differentially methylated regions (DMRs) proximal to both known and novel candidate genes. Biological aging, as determined by two telomere length quantification methods and an epigenetic clock, was found to not be statistically different between the preeclampsia exposure and normotensive pregnancy groups. From the 103 DMRs, gene ontology analysis highlighted that 17 regions are proximal to genes involved in cell–cell adhesion (p = 7.49 × 10–12), and more specifically homophilic cell adhesion (p = 7.49 × 10–12). This is the first study to consider genome-wide epigenetic changes in the blood of young children exposed to preeclampsia in utero, with previous studies concentrating on cord blood or placental biopsy material collected at birth. © Crown 2025.","adult; aging; Article; cell adhesion; clinical article; clinical outcome; controlled study; data analysis; DNA methylation; environmental factor; epigenetics; female; gene ontology; human; molecular clock; morbidity; preeclampsia; prenatal exposure; telomere length; genetic epigenesis; genetics; genome-wide association study; male; pregnancy; prenatal exposure delayed effect; preschool child; procedures; telomere; telomere homeostasis; Adult; Child, Preschool; DNA Methylation; Epigenesis, Genetic; Female; Genome-Wide Association Study; Humans; Male; Pre-Eclampsia; Pregnancy; Prenatal Exposure Delayed Effects; Telomere; Telomere Homeostasis","41286963","2-s2.0-105026381475"
"Z.; Cheung, H.; Ding, K.; Tan, Q.; Y.; Cheng, D.; Kong, S.; Yin, X.; Wang, D.; K.; Y.; Zhou, J.; Luo, Y.; Li, Z.; Chen, L.","; Cheung, Hoiyin (56414121500); Ding, Ke (57195490403); Tan, Qilian (57203269205); Cheng, Dan (57203262083); Kong, Siyu (59002709800); Yin, Xuan (59424114100); Wang, Danpeng (58634402400); Zhou, Jifang (57195221311); Luo, Yan (56374560000); Li, Zezhi (57209290329); Chen, Lihai (57190407983)","60369099200; 56414121500; 57195490403; 57203269205; 60368698100; 57203262083; 59002709800; 59424114100; 58634402400; 60368698200; 60370107400; 57195221311; 56374560000; 57209290329; 57190407983","Biological age acceleration associated with mental and behavioural disorders: Evidence from the UK biobank cohort","2026","Journal of Affective Disorders","10.1016/j.jad.2026.121265","https://www.scopus.com/inward/record.uri?eid=2-s2.0-105029243657&doi=10.1016%2Fj.jad.2026.121265&partnerID=40&md5=0d4f33758015cc4379c444e74b407a48","Background Mental and behavioural disorders may accelerate biological ageing, but comprehensive evidence integrating observational and causal approaches is lacking. Methods We performed observational and Mendelian randomisation (MR) analyses. First, 502,411 UK Biobank participants (78,674 with ICD-10 Mental and Behavioural Disorders) were propensity score matched (1:1). Biological Age Acceleration (BAA = biological age − chronological age) was regressed on mental and behavioural disorder status, and robustness checks were conducted using heteroscedasticity-robust and cluster-robust standard errors. Second, two-sample MR assessed causal effects of genetic liability to six mental and behavioural disorders on four ageing biomarkers, using strong genetic instruments (F > 10) and validated through sensitivity analyses including MR-Egger, Cochran's Q, and leave-one-out tests. Results Ever having a diagnosis of a mental and behavioural disorder was associated with higher BAA (β = 0.261, 95% CI: 0.229–0.293, P < 0.001). Strongest associations were observed for disorders of psychological development (β = 0.717), organic mental and behavioural disorders (β = 0.395), and mental and behavioural disorders due to psychoactive substance use (β = 0.338). BAA increased with comorbidity count (P-trend <0.001). MR indicated potential causal effects of depression (OR = 5.12 for frailty index), insomnia (OR = 2.04 for frailty index), and anxiety (OR = 1.06 for frailty index) on accelerated ageing, with no evidence of horizontal pleiotropy (MR-Egger intercept P > 0.05). Bipolar disorder was associated with slower epigenetic ageing (OR = 0.71 for GrimAge). Alcohol use disorder increased facial ageing (OR = 1.02). Schizophrenia showed no significant associations. Conclusions Mental and behavioural disorders are observationally and robustly linked to accelerated biological ageing, with a dose-response by comorbidity. Genetic evidence supports potential causal roles for depression, insomnia, and anxiety in promoting ageing, while bipolar disorder may relate to slower epigenetic ageing. Biological ageing should be considered in the long-term management of mental health. © 2026 Elsevier B.V.","","41610891","2-s2.0-105029243657"
"Ali, Z.; Bilal, M.; Panhwar, S.; Junaid, M.; Keerio, H.A.; Hussain, I.","Ali, Zouhaib (58475859000); Bilal, Muhammad Kashif (59174683900); Panhwar, Sallahudin (57196185567); Junaid, Muhammad (59311374200); Keerio, H. A. (57214450708); Hussain, Israr (60346085500)","58475859000; 59174683900; 57196185567; 59311374200; 57214450708; 60346085500","Predictive Machine Learning for Seasonal Water Quality Insights","2026","Water, Air, and Soil Pollution","10.1007/s11270-026-09127-7","https://www.scopus.com/inward/record.uri?eid=2-s2.0-105028289373&doi=10.1007%2Fs11270-026-09127-7&partnerID=40&md5=2b9a16d230d80efc0e09d0d9df9f6e89","Water is essential to human health, economic development, and productivity. Many contaminants have significantly affected the quality of water over time; thus, predicting water quality using modern tools is vital for mitigating water pollution. This research focused on an intensive examination of two distinct lakes. 80 surface water samples were taken randomly from each lake for 8 months continuously and tested in laboratory for physicochemical characteristics to determine the drinkability of the two lakes. However, 8 Spin Karez samples Lake and 18 Hanna Lake samples were deemed unsafe to drink. The samples were classified as drinkable or non-drinkable based on their drinkability values. The first six months of drinkability data were used to train the algorithms, and then the remaining two months of drinkability data were forecasted. Confusion matrix was used to examine the prediction performance of seven distinct supervised machine learning (ML) algorithms – Linear Regression (LR), Decision Tree Classifier (DTC), Random Forest (RF), XGBoosting (XGB), K-Nearest Neighbor (KNN), Support Vector Machines (SVM), and Adaptive Boosting (Adaboost). The models accurately predicted the water quality with DTC outperforming for both lakes. This study contributes to the evolution of prediction tools by integrating ML with environmental monitoring for sustainable water resource management. © The Author(s), under exclusive licence to Springer Nature Switzerland AG 2026.","Decision trees; Economics; Environmental management; Forecasting; Lake pollution; Lakes; Learning systems; Nearest neighbor search; Random forests; Support vector regression; Sustainable development; Water conservation; Water management; Decision tree classifiers; Economic productivity; Hannum lake; Health economics; Human health; Machine-learning; Physico - chemical parameters; Seasonal water qualities; Spin karez; Water quality predictions; Water quality; barium; calcium; drinking water; potassium; sodium; environmental monitoring; laboratory method; lake water; machine learning; mitigation; performance assessment; physicochemical property; seasonal variation; sustainability; sustainable development; water management; water pollution; water quality; water resource; agriculture; Article; electrical conductivity parameters; hardness; inductively coupled plasma mass spectrometry; nonhuman; pH measurement; physical chemistry; prediction; supervised machine learning; support vector machine; training; turbidity; Baluchistan; Hanna Lake; Pakistan","","2-s2.0-105028289373"
"Jones-Antwi, R.E.; Clausing, E.S.; Shelton, R.C.; Conneely, K.N.; Prada-Ortega, D.; Factor-Litvak, P.; Cirrillo, P.; Baccarelli, A.; Cohn, B.; Keyes, K.M.; Link, B.G.; Suglia, S.F.","Jones-Antwi, Rebecca E. (57200649879); Clausing, Elizabeth S. (57194007634); Shelton, Rachel C. (24179070500); Conneely, Karen N. (9334492400); Prada-Ortega, Diddier Giovanni (58116935700); Factor-Litvak, Pam R. (6603670889); Cirrillo, Piera (59189321800); Baccarelli, Andrea A. (57203175853); Cohn, Barbara A. (7006370623); Keyes, Katherine M. (14060178900); Link, Bruce George (7102802932); Suglia, Shakira Franco (13807133600)","57200649879; 57194007634; 24179070500; 9334492400; 58116935700; 6603670889; 59189321800; 57203175853; 7006370623; 14060178900; 7102802932; 13807133600","Mental health across the lifecourse as predictors of epigenetic aging from a longitudinal birth cohort in the United States","2026","Journal of Affective Disorders","10.1016/j.jad.2025.120962","https://www.scopus.com/inward/record.uri?eid=2-s2.0-105026475878&doi=10.1016%2Fj.jad.2025.120962&partnerID=40&md5=b69791568762c1bab8bb1b4fa3663856","Poor mental health has been linked with an increased risk of accelerated aging. This study examines associations between indicators of poor mental health across the life course and markers of epigenetic aging among 274 participants from the Child Health and Development Studies (CHDS) Disparities (DISPAR) Study. The sample included those with complete data on indicators of mental health in childhood (age 9–11) (sadness/isolated and anxious/fearful) and adulthood (age 50) (psychological distress and depressive symptoms). Epigenetic age acceleration (in blood) was estimated using two generations of epigenetic clocks and one DNA methylation biomarker in adulthood (DunedinPACE). We used path analysis to evaluate both direct and indirect effects of child mental health and epigenetic aging with mediation through adult mental health. Among menopausal females, higher psychological distress in adulthood was associated with greater epigenetic aging through PhenoAge Acceleration [Beta (95 % CI)] [0.27 (0.001,0.53)]. Higher depressive symptoms was associated with lower epigenetic aging through GrimAge Acceleration among menopausal females [−0.30 (−0.51,−0.09)] and through PhenoAge [−0.35 (−0.61,-0.10)]. Higher sadness/isolated scores in childhood were associated with higher epigenetic aging through PhenoAge Acceleration among males [0.20 (0.03,0.38)]. No indirect effects were found. Overall, we found sex and time-period differences in how mental health measures are associated with epigenetic age. © 2025 Elsevier B.V.","biological marker; adolescent; adult; adulthood; Article; birth cohort; child; child health; childhood; cohort analysis; demographics; depression; distress syndrome; DNA methylation; epigenetic clock; female; health disparity; home visit; human; lifespan; longitudinal study; male; menopause; mental health; middle aged; path analysis; questionnaire; sadness; school child; telephone interview; United States; aging; genetic epigenesis; genetics; mental stress; psychology; Adult; Aging; Birth Cohort; Child; Depression; DNA Methylation; Epigenesis, Genetic; Female; Humans; Longitudinal Studies; Male; Menopause; Mental Health; Middle Aged; Psychological Distress; Stress, Psychological","41443306","2-s2.0-105026475878"
"Chi, F.; AU, W.C.W.; Tsang, N.K.F.; Han, H.","Chi, Fiona (59341138500); AU, Wai Ching Wilson (57214229482); Tsang, Nelson Kee Fu (15833688200); Han, Heesup (21233360400)","59341138500; 57214229482; 15833688200; 21233360400","The voice-pitch-induced identifiable victim effect in hotels' pro-environmental communications","2026","Tourism Management","10.1016/j.tourman.2025.105293","https://www.scopus.com/inward/record.uri?eid=2-s2.0-105014392241&doi=10.1016%2Fj.tourman.2025.105293&partnerID=40&md5=4245219371c44e4a64e401905ec5ccef","Hotels are increasingly implementing pro-environmental policies to reduce the industry's harmful impact on the environment. However, effective communication of such policies is crucial to generate support and preserve guest satisfaction. Grounded in sound symbolism, this study examines how the pitch of a video voiceover influences the identifiable victim effect, ultimately shaping tourists' support for pro-environmental practices in hotels. Two experimental studies consistently demonstrate that a higher-pitch (vs. lower-pitch) voice leads participants to perceive the speaker as younger while simultaneously heightening their sense of victimization by environmental degradation. This voice-induced perception serves as a salient verbal cue that activates the identifiable victim effect through moral emotions. These findings extend our understanding of how voice pitch modulates both biological (age) and psychological (victimization) perceptions in video-based environmental communication. Practically, this study puts forward a way that tourism businesses can immediately and easily enhance the effectiveness of their pro-environmental messaging by adjusting the voice pitch. © 2025 Elsevier Ltd","environmental degradation; environmental values; hotel industry; morality; perception; symbolism; tourism; tourist behavior","","2-s2.0-105014392241"
"Pisarek-Pacek, A.; Rudnicka, J.; Noroozi, R.; Wysocka, B.; Masny, A.; Spólnicka, M.; Ossowski, A.; Sitek, A.; Macur, A.; Janeczko, J.; Kania, G.; Sikora-Polaczek, M.; Branicki, W.; Poṡpiech, E.","Pisarek-Pacek, Aleksandra (58895806700); Rudnicka, Joanna (57222332481); Noroozi, R. (57115228700); Wysocka, Bożena (58532681000); Masny, Aleksander (6603391745); Spólnicka, Magdalena (13406940300); Ossowski, Andrzej (24171780600); Sitek, Aneta (15124448900); Macur, Aneta (57227544300); Janeczko, Jarosław (57027702900); Kania, Gabriela (60335919800); Sikora-Polaczek, Marta (12786419200); Branicki, Wojciech (8398409800); Poṡpiech, Ewelina (41561911600)","58895806700; 57222332481; 57115228700; 58532681000; 6603391745; 13406940300; 24171780600; 15124448900; 57227544300; 57027702900; 60335919800; 12786419200; 8398409800; 41561911600","ForSpEC: A compact forensic epigenetic age clock for sperm cells with cross‑platform validation","2026","Forensic Science International: Genetics","10.1016/j.fsigen.2026.103426","https://www.scopus.com/inward/record.uri?eid=2-s2.0-105027683977&doi=10.1016%2Fj.fsigen.2026.103426&partnerID=40&md5=192569cae8350e2858147af23f554d79","Expanding the use of forensic DNA intelligence requires the development of accurate DNA-based predictive models. The primary challenge in achieving a highly accurate epigenetic age prediction method in sperm lies in the unique biological function of male reproductive cells. In this study, we independently evaluated the Germ Line Age (GLA) calculator, one of the most comprehensive tools for predicting sperm age to date. We then set out to define a streamlined, well-curated set of sperm cell-specific markers suitable for forensic applications, while providing an integrated laboratory tool for targeted methylation profiling using bisulfite amplicon sequencing with Ion AmpliSeq™ technology. DNA was extracted from 212 sperm samples, genome-wide DNA methylation was measured using Infinium MethylationEPIC (EPIC) arrays and methylation beta values were extracted for 260 literature-reported CpG markers. Application of the GLA model to this sperm cell dataset resulted in a mean absolute error (MAE) of 2.82 years. As a next step, predictive analysis based on 147 training set samples identified a subset of eight optimal CpG markers for model building. Due to technical constraints encountered during Ion AmpliSeq™ assay optimization, the final model was refined to include seven CpGs, yielding the ForSpEC (Forensic Sperm Epigenetic Clock) model. ForSpEC predicted age with an MAE of 3.13 years in the 65 test samples. When the EPIC-trained ForSpEC model was applied to Ion AmpliSeq™ data (N = 20), age prediction accuracy remained high, with an MAE of 3.76 years. For comparison, existing predictors were retrained using EPIC data, demonstrating that the seven CpGs comprising ForSpEC rank among the most accurate predictors of sperm epigenetic age. The model was further validated using data from publicly available repositories and the impact of cellular composition on prediction accuracy was additionally addressed by comparing DNA samples isolated from sperm cells with whole semen samples. Overall, this study advances sperm-based epigenetic age estimation by introducing ForSpEC, a highly accurate forensic epigenetic clock that relies on just seven CpG markers. This new method exhibits only a modest reduction in accuracy compared to the GLA model, which relies on 261 CpGs. Moreover, the analyses underscore the high utility of Ion AmpliSeq™ technology for targeted DNA methylation analysis in forensic applications. © 2026 The Authors","DNA; accuracy; adult; age determination; amplicon; Article; bisulfite sequencing; CpG island; DNA extraction; DNA isolation; DNA methylation; DNA purification; DNA sequencing; epigenetic clock; forensic genetics; genome-wide association study; germ line age calculator; groups by age; high throughput sequencing; human; human cell; major clinical study; male; male infertility; mean absolute error; Poland; predictive model; sample; sperm age; technology","41564517","2-s2.0-105027683977"
"Zhao, X.; Ding, C.; Zhang, H.; Xu, Y.; Gong, Y.; Hao, D.; Wang, Z.; Li, X.","Zhao, Xuetong (60148579300); Ding, Chongyu (59369600000); Zhang, Hui (57276491300); Xu, Yaqian (57201652237); Gong, Yulu (59369599900); Hao, Darong (59369501400); Wang, Zhaojun (57192441379); Li, Xiangwei (36716628200)","60148579300; 59369600000; 57276491300; 57201652237; 59369599900; 59369501400; 57192441379; 36716628200","Associations of DNA methylation algorithm measures of aging with type 2 diabetes and mortality risk among US older adults","2026","Maturitas","10.1016/j.maturitas.2026.108827","https://www.scopus.com/inward/record.uri?eid=2-s2.0-105027513678&doi=10.1016%2Fj.maturitas.2026.108827&partnerID=40&md5=a2408148826aee2b3f27ebbb3a2a100b","Background: DNA methylation algorithm values show promise as biomarkers for aging and adverse health outcomes, However, their comparative predictive utility for type 2 diabetes mellitus and its related mortality remains inadequately characterized. This study systematically evaluated twelve established epigenetic algorithms to address this knowledge gap. Methods: Utilizing data from the National Health and Nutrition Examination Survey (NHANES) 1999–2002, we assessed twelve DNA methylation algorithms (e.g., PhenoAgeAcc, GrimAgeMortAcc, GrimAge2MortAcc) in relation to type 2 diabetes mellitus risk and mortality among 2532 participants aged 50 years or more. DNA methylation was measured using the Infinium Methylation EPIC BeadChip kit. Statistical models quantified effect estimates as odds ratios for type 2 diabetes mellitus risk and subdistribution hazard ratios for mortality, with 95% confidence intervals expressed per one-standard deviation increment in epigenetic age Acceleration metrics. Results: Significant associations were observed for PhenoAgeAcc, GrimAgeMortAcc, and GrimAge2MortAcc with type 2 diabetes mellitus risk, with multivariable-adjusted odds ratios (95% confidence interval) per standard deviation increase of 1.24 (1.04–1.49), 2.08 (1.39–3.13), and 2.95 (1.97–4.43), respectively. These associations remained consistent across biological sex and age subgroups (50–64 vs. ≥65 years). For mortality risk, eight algorithm measures were positively associated with type 2 diabetes mellitus mortality, with GrimAgeMortAcc and GrimAge2MortAcc showing the strongest predictive performance, with adjusted subdistribution hazard ratios (95% confidence interval) per standard deviation increase of 1.61 (1.39–1.87) and 1.69 (1.48–1.93), respectively. Conclusions: DNA methylation algorithm values, particularly GrimAgeMortAcc and GrimAge2MortAcc, are strongly associated with prevalent type 2 diabetes mellitus and show significant utility for mortality risk stratification, highlighting the potential of these algorithms as tools for identifying high-risk populations. These findings highlight the potential of epigenetic biomarkers in guiding targeted prevention strategies. © 2026 Elsevier B.V.","acetylsalicylic acid; antidiabetic agent; antilipemic agent; DNA; glucose; hemoglobin A1c; aged; aging; algorithm; Article; body composition; body mass; controlled study; DNA methylation; epigenetic clock; female; glucose blood level; human; hypertension; major clinical study; male; mass; mortality risk; non insulin dependent diabetes mellitus; oral glucose tolerance test; prevalence; senescence; sex difference; United States","41547195","2-s2.0-105027513678"
"Wei, K.; Chen, X.","Wei, Kai (57681134700); Chen, Xiaotong (57221196122)","57681134700; 57221196122","Current marijuana use is cross-sectionally associated with accelerated biological aging among U.S. adults: exploring mediating effect of blood cadmium","2026","Journal of Nutrition, Health and Aging","10.1016/j.jnha.2026.100778","https://www.scopus.com/inward/record.uri?eid=2-s2.0-105027435548&doi=10.1016%2Fj.jnha.2026.100778&partnerID=40&md5=ca9acd94733a59a17a14cbc9726d6f14","Background Global marijuana use has risen markedly in recent decades. Although prior research suggests that marijuana use is associated with epigenetic alterations, its relationship with biological aging remains unclear. This study aimed to examine the association between marijuana use and accelerated aging and explore the mediating role of metal exposure. Methods Using data from 12,806 U.S. adults (NHANES 2005–2018), biological age (BA) was calculated using two validated algorithms, phenotypic age (PhenoAge) and Klemera–Doubal biological age (KD-BioAge), with aging acceleration defined as the residuals from linear regression of BA on chronological age (CA). Marijuana use status was ascertained via standardized interviews. Analyses included survey-weighted multivariable linear regression, stratified subgroup analyses, joint exposure assessments, and mediation analyses. Results Current marijuana users exhibited significantly accelerated aging versus never users: PhenoAge acceleration (β = 0.72, 95% CI: 0.41–1.02, P < 0.001) and KD-BioAge acceleration (β = 0.36, 95% CI: 0.14–0.59, P = 0.002), after full adjustment. Subgroup and joint exposure analyses showed consistent associations, with evidence of additive associations among dual users of marijuana and tobacco. Mediation analyses identified blood cadmium as a partial mediator, explaining 15.6% and 8.3% of aging acceleration for PhenoAge and KD-BioAge, respectively. Discussion This study provides robust epidemiological evidence linking marijuana use to accelerated biological aging, with blood cadmium identified as a potential mechanistic link. These findings highlight the public health importance of understanding the long-term physiological correlates of marijuana use. © © 2026. Published by Elsevier Masson SAS.","cadmium; cannabis; creatinine; heavy metal; acceleration; adult; aging; Article; biological age; blood; blood sampling; cannabis use; cohort analysis; controlled study; cross-sectional study; dilution; exposure; female; human; human experiment; human tissue; interview; limit of detection; linear regression analysis; male; mass spectrometry; mediation analysis; national health organization; phenotype; public health; questionnaire; self report; sociodemographics; tobacco use; United States; urine sampling","41538955","2-s2.0-105027435548"
"Zhao, R.; Yuan, Y.; Liu, C.; Yi, J.","Zhao, Runhao (60284715500); Yuan, Ye (57797010000); Liu, Chong (57212922160); Yi, Junjian (36180621800)","60284715500; 57797010000; 57212922160; 36180621800","Aging in Haze","2026","Journal of Development Economics","10.1016/j.jdeveco.2025.103717","https://www.scopus.com/inward/record.uri?eid=2-s2.0-105026687019&doi=10.1016%2Fj.jdeveco.2025.103717&partnerID=40&md5=9f59cf561ccaca5738c583539df89c6b","We study how the environment shapes aging. Leveraging a natural experiment in China where coal-powered winter heating caused persistently higher levels of particulate matters (PMs) north of a policy boundary for over three decades, we find that prolonged PM exposure accelerates aging beyond the biological age, leading to higher rates of multiple chronic conditions, functional disabilities, and cognitive decline in the working-age population. These effects were dormant in the early adulthood, emerged and developed rapidly in age 40s to 50s, and persisted long after exposure ends. Older cohorts experience faster and more enduring aging effects than younger ones under the same exposure, indicating greater life-cycle vulnerability to pollution-induced aging. We highlight that sustained PM exposure accelerates aging and exacerbates physical and cognitive decline in the working-age population. © 2026 Elsevier B.V.","aging population; disability; haze; particulate matter; vulnerability; China","","2-s2.0-105026687019"
"Cataluna, M.V.; Brown, R.A.; Koss, K.J.","Cataluna, Michael V. (60265788600); Brown, Rachel A. (59440096000); Koss, Kalsea J. (57205775982)","60265788600; 59440096000; 57205775982","Maternal and Paternal Impulsivity and Adolescent Epigenetic Age Acceleration","2026","Journal of Pediatrics","10.1016/j.jpeds.2025.114946","https://www.scopus.com/inward/record.uri?eid=2-s2.0-105026468887&doi=10.1016%2Fj.jpeds.2025.114946&partnerID=40&md5=a7007351108f4e1d718d0399c7457b22","Objective To test whether cumulative parental impulsivity exposure across childhood is associated with greater accelerated epigenetic age across adolescence. Study design Data were drawn from the Future of Families and Child Wellbeing Study, a population-based birth cohort (1998-2000) study of 4898 families across 20 major US cities. We analyzed data from families who provided self-reported survey data on maternal and paternal impulsivity when children were in early childhood (between the ages of 1 and 5 years); scores of parental impulsivity were created for each parent. Youth provided saliva samples to assess adolescent accelerated epigenetic age at ages 9 and 15 years old using 3 epigenetic clocks: PhenoAge, GrimAge, and DunedinPACE (n = 1971). Analyses jointly modeled the associations between maternal and paternal impulsivity during childhood and longitudinal change in accelerated epigenetic age using a latent variable constructed from these clocks in the structural equation modeling framework. We also conducted analyses using the individual clocks as the dependent variables. The autoregressive effect of age 9 accelerated epigenetic age was included to model residualized change from age 9 to 15. Results Maternal impulsivity during early childhood, but not paternal impulsivity, was significantly associated with greater residualized change in the latent factor of accelerated epigenetic age (β = 0.06, P = .03) at age 15 years. Maternal impulsivity was also associated with greater residualized change in accelerated aging using the individual clocks (GrimAge: β = 0.06, P < .001, PhenoAge: β = 0.04, P = .06, DunedinPACE: β = 0.05, P = .01). Conclusions Maternal impulsivity may constitute an environmental stressor that is correlated with greater accelerated epigenetic aging across adolescence. Variations in maternal impulsivity should be considered within the broader constellation of social and ecological factors as parental behavior may reflect adaptations to the broader contexts in which both parents and children reside. © 2025 Elsevier Inc.","acceleration; adolescence; adolescent; age; aging; Article; child; childhood; cohort analysis; confirmatory factor analysis; correlation analysis; DNA methylation; epigenetic clock; epigenetics; female; human; impulsiveness; internal consistency; longitudinal study; male; maternal behavior; parental behavior; paternal behavior; preschool child; regression model; reliability; saliva; school child; secondary data analysis","41389934","2-s2.0-105026468887"
"Bai, Y.-S.; Yu, S.-X.; Xia, L.; Liang, X.; Meng, L.-Y.; Zhao, D.-X.; Li, T.; Li, C.-X.; Li, B.-Z.; Li, M.","Bai, Yushuai (59300266800); Yu, Shuaixin (59300564000); Xia, Lin (59299969800); Liang, Xiao (59300416000); Meng, Lingyue (60262234900); Zhao, Dongxia (60262702100); Li, Tao (59870060400); Li, Chenxuan (60262346100); Li, Bozhao (60262112900); Li, Man (57199160861)","59300266800; 59300564000; 59299969800; 59300416000; 60262234900; 60262702100; 59870060400; 60262346100; 60262112900; 57199160861","Body fat distribution and aging: Unveiling association and potential intervention strategies","2026","Nutrition","10.1016/j.nut.2025.113034","https://www.scopus.com/inward/record.uri?eid=2-s2.0-105026260009&doi=10.1016%2Fj.nut.2025.113034&partnerID=40&md5=f0d2a6f112af64a29e1ce4df52049434","Background Body mass index (BMI) has limitations in reflecting body fat distribution and its implications on health. This study utilized more precise indicators of body fat distribution, including trunk fat mass, limb fat mass, total fat mass and body fat percentage, to investigate their associations with biological aging. Methods Data from the National Health and Nutrition Examination Survey (NHANES) 2015–2018 was analyzed. A weighted linear regression model was employed to analyze the relationship between body fat characteristics and phenotypic age (PhenoAge). A restrictive cubic spline curve was used to explore potential non-linear relationship. Subgroup analysis and mediation analysis were conducted. Mendelian randomization (MR) analysis was performed using genome-wide association study (GWAS) data. Results All body fat distribution indicators were positively correlated with PhenoAge, with trunk fat mass exhibiting the strongest association. Subgroup analyses revealed significant correlations across genders, age groups, and BMI categories. Mediation analysis identified C-reactive protein, the systemic immune-inflammation index, and the triglyceride-glucose index as partial mediators. MR analysis supported a causal relationship between body fat distribution and PhenoAge. Additionally, two-step MR analysis suggested a potential role of gut microbiota in linking body fat distribution and aging, while diet targeting gut microbiota diversity may mitigate the effects of body fat on aging. Conclusion This study highlights the importance of body fat management, particularly trunk fat, in aging prevention strategies. Optimizing dietary patterns to enhance gut microbiota diversity represents a promising approach to delaying biological aging. © 2025 Elsevier Inc.","C reactive protein; glucose; triacylglycerol; adult; age; aging; Article; body composition; body fat; body fat distribution; body fat percentage; body mass; correlation analysis; dual energy X ray absorptiometry; eating habit; fat mass; female; genome-wide association study; health survey; human; intestine flora; linear regression analysis; major clinical study; male; mediation analysis; Mendelian randomization analysis; middle aged; nonlinear system; phenotype; sex difference; species diversity; systemic immune inflammation index; triglyceride-glucose index; trunk; young adult; aged; nutrition; physiology; Adult; Aged; Aging; Body Fat Distribution; Body Mass Index; Female; Gastrointestinal Microbiome; Genome-Wide Association Study; Humans; Male; Mendelian Randomization Analysis; Middle Aged; Nutrition Surveys","41456481","2-s2.0-105026260009"
"Bai, J.; Wei, P.; Zhang, Y.; Wang, L.; Ren, R.; Wang, W.; Wang, D.; Yu, W.","Bai, Jilong (59951244400); Wei, Panting (60251457500); Zhang, Yao (59070336400); Wang, Liying (59757620100); Ren, Rui (58917441900); Wang, Wenxu (59457851500); Wang, Difei (57416959500); Yu, Wan (59565425300)","59951244400; 60251457500; 59070336400; 59757620100; 58917441900; 59457851500; 57416959500; 59565425300","Association of residential green space, blue space, and natural environment with osteoarthritis risk: The role of air pollution and phenotypic age acceleration","2026","Environmental Research","10.1016/j.envres.2025.123632","https://www.scopus.com/inward/record.uri?eid=2-s2.0-105025565436&doi=10.1016%2Fj.envres.2025.123632&partnerID=40&md5=b8d09b4d74c7e71817f9281569d135f2","Background: This study aimed to investigate the association between residential environment and the risk of osteoarthritis (OA), and analyse the potential roles of air pollution and phenotypic age (PhenoAge) acceleration. Methods: We analysed data from 343,732 UK Biobank participants. Green space, blue space, and natural environment were assessed as the percentage of vegetation, water bodies, and non-built land cover within 300 m and 1000 m buffers around participants' residences. Cox proportional hazards regression models were used to assess the associations with OA risk, and estimate their population attributable fractions (PAFs). The roles of air pollution and PhenoAge acceleration were examined through joint and mediation analyses. Results: Over a median follow-up of 12.49 years, 5909 participants developed OA. Within the 300 m buffer, each 5 % increase in green space, blue space, and natural environment was associated with lower OA risk, with hazard ratios (HRs) and 95 % confidence intervals (CIs) of 0.96 (0.95–0.97), 0.95 (0.91–0.99), and 0.98 (0.97–0.99). PAFs indicated that lower levels of green space, blue space and natural environment exposure could be attributed to 9.12 %, 5.15 %, and 9.05 % of OA cases. Meaningful interactions were observed between PM<inf>10</inf>, NO<inf>2</inf> and the residential environment, with a stronger joint protective effect among individuals with a younger PhenoAge. Mediation analyses indicated notable indirect effects through NO<inf>2</inf> and PM<inf>10.</inf> Conclusions: A higher residential environment was associated with a lower OA risk, with PM<inf>10</inf> and NO<inf>2</inf> exhibiting both interaction and mediation roles. Individuals with younger PhenoAge benefited more from these protective effects. © 2025 The Authors","Acceleration; Hazards; Housing; Natural environment; Regression analysis; Risk assessment; Risk perception; Blue space; Green spaces; Natural environments; Nature environments; NO 2; Osteoarthritis; Phenotypic age; PM 10; Residential environment; Space environment; Air pollution; nitrogen dioxide; thrombocyte activating factor; aging; atmospheric pollution; bone; greenspace; health risk; particulate matter; public health; public space; acceleration; adult; aged; air pollution; Article; cohort analysis; controlled study; disease association; environmental factor; environmental health; female; follow up; hospital patient; human; major clinical study; male; mediation analysis; osteoarthritis; particulate matter 10; prospective study; sedentary time; sensitivity analysis; social status; UK Biobank; United Kingdom","41455514","2-s2.0-105025565436"
"Zheng, J.; Liu, T.; Luo, Y.; Wei, X.","Zheng, Jialiang (59491108900); Liu, Tao (60250420600); Luo, Yumei (55771075000); Wei, Xing (60250420700)","59491108900; 60250420600; 55771075000; 60250420700","Development and validation of a modified phenoage for biological aging and chronic diseases in a chinese cohort","2026","Archives of Gerontology and Geriatrics","10.1016/j.archger.2025.106114","https://www.scopus.com/inward/record.uri?eid=2-s2.0-105025477515&doi=10.1016%2Fj.archger.2025.106114&partnerID=40&md5=c27b5bedf764c8ae8726700045e77de0","Objective: To address the original PhenoAge's reliance on C-reactive protein (CRP)—a non-routine clinical biomarker—and enhance practical utility in routine healthcare settings, we developed a modified algorithm (PA-CRP) excluding CRP while retaining its core multi-omics integration framework, and further evaluated its associations with chronic diseases and lifestyle factors in a Chinese cohort. Methods: Both PA-CRP and its derivative PA-CRP_Advance (biological age minus chronological age) were first developed and validated for their validity based on the NHANES dataset. Subsequently, the algorithm was applied to a Chinese university-based cohort (n = 4295), with multivariable logistic and linear regression models (adjusted for key confounders) to assess associations with chronic conditions and lifestyle factors. Results: PA-CRP demonstrated strong validity in reflecting biological aging and predicting mortality. In the Chinese cohort, it was significantly associated with hypertension, hyperlipidemia, hyperglycemia, and cataracts, while PA-CRP_Advance showed targeted links to hyperuricemia and hyperglycemia. Smoking was confirmed as a key driver of accelerated biological aging, and physical activity exhibited a non-linear protective effect; alcohol consumption showed no significant association. Conclusion: PA-CRP is a valid, pragmatic tool for assessing biological aging and chronic disease risk in Chinese adults. Its exclusion of CRP enables broad application in routine clinical and public health contexts where CRP is unavailable, supporting its utility as a cross-population applicable biological aging metric. © 2025","albumin; alkaline phosphatase; biological marker; C reactive protein; creatinine; glucose; adult; aging; alcohol consumption; algorithm; all cause mortality; anxiety; Article; association; biological aging; cataract; Chinese; chronic disease; clinical assessment; cohort analysis; diabetes mellitus; female; follow up; human; hyperglycemia; hyperlipidemia; hypertension; hyperuricemia; leukocyte count; lifestyle; lymphocyte; major clinical study; male; mortality; mortality risk; multiomics; physical activity; physical examination; prevalence; questionnaire; red blood cell distribution width; retrospective study; smoking; validation study; aged; blood; China; epidemiology; middle aged; nutrition; physiology; risk factor; Adult; Aged; Aging; Algorithms; Biomarkers; C-Reactive Protein; Chronic Disease; Cohort Studies; Female; Humans; Life Style; Male; Middle Aged; Nutrition Surveys; Risk Factors","41443161","2-s2.0-105025477515"
"Sun, Y.; Zhang, Y.; Hou, X.; Zhou, Y.; Wang, F.; Xia, X.; Zhang, T.; Li, X.; Wen, K.; Wang, Y.; Sun, Y.; Wang, S.; Tao, S.; Gu, R.; Zhu, W.; Fu, Y.","Sun, Yuan (60233008200); Zhang, Yunyan (59781244900); Hou, Xiao (36147587400); Zhou, Ying (59781017700); Wang, Fangyi (58927257300); Xia, Xiaodi (58203621700); Zhang, Tanwei (58291847900); Li, Xiangyu (59781705400); Wen, Keyi (59781245000); Wang, Yutong (59009560100); Sun, Yueyue (60232853200); Wang, Siqi (60233591300); Tao, Shengai (60233152500); Gu, Ruiming (60086941500); Zhu, Wenfen (56890060800); Fu, Yixiao (8447993300)","60233008200; 59781244900; 36147587400; 59781017700; 58927257300; 58203621700; 58291847900; 59781705400; 59781245000; 59009560100; 60232853200; 60233591300; 60233152500; 60086941500; 56890060800; 8447993300","Peripheral GRID2 DNA methylation as a diagnostic biomarker for adolescent depression: Linking self-compassion to glutamatergic epigenetic changes","2026","Journal of Affective Disorders","10.1016/j.jad.2025.120861","https://www.scopus.com/inward/record.uri?eid=2-s2.0-105024442895&doi=10.1016%2Fj.jad.2025.120861&partnerID=40&md5=6d767c09402f1739bb9f32614e1ded29","Adolescent depression is a prevalent psychiatric disorder that impairs psychosocial development and increases the risk of recurrence and comorbidities. Current diagnosis depends on subjective symptom assessments, highlighting the need for objective biomarkers. The glutamate receptor delta-2 (GRID2), involved in synaptic plasticity and mood regulation, may be epigenetically altered in depression. Self-compassion, a modifiable protective factor, is linked to lower depression risk, yet its neurobiological basis remains unclear. In this case–control study, 152 adolescents aged 10–19 years (102 with major depressive disorder and 50 healthy controls) completed depression assessments and the Self-Compassion Scale, and provided peripheral blood samples for targeted bisulfite sequencing of GRID2 DNA methylation. Depressed adolescents showed significantly lower methylation at GRID2-N and GRID2_09_107, and higher methylation at GRID2_09_195, compared with controls. Receiver operating characteristic analysis indicated that GRID2_09_107 methylation yielded the highest diagnostic performance (AUC = 0.689, sensitivity = 64.6 %, specificity = 70.0 %). Among depressed participants, GRID2 methylation was positively correlated with total self-compassion scores, particularly reduced feelings of isolation and over-identification, while higher GRID2-N methylation was associated with lower depression severity. Mediation analysis did not support GRID2 methylation as a mediator between self-compassion and depression severity. These findings identify GRID2 methylation, especially at CpG site 09_107, as a potential peripheral biomarker for adolescent depression, and reveal an epigenetic link between self-compassion and glutamatergic signaling. The results bridge psychological resilience factors with molecular mechanisms, supporting the integration of GRID2 methylation profiling into precision psychiatry and interventions that enhance self-compassion in adolescents. © 2025 Elsevier B.V.","glutamate receptor; glutamate receptor delta 2; unclassified drug; biological marker; adolescent; adolescent depression; area under the curve; Article; Beck Depression Inventory; case control study; child; controlled study; correlation analysis; CpG island; diagnostic test accuracy study; disease marker; disease severity; DNA methylation; DNA methylation age; epigenetics; female; gene; glutamatergic signaling; human; major depression; male; mediation analysis; predictive value; receiver operating characteristic; self compassion; Self-Compassion Scale; sensitivity and specificity; vulnerability; blood; diagnosis; empathy; genetic epigenesis; genetics; physiology; psychology; young adult; Adolescent; Biomarkers; Case-Control Studies; Child; Depressive Disorder, Major; DNA Methylation; Empathy; Epigenesis, Genetic; Female; Humans; Male; Receptors, Glutamate; Young Adult","41371357","2-s2.0-105024442895"
"Li, B.; Wang, B.; Qin, J.; Xue, J.; Zhao, W.; Liu, L.; Zhao, Q.; Zhu, G.; Li, X.; Wei, Z.; Ji, X.; Yin, J.; Gao, Q.; Wang, T.","Li, Ben (56553439300); Wang, Boyue (60229153200); Qin, Jiangnan (58843931400); Xue, Jinjin (60229117700); Zhao, Wenxu (60229101000); Liu, Liangpo (37097447400); Zhao, Qian (57169205900); Zhu, Guiming (58988832100); Li, Xin (60229101100); Wei, Zhiyun (60229169700); Ji, Xiaopeng (60229169800); Yin, Jinzhu (58151052300); Gao, Qian (57195233777); Wang, Tong (7405564184)","56553439300; 60229153200; 58843931400; 60229117700; 60229101000; 37097447400; 57169205900; 58988832100; 60229101100; 60229169700; 60229169800; 58151052300; 57195233777; 7405564184","Biological aging mediates the associations between urinary metals and hypertension: Insights from cross-sectional studies on Chinese and American adults","2026","Journal of Environmental Sciences (China)","10.1016/j.jes.2025.04.066","https://www.scopus.com/inward/record.uri?eid=2-s2.0-105024223388&doi=10.1016%2Fj.jes.2025.04.066&partnerID=40&md5=bcaea660334b5439afa37a76108d42c8","Accelerated aging and environmental factors are increasingly recognized as significant contributors to hypertension. This study aims to assess the associations between urinary metal and hypertension risk while also exploring the mediating effects of biological aging. The study encompassed 3389 individuals from a Chinese cohort and 5965 individuals from the National Health and Nutrition Examination Survey (NHANES) cohort. Urinary metal concentrations were measured in a Chinese cohort, while those for NHANES were obtained directly from the database. Biological age was calculated using the Klemera and Doubal method. Our results showed that urinary barium (Ba), copper (Cu), manganese (Mn) and zinc (Zn) in the Chinese population, as well as antimony (Sb) and tungsten (W) in the United States (US) population were associated with an increased risk of hypertension. Interestingly, Ba and lead (Pb) appeared to reduce the risk of hypertension in the US population. Mediation analysis demonstrated that accelerated biological aging significantly mediated the relationship between Cu, Zn, Ba and Pb and hypertension, accounting for 12.39 %, 23.04 %, 17.62 %, and 18.71 % of the total effect, respectively. This study suggested that exposure to metals accelerates aging, ultimately exacerbating the progression of hypertension despite variations in the relative contributions of different metals to this condition. Moreover, it underscored the potential benefits of moderate physical activity and tea consumption as interventions to mitigate hypertension risk and slow biological aging. © 2025","Accelerated aging; Barium; Accelerated ageing; Aging factors; Biological aging; Cross-sectional study; Environmental factors; Hypertension; Physical activity; State population; Tea consumption; Urinary metals; Risk assessment; adult; aging; drinking; health risk; heavy metal; hypertension; physical activity; tea; urine; China; United States; metal; aged; cross-sectional study; East Asian; environmental exposure; epidemiology; female; human; male; middle aged; nutrition; pollutant; Adult; Aged; Aging; Chinese people; Cross-Sectional Studies; East Asian People; Environmental Exposure; Environmental Pollutants; Female; Humans; Male; Metals; Middle Aged; Nutrition Surveys","41461529","2-s2.0-105024223388"
"Kan, H.; Jiang, Z.; Chen, M.; Yin, T.; Pan, M.; Zheng, M.; Chen, A.; Zhang, Y.; Xu, J.; Chen, R.; Zheng, W.","Kan, Hui (60176865800); Jiang, Ziying (60215683600); Chen, Menglan (60310600400); Yin, Tongle (59143001300); Pan, Mengshan (59142960000); Zheng, Miao (58547314300); Chen, An (57192419219); Zhang, Yan (60215683700); Xu, Jiaqin (60215648100); Chen, Rucheng (57203172191); Zheng, Weijun (25423289900)","60176865800; 60215683600; 60310600400; 59143001300; 59142960000; 58547314300; 57192419219; 60215683700; 60215648100; 57203172191; 25423289900","Accelerated biological aging underlies the link between heavy metal mixture exposure and depression: A multi-omics study","2026","Environmental Pollution","10.1016/j.envpol.2025.127611","https://www.scopus.com/inward/record.uri?eid=2-s2.0-105026993743&doi=10.1016%2Fj.envpol.2025.127611&partnerID=40&md5=074fe43fedcd8d0cb06cad19b4878acd","Growing evidence implicates accelerated biological aging in environmentally induced psychiatric disorders, yet its role in metal-associated depression remains unclear. Using NHANES data, we evaluated associations between heavy metal mixtures and depression. Bidirectional mediation analysis was used to assess reciprocal pathways linking heavy metals, biological aging, and depression. Simultaneously, candidate genes linking heavy metal exposure to depression and biological aging were identified by mining the Comparative Toxicogenomics Database, analyzing differentially expressed genes (DEGs) from the Gene Expression Omnibus, and integrating the resulting evidence within a toxicogenomic framework to explore potential molecular mechanisms. The prevalence of depression among participants was 8.66 %. Metal mixtures significantly increased depression risk. Notably, cadmium and antimony increased the risk of depression (OR: 1.52, 95 % CI: 1.19, 1.94 and OR: 1.54, 95 % CI: 1.22, 1.93). Both metals have low thresholds (0.227 μg/L and 0.053 μg/L, respectively). Additionally, lead, cobalt, and molybdenum showed positive associations in specific models. Although population-level exposure to heavy metals declined from 1999 to 2020, concentrations remained sufficient to elevate depression risk. Our correlation analysis also identified a strong correlation between PhenoAge and chronological age (r = 0.84, P < 0.001). Mechanistically, we found that accelerated PhenoAge partially mediated the associations of several metals with depression risk, including monomethylarsonic acid (β = 0.004; 95 %CI: 0.003,0.006), cadmium (β = 0.006; 95 %CI: 0.003, 0.010), lead (β = 0.009; 95 %CI: 0.006, 0.011), cobalt (β = 0.010; 95 %CI: 0.006, 0.013), molybdenum (β = 0.009; 95 %CI: 0.006, 0.011), and antimony (β = 0.008; 95 %CI: 0.005, 0.011). Pathway analysis and DEGs implicated the contribution of neurodegeneration–multiple diseases pathway, with core molecular targets centering on BDNF, IL6, GSK3B, PTGS2, and SOD1. These findings, which imply biological aging as a potential link between metal exposure and depression, call for revised safety thresholds and pinpoint molecular targets for intervention. © 2025 Elsevier Ltd","Accelerated aging; Cobalt; Correlation methods; Diseases; Gene expression; Metal analysis; Molecular biology; Risk assessment; 'omics'; Accelerated biological aging; Biological aging; Depression; Differentially expressed gene; Metal exposures; Metal mixtures; Molecular mechanism; Molecular targets; Toxicogenomics; Heavy metals; alkaline phosphatase; antimony; arsenic acid; arsenic trioxide; arsenobetaine; arsenocholine; barium; brain derived neurotrophic factor; cacodylic acid; cadmium; cesium; cobalt; copper zinc superoxide dismutase; glycogen synthase kinase 3beta; heavy metal; interleukin 6; lead; mercury; methanearsonic acid; molybdenum; peptides and proteins; PTGS2 protein; thallium; unclassified drug; concentration (composition); gene expression; mental disorder; molecular analysis; adult; aging; Article; body mass; caloric intake; correlation analysis; cross-sectional study; degenerative disease; depression; differential expression analysis; differential gene expression; directed acyclic graph; dose response; DSM-IV; ethnicity; exposure; female; gene ontology; human; human experiment; inductively coupled plasma mass spectrometry; leukocyte count; limit of detection; male; mediation analysis; multiomics; outcome assessment; Patient Health Questionnaire 9; physical activity; protein protein interaction; quality control; toxicogenomics; environmental exposure; epidemiology; middle aged; pollutant; Adult; Aging; Environmental Exposure; Environmental Pollutants; Female; Humans; Male; Metals, Heavy; Middle Aged; Multiomics","41461282","2-s2.0-105026993743"
"Zhou, Q.; Tang, C.; Pan, X.; Lu, Z.; Chen, R.; Gong, X.","Zhou, Qi (60367382700); Tang, Caifa (60366538000); Pan, Xin (59542906800); Lu, Zuyao (60040622800); Chen, Rujun (60039506300); Gong, Xiaohua (55270281400)","60367382700; 60366538000; 59542906800; 60040622800; 60039506300; 55270281400","Joint Association of Diet Index for Gut Microbiota and MVPA With Central Obesity: The Mediating Role of Biological Age","2026","Food Science and Nutrition","10.1002/fsn3.71516","https://www.scopus.com/inward/record.uri?eid=2-s2.0-105029100832&doi=10.1002%2Ffsn3.71516&partnerID=40&md5=3d22ed7d109942f71b57328e2e1c9493","This study examined the independent/joint effects of diet-gut microbiota (DI-GM) scores and moderate-to-vigorous physical activity (MVPA) on central obesity and mediation via biological aging. Using NHANES 2007–2018 data (17,012 adults), DI-GM scores and MVPA (MET-minutes/week) were assessed. Central obesity was defined as BMI ≥ 25 + waist-height ratio ≥ 0.5. Biological age was measured via Klemera Doubal Method (KDM), phenotypic age (PA), and homeostasis disorder (HD). Multivariable logistic regression and mediation analyses evaluated associations. Each 1-point DI-GM increase reduced central obesity prevalence by 9% (OR = 0.91, 95% CI, 0.89%–0.94%, p < 0.001). Meeting MVPA recommendations (≥ 600 MET-min/week) lowered prevalence by 18% (OR = 0.82, 0.71%–0.94%, p < 0.001). Participants with DI-GM ≥ 6 + adequate MVPA had maximal risk reduction (OR = 0.60 vs. DI-GM ≤ 4 + inadequate MVPA, 0.49%–0.75%, p < 0.001). Biological aging mediated 20.12% (KDM), 22.63% (PA), and 1.68% (HD) of DI-GM's protective effects (p < 0.05), but not MVPA's effects. Stronger associations occurred in females, college-educated individuals, and those with 7–8 h sleep (p-interaction < 0.05). Higher DI-GM scores and adequate MVPA significantly reduced central obesity prevalence, partially mediated by slower biological aging. Integrating gut microbiota-targeted diets with physical activity may enhance obesity prevention. © 2026 The Author(s). Food Science & Nutrition published by Wiley Periodicals LLC.","","","2-s2.0-105029100832"
"Xiang, S.; Li, Y.; Li, Y.; Xie, S.; Wang, C.; Che, X.; Du, Y.","Xiang, Shuai (57197847357); Li, Yixuan (59507293200); Li, Yunlong (57801066500); Xie, Shuzhe (56001812200); Wang, Chengfeng (56013209900); Che, Xu (7005743411); Du, Yongxing (57189907379)","57197847357; 59507293200; 57801066500; 56001812200; 56013209900; 7005743411; 57189907379","Associations of phenotypic age acceleration, genetic risk, and lifestyle with chronic digestive diseases: A large-scale longitudinal cohort study","2026","Journal of Nutrition, Health and Aging","10.1016/j.jnha.2026.100775","https://www.scopus.com/inward/record.uri?eid=2-s2.0-105028876263&doi=10.1016%2Fj.jnha.2026.100775&partnerID=40&md5=40404df995f93075a5623088a33618b9","Background Phenotypic age acceleration (PhenoAgeAccel) is a promising biological aging metric, but its associations with chronic digestive disease risk are unclear. This study evaluated these associations and assessed modification by genetic risk and lifestyle. Methods We analyzed 292,639 UK Biobank participants. PhenoAge and PhenoAgeAccel were calculated using a validated algorithm based on clinical biomarkers. Cox proportional hazards models estimated associations of PhenoAgeAccel, genetic risk, and lifestyle with incident chronic digestive diseases, including interaction and stratified analyses. Variance decomposition quantified contributions of aging, genetics, and lifestyle. Results Over a median 13.67-year follow-up, PhenoAgeAccel > 0 (accelerated aging) was independently associated with higher risk of most chronic digestive diseases, notably Crohn’s disease (HR per 5-year increase, 1.36; 95%CI, 1.30–1.42) and liver cirrhosis (HR, 1.35; 95%CI, 1.30–1.40). Significant additive interactions occurred between PhenoAgeAccel and genetic risk for diverticulosis, Crohn’s disease, ulcerative colitis, liver cirrhosis, and chronic pancreatitis; among biologically older individuals at high genetic risk, interaction-attributable excess risk reached 42.8% of total risk. A healthy lifestyle attenuated aging-related risk for all outcomes except Crohn's disease and ulcerative colitis. Variance decomposition revealed disease-specific risk contribution profiles: biological aging contributed most to Crohn’s disease and chronic pancreatitis, genetic risk to diverticulosis and ulcerative colitis, and lifestyle to gastroesophageal reflux disease and nonalcoholic fatty liver. Conclusions Higher PhenoAgeAccel was associated with higher risks of chronic digestive diseases, with associations modified by genetic risk and lifestyle. PhenoAgeAccel may be a useful risk marker and warrants further investigation of aging-targeted strategies. © 2026 The Author(s).","adult; age; aging; algorithm; Article; chronic disease; chronic pancreatitis; cohort analysis; controlled study; Crohn disease; diverticulosis; dose response; female; follow up; gastroesophageal reflux; gastrointestinal disease; genetic risk; genetic risk score; healthy lifestyle; human; lifestyle; liver cirrhosis; longitudinal study; major clinical study; male; nonalcoholic fatty liver; phenotype; UK Biobank; ulcerative colitis","41534122","2-s2.0-105028876263"
"Mitchell, W.; de Magalhães, C.G.; Tyshkovskiy, A.; Uchida, Y.; Goeminne, L.J.E.; Ichimura, T.; Ng, E.L.; Moldakozhayev, A.; Bonventre, J.V.; Gladyshev, V.N.","Mitchell, Wayne (57216907517); de Magalhães, Cecilia G. (58811249300); Tyshkovskiy, Alexander (57200691790); Uchida, Yushi (60032834600); Goeminne, Ludger J.E. (56672860400); Ichimura, Takaharu (7103391025); Ng, Emery L. (57375499300); Moldakozhayev, Alibek (57200118233); Bonventre, Joseph Vincent (7102330952); Gladyshev, Vadim N. (7004407393)","57216907517; 58811249300; 57200691790; 60032834600; 56672860400; 7103391025; 57375499300; 57200118233; 7102330952; 7004407393","In Vivo Chemical Reprogramming Is Associated With a Toxic Accumulation of Lipid Droplets Hindering Rejuvenation","2026","Aging Cell","10.1111/acel.70390","https://www.scopus.com/inward/record.uri?eid=2-s2.0-105028766580&doi=10.1111%2Facel.70390&partnerID=40&md5=a8c4bee36cb0dd23cfa08f30eb3eead3","Partial reprogramming has emerged as a promising strategy to reset the epigenetic landscape of aged cells towards more youthful profiles. Recent advancements have included the development of chemical reprogramming cocktails that can lower the epigenetic and transcriptomic age of cells and upregulate mitochondrial biogenesis and oxidative phosphorylation. However, the ability of these cocktails to affect biological age in a mammalian aging model has yet to be tested. Here, we have characterized the effects of partial chemical reprogramming on mitochondrial structure and function in aged mouse fibroblasts and tested its in vivo efficacy in genetically diverse male UM-HET3 mice. This approach increases the size of mitochondria, alters cristae morphology, causes an increased fusing of mitochondrial networks, and speeds up movement velocity. At lower doses, the chemical reprogramming cocktail can be safely administered to middle-aged mice using implantable osmotic pumps, albeit with no effect on the transcriptomic age of kidney or liver tissues and only a modest effect on the expression of OXPHOS complexes. However, at higher doses, the cocktail causes a drastic reduction in body weight necessitating euthanasia. In the livers and kidneys of these animals, we observe significant increases in lipid droplet accumulation, as well as changes in mitochondrial morphology in the livers that are associated with mitochondrial stress. Thus, partial chemical reprogramming may induce mitochondrial stress and lead to significant lipid accumulation, which may cause toxicity and hinder the rejuvenation of cells and tissues in aged mammals. © 2026 The Author(s). Aging Cell published by the Anatomical Society and John Wiley & Sons Ltd.","fat droplet; aging; animal; drug effect; fibroblast; male; metabolism; mitochondrion; mouse; nuclear reprogramming; rejuvenation; Aging; Animals; Cellular Reprogramming; Fibroblasts; Lipid Droplets; Male; Mice; Mitochondria; Rejuvenation","41589348","2-s2.0-105028766580"
"Bhat, A.C.; Trexberg, K.M.; Apsley, A.T.; Almeida, D.M.; Shalev, I.","Bhat, Aarti C. (57158769000); Trexberg, Kaitlin M. (59160880600); Apsley, Abner T. (57831461300); Almeida, David M. (57215018682); Shalev, Idan (24472432900)","57158769000; 59160880600; 57831461300; 57215018682; 24472432900","Grandparent caregiving and epigenetic aging among midlife and older adults in the United States","2026","Journals of Gerontology - Series B Psychological Sciences and Social Sciences","10.1093/geronb/gbaf255","https://www.scopus.com/inward/record.uri?eid=2-s2.0-105028659576&doi=10.1093%2Fgeronb%2Fgbaf255&partnerID=40&md5=d04e3fee7ecc27365fdf72aef62259a1","Objectives Grandparents have increasingly taken more active caregiving roles for grandchildren. Given their vulnerability to aging-associated health declines, it is essential to understand how grandparent caregiving, along with grandparent gender and family relationships, may influence aging processes. This study examined how grandparent caregiving status interacts with gender and family affectual solidarity (FAS) to affect epigenetic aging, an indicator of healthspan and mortality risk. Methods Our sample included grandparents participating in the Midlife in the United States (MIDUS) study (N=492; mean age=61.94; female=59.96%), 18.29% of whom reported being grandparent caregivers for 6+ months. Epigenetic age was measured using the Horvath, Hannum, PhenoAge, GrimAge, and DunedinPACE epigenetic clocks. We tested for moderation by gender and FAS, the degree of positive (and negative) sentiment between family members. Results Linear regression found, controlling for sociodemographic characteristics and BMI, associations between grandparent caregiving and DunedinPACE, indicating that more time spent caring for grandchildren is related to a faster pace of aging. Two-way interactions between grandparent caregiving and gender showed epigenetic age acceleration (higher biological age compared to chronological age) for grandfather caregivers versus non-caregiving grandfathers across multiple clocks. Three-way interactions between grandparent caregiving, gender, and FAS indicated that caregiving grandfathers experience epigenetic age deceleration with higher FAS compared to caregiving grandmothers. Similarly, caregiving grandfathers experience epigenetic age deceleration with higher partner affectual solidarity compared to caregiving grandmothers. Discussion These results have implications for targeted interventions to benefit the healthy aging of grandparent caregivers. © 2026 © The Author(s) 2025. Published by Oxford University Press on behalf of the Gerontological Society of America. All rights reserved.","aged; aging; caregiver; female; genetic epigenesis; genetics; grandparent; human; human relation; male; middle aged; psychology; sex factor; United States; Aged; Aging; Caregivers; Epigenesis, Genetic; Female; Grandparents; Humans; Intergenerational Relations; Male; Middle Aged; Sex Factors","41408585","2-s2.0-105028659576"
"Zhang, S.; Gao, H.; Liu, Y.; Zhi, Y.; Du, Y.","Zhang, Shishuang (56521921800); Gao, Han (58851936300); Liu, Yaru (58985384300); Zhi, Yongle (60348479400); Du, Yu (60348342900)","56521921800; 58851936300; 58985384300; 60348479400; 60348342900","The association between dietary inflammation index and peripheral neuropathy: Insights into the role of biological aging from a cross-sectional NHANES study","2026","Experimental Gerontology","10.1016/j.exger.2026.113031","https://www.scopus.com/inward/record.uri?eid=2-s2.0-105028408464&doi=10.1016%2Fj.exger.2026.113031&partnerID=40&md5=45583b3baeb0d40c088e62a528a77520","Objectives: Peripheral neuropathy (PN) is a prevalent neurological disorder with significant health and socio-economic burdens. The Dietary Inflammatory Index (DII) systematically assesses the proinflammatory characteristics of dietary patterns. This study aimed to elucidate the complex relationships among DII, biological aging, and PN, and to deepen the understanding of the potential factors driving these associations, thereby providing novel insights for prevention and clinical intervention. Methods: This study investigated the National Health and Nutrition Examination Survey 1999–2004 data. The linear association between DII and PN was assessed using binary logistic regression, while restricted cubic splines were employed to evaluate potential nonlinear relationships. Furthermore, mediation analysis was conducted to quantify the contribution of biological age in this association. Results: This study enrolled and analyzed 7860 participants. DII revealed a significant correlation with the prevalence of PN (the odds ratio [OR] = 1.07, 95% confidence interval [CI]: 1.03–1.30, p < 0.001). A J-shaped nonlinear association was identified between DII and the PN (p = 0.0079), with an inflection point at 1.295. Beyond this threshold, OR significantly increased to 1.16 (95% CI: 1.03–1.30). Biological age contributed to 19.95% of the total association between DII and PN. Conclusions: This study demonstrates a J-shaped association between DII and PN, which is partially accounted for by biological aging. These findings provide a new perspective for preventing PN through a low-inflammation diet. © 2026 The Authors. Published by Elsevier Inc. This is an open access article under the CC BY license. http://creativecommons.org/licenses/by/4.0/","aged; Article; biological age; cohort analysis; confidence interval; controlled study; cross-sectional study; diet; dietary inflammation index; disease association; female; health survey; human; inflammation; linear system; logistic regression analysis; major clinical study; male; mediation analysis; nonlinear system; odds ratio; pathogenesis; peripheral neuropathy; prevalence; statistical significance; adult; adverse event; aging; epidemiology; etiology; middle aged; nutrition; physiology; risk factor; statistical model; United States; Adult; Aged; Aging; Cross-Sectional Studies; Diet; Female; Humans; Inflammation; Logistic Models; Male; Middle Aged; Nutrition Surveys; Peripheral Nervous System Diseases; Prevalence; Risk Factors","41525849","2-s2.0-105028408464"
"Wang, B.; Wang, N.; Yin, X.; Huang, Y.; Yu, G.; Yang, J.; Chong, Y.S.; Lu, Y.; Williams, M.A.; Hu, F.B.; Zhang, C.","Wang, Bin (57074241400); Wang, Ningjian (56637400700); Yin, Xin (59677452000); Huang, Yuhui (60345002400); Yu, Guoqi (57195108929); Yang, Jiaxi (57217133636); Chong, Yap Seng (58506515700); Lu, Yingli (55506466600); Williams, Michelle Anne (35499640400); Hu, Frank B. (57564946700); Zhang, Cuilin (55646336600)","57074241400; 56637400700; 59677452000; 60345002400; 57195108929; 57217133636; 58506515700; 55506466600; 35499640400; 57564946700; 55646336600","Gestational Diabetes Mellitus and Accelerated Biological Aging in Middle-Aged and Elderly Women","2026","Diabetes Care","10.2337/dc25-1842","https://www.scopus.com/inward/record.uri?eid=2-s2.0-105028220329&doi=10.2337%2Fdc25-1842&partnerID=40&md5=d92bc63820d92b7117424b9bbfd88964","OBJECTIVE To evaluate the association between gestational diabetes mellitus (GDM) and accelerated biological aging in middle-aged and elderly women. RESEARCH DESIGN AND METHODS We included parous women with a baseline survey on history of GDM and biological aging biomarkers from the UK Biobank. Information regarding prior GDM was col-lected via a touchscreen questionnaire and linkage to hospital admission records. Biological aging was evaluated using validated phenotypic age (PhenoAge) based on chronological age and nine biomarkers measured at baseline (2006–2010). Biological aging acceleration was determined as the residual by regressing PhenoAge estimates on chronological age. All-cause mortality and incident cardiometabolic disease during follow-up were also assessed. RESULTS Among the 178,363 women (mean age, 57.0 [SD 7.9] years), 1,141 had a history of GDM. In a multivariable-adjusted model, a history of GDM was associated with an increase in PhenoAge acceleration by 2.34 (95% CI 2.02, 2.66) years. The association persisted regardless of the occurrence of type 2 diabetes and related comor-bidities after GDM. Consistent results were observed across subgroups, while the GDM-related PhenoAge acceleration was more prominent among women with less physical activity and obesity (both P<inf>interaction</inf>< 0.01). The mediation analysis demonstrated that PhenoAge acceleration explained 57.0% (95% CI 21.0, 86.9), 12.4% (7.3, 20.4), and 21.9% (14.0, 32.5) of the positive associations between GDM and all-cause mortality, type 2 diabetes, and cardiovascular disease, respectively. CONCLUSIONS Women with a history of GDM were biologically older than their non-GDM coun-terparts. The biological aging acceleration partially accounted for the associations between GDM and adverse health outcomes. © 2025 by the American Diabetes Association.","aged; aging; epidemiology; female; gestational diabetes; human; middle aged; non insulin dependent diabetes mellitus; pathophysiology; physiology; pregnancy; Aged; Aging; Diabetes Mellitus, Type 2; Diabetes, Gestational; Female; Humans; Middle Aged; Pregnancy","41401076","2-s2.0-105028220329"
"Zhang, H.; Tian, W.; Qi, G.; Zhou, B.; Sun, Y.","Zhang, Huanrui (57358115300); Tian, Wen (36923335200); Qi, Guoxian (35743532100); Zhou, Baosen (59974739700); Sun, Yujiao (55524118400)","57358115300; 36923335200; 35743532100; 59974739700; 55524118400","Associations of volatile organic compound exposure with phenotypic age acceleration and the synergistic interaction of dietary micronutrients","2026","Journal of Nutrition, Health and Aging","10.1016/j.jnha.2026.100770","https://www.scopus.com/inward/record.uri?eid=2-s2.0-105027969382&doi=10.1016%2Fj.jnha.2026.100770&partnerID=40&md5=6150c32c906cf4bc1f63d8c0657fff92","Objective This study assesses the association between exposure to volatile organic compounds (VOCs) and phenotypic age acceleration, and evaluates the potential synergistic interaction by dietary micronutrient intake. Methods A total of 7,209 participants were chosen from the National Health and Nutrition Examination Survey (NHANES) conducted between 2005–2006 and 2011−2018. The VOCs metabolites were quantitatively evaluated using ultra-performance liquid chromatography-electrospray ionization tandem mass spectrometry. The dietary micronutrient intake was assessed through interviews that involved recalling a 24-h diet. To measure biological aging, the ""BioAge"" R package was utilized to calculate PhenoAge. Various statistical analyses such as weighted multiple linear regression, weighted quantile sum (WQS) regression, restricted cubic spline models, subgroup analyses, and interaction analyses were employed to assess the impact of VOCs metabolites on PhenoAge acceleration while considering the influence of dietary micronutrient intake. Results The participants' average age was 47.37 years, and females accounted for 51.5% of the sample. Through weighted multivariate linear regression analysis, we discovered significant positive connections between CEMA, 3HPMA, DHBMA, MHBMA3, HPMMA, PGA, and PhenoAge acceleration. Our WQS analysis indicated a noteworthy positive correlation between VOCs metabolite mixtures and PhenoAge acceleration (β = 0.693, P < 0.001), with DHBMA, HPMMA, and PGA identified as the most influential metabolites. By employing restricted cubic spline models, we established a linear relationship between DHBMA, HPMMA, PGA,and PhenoAge acceleration. Subgroup analyses consistently demonstrated positive associations for DHBMA, HPMMA, PGA with PhenoAge acceleration across various subgroups. Furthermore, dietary micronutrient intake exhibited significant synergistic interaction with these metabolites. Conclusions This study confirms that VOC exposure contributes to phenotypic age acceleration. Critically, we find that some dietary micronutrients appear to interact with VOC exposure, mitigating its effect and providing evidence that aging is jointly driven by synergistic environmental and nutritional stressors. © 2026 The Authors.","","41520476","2-s2.0-105027969382"
"Park, H.-Y.; Kim, K.","Park, Hye-young (60335749600); Kim, Kyeezu (55279466500)","60335749600; 55279466500","Bidirectional associations between metabolic syndrome and epigenetic age acceleration: A 20-year longitudinal study in midlife adults","2026","Experimental Gerontology","10.1016/j.exger.2025.113017","https://www.scopus.com/inward/record.uri?eid=2-s2.0-105027660765&doi=10.1016%2Fj.exger.2025.113017&partnerID=40&md5=15caedcfb0508991f32b38f09648d349","Introduction: Metabolic syndrome (MetS) increases with age. Epigenetic alterations reflect lifelong biological and environmental influences on aging. MetS may contribute to epigenetic age acceleration (EAA) through inflammation and oxidative stress, while elevated EAA may, in turn, exacerbate metabolic dysfunction, but long-term evidence for this bidirectional association is limited. Methods: We analyzed data from 1452 participants in the Korean Genome and Epidemiology Study at baseline (Wave 1), 10-year (Wave 5), and 20-year (Wave 10) follow-ups. MetS severity was defined by the number of diagnostic criteria, and DNA methylation-based EAA measures (PhenoAA, Grim2AA, DunedinPACE) at Wave 5 were included. Multivariable linear regression models examined the association between MetS and EAA both cross-sectionally (at Wave 5) and longitudinally (Wave 1 MetS – Wave 5 EAA and Wave 5 EAA – Wave 10 MetS). Mediation analysis examined whether EAA mediated the association between MetS severity across waves. All models were adjusted for chronological age, sex, smoking, drinking, physical activity, education, income, and body mass index. Results: Cross-sectionally, all EAA measures were associated with higher MetS severity score (β ranged 0.37–1.26, all P < 0.05). Longitudinally, earlier MetS severity was associated with EAA (Grim2AA: β = 0.25; DunedinPACE: β = 0.78, all P < 0.05) and EAA was associated with later MetS severity (Grim2AA: β = 0.03; DunedinPACE: β = 0.01, all P < 0.05). EAA partially mediated the association between earlier and later MetS severity (1.6–3.1 % mediation proportion, P < 0.05). Conclusion: Our findings suggest a bidirectional relationship between MetS and EAA, with biological aging potentially mediating metabolic deterioration. EAA may serve as both a marker and mediator of metabolic health, and a promising target for prevention and intervention. © 2026 The Authors. Published by Elsevier Inc. This is an open access article under the CC BY-NC license. http://creativecommons.org/licenses/by-nc/4.0/","genomic DNA; glucose; triacylglycerol; adult; age; aging; Article; body mass; cohort analysis; controlled study; cross-sectional study; disease severity; DNA methylation; drinking behavior; educational status; epigenetic age acceleration; epigenetic clock; fasting blood glucose level; female; follow up; human; income; longitudinal study; major clinical study; male; metabolic syndrome X; middle aged; physical activity; prospective study; risk factor; sex; smoking; South Korea; systolic blood pressure; triacylglycerol blood level; waist circumference; aged; epidemiology; genetic epigenesis; genetics; Adult; Aged; Aging; Cross-Sectional Studies; DNA Methylation; Epigenesis, Genetic; Female; Humans; Longitudinal Studies; Male; Metabolic Syndrome; Middle Aged; Republic of Korea","41475660","2-s2.0-105027660765"
"Zhang, X.; Xu, Y.; Wang, X.; Chen, M.; Xiong, J.; Cheng, G.","Zhang, Xinyu (60301766700); Xu, Yujie (57204598706); Wang, Xiaoyu (57222761208); Chen, Mengxue (57201977766); Xiong, Jingyuan (52164625800); Cheng, Guo (24801982300)","60301766700; 57204598706; 57222761208; 57201977766; 52164625800; 24801982300","Association between vitamin intake and biological aging: evidence from NHANES 2007–2018","2026","Journal of Nutrition, Health and Aging","10.1016/j.jnha.2026.100776","https://www.scopus.com/inward/record.uri?eid=2-s2.0-105027388006&doi=10.1016%2Fj.jnha.2026.100776&partnerID=40&md5=a734fdd1dc62830042554ff96ba735b5","Background The combined effect of vitamin mixture on biological aging, along with the specific contribution of individual components, remains unclear. This study investigated the associations between a mixture of 11 dietary vitamins and biological aging. Methods This cross-sectional study included 15050 adults from NHANES 2007–2018. Daily intakes of 11 vitamins were estimated using the multiple source method to account for within-person variation from two 24 -h recalls, incorporating both food and supplement contributions. Total vitamin intake was calculated as their sum. Biological aging was assessed using three established indicators: KDM-acceleration and PhenoAge-acceleration (derived as regression residuals of biological age on chronological age), and homeostatic dysregulation (HD, a composite physiological score). Multiple linear regression, restricted cubic spline regression, and quantile g-computation were used to assess individual and joint associations. Results The median age was 51.0 years, and 51.5% were female. Higher total vitamin intake was significantly associated with reduced biological aging (KDM-acceleration: β = −1.281; PhenoAge-acceleration: β = −1.379; HD: β = −0.046). Dose-response relationships were linear (all P <inf>nonlinear</inf> > 0.05). Stratified analyses revealed stronger associations in males and individuals with comorbidity. Vitamin C was the primary protective component, followed by vitamin B2. Conclusions Higher intake of dietary vitamin mixture was associated with slower biological aging, with vitamin C as the key protective driver. These findings support recommending vitamin-rich diets to promote healthy aging. © © 2026. Published by Elsevier Masson SAS.","ascorbic acid; pyridoxine; riboflavin; vitamin mixture; acceleration; adult; aged; aging; Article; biological age; body mass; caloric intake; comorbidity; controlled study; cross-sectional study; current drinker; dose response; evidence based medicine; female; human; male; sensitivity analysis; sex; social status; vitamin intake","41539012","2-s2.0-105027388006"
"Chen, Y.; Abrishamcar, S.; Aqua, J.K.; Dye, C.; Gallo, L.C.; Llabre, M.M.; Penedo, F.J.; Isasi, C.R.; Perreira, K.M.; Thyagarajan, B.; Daviglus, M.; Pirzada, A.; Baccarelli, A.; Conneely, K.N.; Jones-Antwi, R.E.; Suglia, S.F.","Chen, Yinxian (58099545600); Abrishamcar, Sarina (57221081068); Aqua, Jasmine Ko (57220168512); Dye, Christian K. (57191254872); Gallo, Linda C. (7102655476); Llabre, María Magdalena (7003996654); Penedo, Frank J. (6701408158); Isasi, Carmen R. (6603889745); Perreira, Krista M. (6602260189); Thyagarajan, Bharat (6602856354); Daviglus, Martha L. (57203251079); Pirzada, Amber (6602602081); Baccarelli, Andrea A. (57203175853); Conneely, Karen N. (9334492400); Jones-Antwi, Rebecca E. (57200649879); Suglia, Shakira Franco (13807133600)","58099545600; 57221081068; 57220168512; 57191254872; 7102655476; 7003996654; 6701408158; 6603889745; 6602260189; 6602856354; 57203251079; 6602602081; 57203175853; 9334492400; 57200649879; 13807133600","Social factors as buffers for the adverse impact of adverse childhood experiences on biological age acceleration among adults in Hispanic Community Health Study / Study of Latinos","2026","Brain, Behavior, and Immunity","10.1016/j.bbi.2025.106241","https://www.scopus.com/inward/record.uri?eid=2-s2.0-105025722824&doi=10.1016%2Fj.bbi.2025.106241&partnerID=40&md5=9d75d93269e714b493f66b1dfff9f7d3","Background This study examined whether social factors, including social support, social networks, and familism, modify the longitudinal association between ACEs and epigenetic age acceleration (EAA). Methods We analyzed DNA methylation (DNAm) profile data from two visits (approximately six years apart) among 960 Hispanic/Latino adults in the Hispanic Community Health Study/Study of Latinos (HCHS/SOL). GrimAge epigenetic age and DunedinPACE pace of aging were used. Linear mixed models examined effect modification of social support, social networks (network diversity and the number of embedded networks), and familism (family obligation, support, and as referents) on the association between high vs. low-to-moderate ACEs (i.e., ≥ 4 vs. < 4 ACEs) and repeatedly measured EAA. Models adjusted for age, sex, parental education, childhood economic hardship, nativity, and cell-type proportions. We also dichotomized the levels of social support and both subscales of social networks to low (≤ 75th percentile) and high (> 75th percentile), and assessed joint effect modification by social support and networks. Results The mean difference in GrimAge acceleration (AgeAccelGrim) between high and low-to-moderate ACEs was statistically significantly attenuated when social support levels were higher (β for interaction = -0.73 years; 95 % CI: −1.23, −0.24; p = 0.003). No evidence of effect modification was found for social networks or familism. Having only high social support (β for interaction = -1.40 years; 95 % CI: −2.79, −0.01; p = 0.049) or both high social support and network diversity (β for interaction = -1.57 years; 95 % CI: −2.72, −0.42; p = 0.008) significantly decreased the mean difference in AgeAccelGrim between high and low-to-moderate ACEs. Conclusion Social support may independently buffer the adverse impact of ACEs on biological age acceleration among Hispanic/Latino adults, and the buffering effect may be stronger when accompanied by diverse social networks. © 2025 Elsevier Inc.","acceleration; adult; Adverse Childhood Experiences Questionnaire; age; Article; B lymphocyte; biological age; CD4+ T lymphocyte; CD8+ T lymphocyte; childhood adversity; cohort analysis; DNA methylation; education; emotional abuse; epigenetic age acceleration; epigenetic clock; epigenetics; female; Hispanic; human; human experiment; Likert scale; male; mental disease; middle aged; morbidity; mortality; mortality risk; natural killer cell; people by smoking status; physical abuse; psychometry; public health; questionnaire; sabogal familism scale; scoring system; sensitivity analysis; sexual abuse; single nucleotide polymorphism; smoking; social aspect; social determinants of health; social network; social status; social support; statistical analysis; training; aged; aging; genetic epigenesis; genetics; longitudinal study; psychology; Adult; Adverse Childhood Experiences; Aged; Aging; DNA Methylation; Epigenesis, Genetic; Female; Hispanic or Latino; Humans; Longitudinal Studies; Male; Middle Aged; Social Factors; Social Support","41443478","2-s2.0-105025722824"
"Corley, J.; Pattie, A.; Harris, S.E.; Deary, I.J.; Cox, S.R.","Corley, Janie (23485020100); Pattie, Alison (6603830153); Harris, Sarah E. (7403484635); Deary, Ian J. (57193752767); Cox, Simon R. (55614945700)","23485020100; 6603830153; 7403484635; 57193752767; 55614945700","Gardening, healthy aging, and longevity: Longitudinal evidence from 25 years of the Lothian Birth Cohort 1921","2026","Journal of Environmental Psychology","10.1016/j.jenvp.2025.102889","https://www.scopus.com/inward/record.uri?eid=2-s2.0-105025243892&doi=10.1016%2Fj.jenvp.2025.102889&partnerID=40&md5=2ee2b25dd879877ffeca7960626f76bf","Gardening is a common leisure activity among older adults, yet its potential to support healthy aging remains underexplored, particularly in longitudinal contexts and across multiple aging domains. This study investigated whether gardening frequency was associated with psychological, physical, and biological aging markers, as well as mortality, in the Lothian Birth Cohort 1921 (LBC1921). Gardening frequency was assessed via questionnaire at a mean age of 79 years (baseline: 1999–2001) in 475 participants. Aging markers were measured at 79, 83, 87, and 90 years. Psychological markers (quality of life, psychological wellbeing) were self-reported; physical function markers (lung function, gait speed, grip strength, functional ability) were objectively assessed; and biological markers (telomere length, DNA methylation-based PhenoAge) were blood-derived. Survival was tracked using 25-year mortality linkage data. Analyses included linear regression, growth curve modeling, and Cox proportional hazards, adjusted for individual- and neighbourhood-level covariates. Of the sample, 207 gardened frequently, 78 sometimes, and 190 never or rarely. At baseline (age 79), higher gardening frequency was associated with better psychological wellbeing, stronger physical function, and longer telomeres. Longitudinally, more frequent gardening predicted slower declines in gait speed and telomere attrition from age 79 to 90. Frequent gardeners had a 22 % lower mortality risk (HR = 0.78, 95 % CI: 0.62–0.97) than those who never or rarely gardened. Associations were not substantially confounded by sociodemographic, lifestyle, or physical activity factors. Our results suggest that gardening may support wellbeing and longevity, with potential implications for aging in place for older adults. © 2025 The Authors","","","2-s2.0-105025243892"
"Wang, Z.; Zhao, X.; Ma, Y.","Wang, Zijie (60245844800); Zhao, Xinwei (60246008300); Ma, Yan (60245887200)","60245844800; 60246008300; 60245887200","Association between biological aging and stroke and all-cause mortality: A population-based cross-sectional study and Mendelian randomization analysis","2026","Journal of Stroke and Cerebrovascular Diseases","10.1016/j.jstrokecerebrovasdis.2025.108525","https://www.scopus.com/inward/record.uri?eid=2-s2.0-105025124844&doi=10.1016%2Fj.jstrokecerebrovasdis.2025.108525&partnerID=40&md5=5d2ed906d7f954839bc719b2d450ee2f","Introduction: Stroke is a major acute cerebrovascular disorder and a leading cause of disability and death, for which ageing is a key risk factor. However, individuals of the same chronological age differ markedly in cerebrovascular vulnerability. This study aimed to investigate the association between biological aging and stroke risk and prognosis using several validated aging metrics. Methods: In NHANES 1999–2018, we derived the frailty index (FI), Klemera–Doubal age (KDMAge) and phenotypic age (PhenoAge) as alternative measures of biological aging. Logistic regression, tests for trend, restricted cubic splines and subgroup analyses were used to assess associations with stroke prevalence. Kaplan–Meier curves and Cox regression were applied to evaluate all-cause mortality among stroke survivors. In parallel, we conducted bidirectional two-sample Mendelian randomization (MR) using large genome-wide association studies to examine the potential causal effects of multiple biological aging indicators (four epigenetic age acceleration measures, telomere length, facial aging and FI) on stroke and its ischaemic subtypes, and the reverse effects of stroke on aging acceleration. Results: Among 34,856 participants, higher FI, KDMAge and PhenoAge, as well as biological age acceleration, were associated with increased stroke risk; these associations remained significant in fully adjusted models. Dose–response analyses revealed non-linear relationships between biological aging metrics and stroke, with FI and PhenoAge showing J-shaped and KDMAge S-shaped patterns. In survival analyses of 1,167 stroke patients, PhenoAge acceleration and frailty status were significantly associated with reduced survival probability and higher all-cause mortality, whereas KDMAge acceleration showed weaker prognostic value. In MR analyses meta-analysing GIGASTROKE and MEGASTROKE, genetically predicted FI was associated with higher risk of stroke overall (OR = 1.57, 95 % CI: 1.36–1.83, p < 0.001) and with major ischaemic subtypes, while other aging clocks showed weaker or subtype-specific associations. Reverse MR indicated that stroke liability was associated with higher PhenoAge acceleration (OR = 1.54, 95 % CI: 1.12–2.12, p = 0.008), higher FI (OR = 1.11, 95 % CI: 1.05–1.17, p < 0.001) and accelerated facial aging (OR = 1.02, 95 % CI: 1.01–1.03, p = 0.001). Conclusion: In a nationally representative sample, multiple biological aging indicators were associated with stroke and post-stroke all-cause mortality, and bidirectional MR supported a potential two-way relationship between biological aging and stroke. Among the evaluated metrics, FI showed the most robust and consistent associations with stroke risk and survival and provided the clearest and most stable genetic evidence compatible with a causal effect on stroke and its ischaemic subtypes. These findings support the FI as a practical tool for capturing biological aging in stroke risk stratification and secondary prevention, a proposition that warrants testing in prospective and interventional studies. © 2025 The Author(s)","biological marker; acceleration; adult; age; aging; all cause mortality; Article; benchmarking; biological age; cerebrovascular accident; cohort analysis; confidence interval; controlled study; cross-sectional study; dose; examination; female; frailty; genome-wide association study; human; intervention study; Kaplan Meier method; logistic regression analysis; major clinical study; male; Mendelian randomization analysis; nutrition; odds ratio; phenotype; prevalence; prognosis; proportional hazards model; public health; regression analysis; risk; secondary prevention; sensitivity analysis; single nucleotide polymorphism; stroke patient; stroke survivor; survival analysis; survival rate; telomere length; aged; cause of death; diagnosis; epidemiology; genetic epigenesis; genetic predisposition; genetics; middle aged; mortality; pathophysiology; risk assessment; risk factor; United States; very elderly; Age Factors; Aged; Aged, 80 and over; Aging; Cause of Death; Cross-Sectional Studies; Epigenesis, Genetic; Female; Frailty; Genetic Predisposition to Disease; Genome-Wide Association Study; Humans; Male; Mendelian Randomization Analysis; Middle Aged; Nutrition Surveys; Phenotype; Prevalence; Prognosis; Risk Assessment; Risk Factors; Stroke","41407084","2-s2.0-105025124844"
"Li, Y.; Dou, X.; Li, H.; Li, X.; Yang, L.; Chen, J.; Zhang, F.; Yue, H.; Dong, R.; He, J.; Wang, X.; Wei, W.; Liu, L.; Zhang, H.","Li, Yonghao (59456706600); Dou, Xinran (59172959700); Li, Hui (57216642244); Li, Xuan (60077266300); Yang, Luqin (59455971300); Chen, Jiawei (60235292900); Zhang, Fengqin (57216333000); Yue, Huihui (57213595004); Dong, Ruihan (58021103400); He, Jianhan (57223158052); Wang, Xuewen (59457443700); Wei, Wei (56126506200); Liu, Li (57295589300); Zhang, Huilan (57219274443)","59456706600; 59172959700; 57216642244; 60077266300; 59455971300; 60235292900; 57216333000; 57213595004; 58021103400; 57223158052; 59457443700; 56126506200; 57295589300; 57219274443","Associations between dietary patterns and the incidence of idiopathic pulmonary fibrosis: A cohort study","2026","Journal of Nutrition, Health and Aging","10.1016/j.jnha.2025.100755","https://www.scopus.com/inward/record.uri?eid=2-s2.0-105024598344&doi=10.1016%2Fj.jnha.2025.100755&partnerID=40&md5=d5909138be25bfe46255a04301a89ad6","Background Idiopathic pulmonary fibrosis (IPF) is a progressive, age-related lung disease with few modifiable risk factors. While healthy dietary patterns have been associated with reduced risk of chronic diseases, their impact on IPF remains unclear. This study investigated the relationship between adherence to healthy dietary patterns and incident IPF and explored whether phenotypic age acceleration mediates this association. Methods We analyzed 196,473 participants from the UK Biobank. Dietary intake was assessed via repeated 24 -h recall questionnaires, and adherence scores were calculated for the DASH, MEDAS, and MIND dietary patterns. Cox proportional hazards models were used to estimate the association between dietary scores and incident IPF. Mediation analysis was conducted to examine the role of phenotypic age acceleration. Results During a median follow-up of 12.4 years, 516 IPF cases were identified. Higher adherence to all three dietary patterns was significantly associated with a reduced risk of IPF. In fully adjusted models, hazard ratios for the highest vs. lowest quartiles were 0.75 (95% CI: 0.59–0.95) for DASH, 0.53 (0.37–0.75) for MEDAS, and 0.66 (0.51–0.86) for MIND. Phenotypic age acceleration partially mediated these associations. Conclusions Higher dietary scores were associated with a lower risk of incident IPF, partially mediated by reduced phenotypic age acceleration. These findings suggest that promoting healthy eating habits may contribute to reducing age-related lung disease burden in older adults. © 2025 The Authors.","acceleration; adult; age; alcohol consumption; Article; body mass; cheese; cohort analysis; DASH diet; dietary pattern; disease association; female; fibrosing alveolitis; fish; follow up; gender; hazard ratio; household income; human; incidence; male; mediation analysis; Mediterranean Diet Adherence Screener; middle aged; MIND diet; moderate drinker; non-smoker; phenotype; physical activity; questionnaire; risk factor; sea food; sensitivity analysis; smoking; UK Biobank; vegetable","41389724","2-s2.0-105024598344"
"Bai, R.; Pan, L.; Huang, Y.; Jiang, Z.; Wang, J.; Liu, Y.; Huang, C.; Zheng, X.; Yu, Y.; Li, Q.; Qin, G.","Bai, Runzhi (59944635600); Pan, Lulu (58677081200); Huang, Yifang (37037613100); Jiang, Zixuan (59543828700); Wang, Jing (57201615880); Liu, Yahang (57843001000); Huang, Chen (57277163300); Zheng, Xueying (55499126400); Yu, Yongfu (55946457000); Li, Qingqing (60235551700); Qin, Guoyou (19640646400)","59944635600; 58677081200; 37037613100; 59543828700; 57201615880; 57843001000; 57277163300; 55499126400; 55946457000; 60235551700; 19640646400","Association of accelerated biological aging and frailty with the risk of severe infection: a prospective study in the UK Biobank","2026","Journal of Frailty and Aging","10.1016/j.tjfa.2025.100118","https://www.scopus.com/inward/record.uri?eid=2-s2.0-105024578595&doi=10.1016%2Fj.tjfa.2025.100118&partnerID=40&md5=eea0a7c9e6ebf01a45a584e1a85d0062","Background: Infectious diseases contribute substantially to morbidity and mortality among aging populations, yet the impact of biological aging on severe infection risk remains unclear. Methods: Cox proportional hazards models estimated hazard ratios (HRs) and 95 % confidence intervals (CIs) for associations of accelerated biological aging (measured by KDM-BA and PhenoAge) and frailty index (FI) with overall and type-specific severe infections. Life expectancy differences by biological aging status were assessed. Bivariate response surface models evaluated combined effects of FI and two biological age acceleration indicators on severe infections. Results: KDM-BA acceleration (HR: 1.18; 95 % CI: 1.16 to 1.19) and PhenoAge acceleration (HR: 1.27; 95 % CI: 1.25 to 1.29) were associated with increased severe infection risk. Higher FI levels showed progressively greater risk, with HRs (95 % CIs) of 1.40 (1.38 to 1.43), 2.01 (1.96 to 2.06), 2.64 (2.53 to 2.76) and 3.37 (2.96 to 3.83) for FI categories 0.1 -< 0.2, 0.2 -< 0.3, 0.3 -< 0.4, and ≥ 0.4 versus FI < 0.1. Associations varied by infection type: KDM-BA acceleration and PhenoAge acceleration showed the strongest associations with respiratory infections, whereas the frailty index was most associated with digestive infections. Significant combined effects of FI and biological age accelerations further increased risk. Biologically younger individuals had longer life expectancy: +1.59 years (95 % CI: 1.40 to 1.77) for KDM-BA acceleration and +2.2 years (95 % CI: 2.00 to 2.40) for PhenoAge acceleration. Conclusion: Accelerated biological aging and frailty were significantly associated with increased risks of overall and type-specific severe infections. These findings suggest that integrating biological aging assessments into routine healthcare could improve infection risk stratification and guide targeted prevention strategies. © 2025","adult; aged; aging; alcohol consumption; Article; biological aging; body mass; central nervous system infection; chronology; cohort analysis; controlled study; female; follow up; frailty; gastrointestinal infection; health care; human; human experiment; ICD-10; incidence; infection risk; life expectancy; male; morbidity; mortality; normal human; outcome assessment; physical activity; prospective study; questionnaire; respiratory tract infection; response surface method; risk factor; sexually transmitted disease; smoking; synergistic effect; Townsend deprivation index; UK Biobank","41385362","2-s2.0-105024578595"
"Yu, Q.; Da, L.; Ma, Q.; Huang, Y.; Dong, Y.; Liu, Y.; Li, X.; Wu, X.; Li, Z.; Li, W.","Yu, Qi (58485390000); Da, Lijuan (59251447800); Ma, Qian (59251472300); Huang, Yushu (57713749400); Dong, Yue (59512195000); Liu, Yuan (59512963100); Li, Xiaoyu (57202112743); Wu, Xifeng (8236942400); Li, Zilin (56075626200); Li, Wenyuan (56724853200)","58485390000; 59251447800; 59251472300; 57713749400; 59512195000; 59512963100; 57202112743; 8236942400; 56075626200; 56724853200","Novel machine learning framework for multidimensional biological age estimation reveals heterogeneous aging of organ systems","2026","Computer Methods and Programs in Biomedicine","10.1016/j.cmpb.2025.109176","https://www.scopus.com/inward/record.uri?eid=2-s2.0-105023818882&doi=10.1016%2Fj.cmpb.2025.109176&partnerID=40&md5=0d951b894639c7e78e6928647cf3324b","Objective Existing biological age (BA) models often oversimplify aging’s complexity, offering single-dimensional metrics. However, these fail to capture the critical heterogeneity of aging across organs.. This study aims to develop a machine learning-based unified framework to assess and interpret multi-organ biological aging comprehensively. Method Using data from UK Biobank participants, we trained and integrated organ-specific BA estimates to assess multidimensional BA within an ensemble learning framework, and uncover distinct aging patterns. Result Our Fusion BA (an overall estimation of BA) was significantly correlated with chronological age (CA) (mean absolute error (MAE): 4.473 years; Pearson correlation: 0.718, P < 0.01). Accelerated Fusion BA derived from the ensemble model (contrast between Fusion BA and CA) predicted 10-year mortality (HR=1.504, 95 % CI: 1.438–1.574). Organ-specific BA correlated with organ disease risk and effectively captured distinct aging patterns. Conclusion This framework enables systemic and organ-specific aging assessment, provides actionable tools and insights for clinical risk. © 2025 Elsevier B.V.","Accelerated aging; Biological organs; Diseases; Learning systems; Machine learning; Risk assessment; Age estimation; Age modelling; Biological age; Biological aging; Chronological age; Ensemble learning; Learning frameworks; Machine-learning; Organ systems; Unified framework; Aging of materials; adult; aged; aging; all cause mortality; Article; biological age; body mass; chronic disease; cohort analysis; controlled study; demographics; ensemble learning; female; follow up; healthy aging; human; machine learning; major clinical study; male; mortality rate; mortality risk; organ systems; performance indicator; prediction; predictive model; prospective study; risk assessment; sleep debt; survival rate; UK Biobank; middle aged; physiology; United Kingdom; very elderly; Adult; Aged; Aged, 80 and over; Aging; Female; Humans; Machine Learning; Male; Middle Aged","41349435","2-s2.0-105023818882"
"Rodrigues, M.; Bather, J.R.; Cuevas, A.G.","Rodrigues, Mariana (58697133100); Bather, Jemar R. (57211928159); Cuevas, Adolfo G. (55849267900)","58697133100; 57211928159; 55849267900","Aging anxiety and epigenetic aging in a national sample of adult women in the United States","2026","Psychoneuroendocrinology","10.1016/j.psyneuen.2025.107704","https://www.scopus.com/inward/record.uri?eid=2-s2.0-105023188780&doi=10.1016%2Fj.psyneuen.2025.107704&partnerID=40&md5=c2ca10a02abac24d38bb842a3231c5c2","Background Aging anxiety is a multidimensional psychosocial stressor with potential implications for women’s long-term health, yet its biological embedding remains poorly understood. This study examined whether domain-specific aging anxieties are associated with accelerated epigenetic aging, using second-generation methylation-based biomarkers. Methods Data were drawn from 726 women participating in the Midlife in the United States (MIDUS) study. Aging anxiety was assessed across three domains: declining attractiveness, declining health, and reproductive aging. Epigenetic aging was measured using two complementary second-generation clocks: GrimAge2, which estimates cumulative biological damage and predicts mortality risk, and DunedinPACE, which captures the current pace of biological aging. Multivariable linear regression models tested associations between aging anxiety and epigenetic age acceleration, adjusting sequentially for sociodemographic factors, chronic health conditions, and health behaviors. Results Greater declining health anxiety was significantly associated with higher DunedinPACE z-scores (0.07 SD increase, 95 % CI: 0.01, 0.13). This association attenuated to non-significance after adjusting for health behaviors (0.02 SD increase, 95 % CI: −0.04, 0.08), which could be potential mediators on the exposure-outcome association pathway. Higher cumulative aging anxiety was significantly associated with a 0.07 SD increase (95 % CI: 0.01, 0.14) in DunedinPACE, but this association attenuated to non-significance after adjusting for chronic health conditions (0.06 SD increase, 95 % CI: −0.01, 0.13) and health behaviors (0.03 SD increase, 95 % CI: −0.03, 0.08). Conclusion Findings indicate that specific domains of aging anxiety, particularly fears about declining health, may manifest biologically and contribute to accelerated aging processes. These results support a biopsychosocial model in which subjective experiences of aging contribute to physiological decline. Future longitudinal studies are needed to clarify whether aging-related anxiety influences epigenetic aging trajectories among women. © 2025 Elsevier Ltd.","biological marker; acceleration; adult; aged; aging; aging anxiety; anxiety; Article; biopsychosocial model; chronic disease; clinical outcome; cohort analysis; controlled study; cross-sectional study; epigenetic clock; epigenetics; fear; female; health behavior; human; major clinical study; methylation; middle aged; mortality risk; multiple linear regression analysis; observational study; physical attractiveness; prediction; scoring system; short health anxiety inventory; sociodemographics; United States; women's health; DNA methylation; epidemiology; genetic epigenesis; genetics; physiology; psychology; Adult; Aged; Aging; Anxiety; DNA Methylation; Epigenesis, Genetic; Female; Humans; Middle Aged","41297282","2-s2.0-105023188780"
"Chan, M.H.; Meijer, M.; Merrill, S.M.; Fu, M.P.Y.; Lin, D.; MacIsaac, J.L.; Riis, J.L.; Granger, D.A.; Thomas, E.A.; Kobor, M.S.","Chan, Meingold Hiu Ming (57208566964); Meijer, Mandy (57205332821); Merrill, Sarah Martin (57212323400); Fu, Maggie Po Yuan (57225142045); Lin, David Tse Shen (7403692025); MacIsaac, Julia L. (55059591300); Riis, Jenna L. (22986111400); Granger, Douglas Alan (7201565502); Thomas, Elizabeth A. (55984181500); Kobor, Michael S. (6603486133)","57208566964; 57205332821; 57212323400; 57225142045; 7403692025; 55059591300; 22986111400; 7201565502; 55984181500; 6603486133","Not all saliva samples are equal: The role of cellular heterogeneity in DNA methylation and epigenetic age analyses with biological and psychosocial factors","2026","Psychoneuroendocrinology","10.1016/j.psyneuen.2025.107688","https://www.scopus.com/inward/record.uri?eid=2-s2.0-105022296042&doi=10.1016%2Fj.psyneuen.2025.107688&partnerID=40&md5=97c55b2c5dd7d57841879c664347a770","Saliva is widely used in biomedical population research, including epigenetic analyses to investigate gene-environment interplay and identify biomarkers. Its minimally invasive collection procedure makes it ideal for studies in pediatric populations. Saliva is a heterogenous tissue composed of immune and buccal epithelial cells (BEC). Amongst the many epigenetic marks, DNA methylation (DNAm) is the most studied in human populations. DNAm profiles are often highly cell type (CT)-specific. CT composition can drive salivary DNAm associations with environments or health as well as epigenetic age acceleration (EAA), which is the discrepancy between chronological and biological age derived from DNAm. To address this, reference-based CT deconvolution and statistical adjustment with estimated CT in DNAm analyses have become a common practice. However, it remains unclear how different CT reference panels—constructed from adult versus pediatric samples—affect DNAm results. Additionally, whether DNAm and EAA associations in saliva primarily originate from immune cells or BECs, or if they persist across saliva samples despite varying CT proportions, still requires more investigations. The current study used salivary DNAm samples obtained from 529 children (mean age=7.26 years, SD=0.26 years) in a community-based cohort, the Family Life Project. Our results demonstrated that the child reference panel outperformed the adult one based on goodness of fit measure and highlighted the impact of estimated CT discrepancies across reference panels on DNAm associations. Upon stratifying the salivary DNAm samples into three subsamples—primarily BECs, primarily immune cells, and an approximately equal mix of both, we found significantly different EAAs across stratified samples when CT proportions were not accounted for. In both the contexts of DNAm and EAA associations, we detected stronger effects of cotinine concentrations, a tobacco smoke-exposure biomarker, in the subsample with primarily immune cells. We discussed the implications of our findings for the interpretation and replication of epigenetic research involving pediatric saliva samples. © © 2025. Published by Elsevier Ltd.","cotinine; DNA; biological marker; age; Article; biology; buccal epithelial cell; cell heterogeneity; cells by body anatomy; cheek cell; child; cohort analysis; community; controlled study; deconvolution; DNA methylation; epigenetic age; epigenetic age acceleration; epigenetic clock; epigenome; epigenome-wide association study; epithelium cell; family life; Family Life Project; female; genome-wide association study; human; immunocompetent cell; male; pediatrics; reference based cell type deconvolution; saliva; social psychology; stratified sample; adult; aging; chemistry; cytology; genetic epigenesis; genetics; metabolism; physiology; preschool child; Adult; Age Factors; Aging; Biomarkers; Child; Child, Preschool; DNA Methylation; Epigenesis, Genetic; Epithelial Cells; Female; Humans; Male; Saliva","41265020","2-s2.0-105022296042"
"Kawamura, T.; da Silva Rodrigues, G.D.S.; Bueno, C.R.; Taki, Y.; Higuchi, M.","Kawamura, Takuji (57188746547); da Silva Rodrigues, Guilherme S. (57277725600); Bueno, Carlos Roberto (55930630700); Taki, Yasuyuki (35729609800); Higuchi, Mitsuru (7402053827)","57188746547; 57277725600; 55930630700; 35729609800; 7402053827","Dietary regulation of epigenetic aging: Beyond clocks to gene-specific mechanisms","2026","Journal of Nutritional Biochemistry","10.1016/j.jnutbio.2025.110156","https://www.scopus.com/inward/record.uri?eid=2-s2.0-105022084514&doi=10.1016%2Fj.jnutbio.2025.110156&partnerID=40&md5=be7e292c93a30867f6fd2c2f83603421","Epigenetic aging, regulated by DNA methylation-based clocks, is a modifiable biological process influenced by environmental and lifestyle-related factors. Nutritional interventions have attracted attention as promising strategies to regulate biological aging. In this short review, we discuss the effects of specific nutrients and dietary patterns on epigenetic age acceleration and highlight the potential roles of diet-induced modulation of gene promoter methylation, a relatively underexplored yet critical mechanism underlying aging. We comprehensively review the observational and interventional studies linking nutrient intake, dietary quality, and polyphenol-rich diets to slow epigenetic aging. Furthermore, we discuss the complementary impacts of nutrition-driven promoter methylation changes, revealing a potential dual pathway involved in the dietary regulation of aging at the global and gene levels. By bridging epigenetic clock-based aging and promoter methylation biology, this review provides novel insights and outlines future research directions for establishing precise nutritional approaches for healthy longevity. In addition, this review highlights the need to consider both global and locus-specific epigenetic markers when developing dietary strategies to modulate biological aging. © 2025 The Authors","5,10 methylenetetrahydrofolate reductase (FADH2); colecalciferol; cytosine; DNA methyltransferase; polyphenol; vitamin D; acceleration; aging; Article; carbohydrate diet; chromatin assembly and disassembly; DASH diet; diet; diet quality; dietary pattern; DNA methylation; epigenetic clock; epigenetics; gene; gene expression; human; intervention study; longevity; low fat diet; methylation; nutrient; nutrient intake; nutritional epigenetics; nutritional science; personalized nutrition; promoter region; protein expression","","2-s2.0-105022084514"
"Ji, W.; Zhang, Y.; Cheng, Y.; Lai, C.; Chen, J.; Feng, R.; Zhao, H.; Wang, K.; Hu, Z.","Ji, Weidong (57206641275); Zhang, Yushan (57580647300); Cheng, Yinlin (57217221852); Lai, Cong (57215833881); Chen, Jiaqi (59352216000); Feng, Ruiqi (59997705700); Zhao, Huiying (57201347503); Wang, Kai (59910670100); Hu, Zhensheng (58507488300)","57206641275; 57580647300; 57217221852; 57215833881; 59352216000; 59997705700; 57201347503; 59910670100; 58507488300","Association between biological aging and genetic susceptibility with the risk of bipolar disorder and schizophrenia: A prospective cohort study","2026","Journal of Affective Disorders","10.1016/j.jad.2025.120568","https://www.scopus.com/inward/record.uri?eid=2-s2.0-105021128830&doi=10.1016%2Fj.jad.2025.120568&partnerID=40&md5=2ffaa1a870426b45c99510acef7834b4","Background Bipolar disorder (BD) and schizophrenia (SCZ) are severe psychiatric disorders with complex etiologies. Accelerated biological aging, potentially exacerbated by environmental exposures like air pollution, may represent a key pathogenic mechanism. This study aimed to investigate the independent and combined effects of biological aging and genetic risk on incident BD and SCZ, and to assess whether biological aging mediates the impact of environmental factors. Methods We analyzed data from 483,482 UK Biobank participants. Biological aging was quantified using phenotypic age acceleration (PhenoAgeAccel), and genetic predisposition was assessed via polygenic risk scores (PRSs). Cox proportional hazards models, adjusted for numerous covariates, were used to estimate hazard ratios (HRs). Mediation analysis evaluated the role of PhenoAgeAccel in the pathway from air pollution and noise to disease outcomes. Results A 5-year increase in PhenoAgeAccel was significantly associated with a higher risk of BD (HR 1.271, 95 % CI 1.185–1.362) and SCZ (HR 1.348, 95 % CI 1.230–1.476). The association with BD risk was stronger in overweight or obese participants. Individuals with high genetic risk and greater biological aging had the highest risk of developing BD (HR 2.492, 95 % CI 1.764–3.521) and SCZ (HR 7.795, 95 % CI 3.913–15.529). PhenoAgeAccel mediated 7–12 % of the association between air pollution and BD and 3–5 % of its association with SCZ. Conclusion PhenoAgeAccel is significantly associated with the risk of common psychiatric disorders, including BD and SCZ, and shows promise as a novel biomarker to guide precision prevention and management of these conditions. © 2025 Elsevier B.V.","albumin; alkaline phosphatase; C reactive protein; creatinine; glucose; acceleration; adult; aged; aging; air pollutant; air pollution; Article; bipolar disorder; clinical assessment; cohort analysis; controlled study; disease association; environmental exposure; environmental factor; female; genetic predisposition; genetic risk; genetic risk score; genetic susceptibility; high risk patient; human; major clinical study; male; mediation analysis; obese patient; obesity; outcome assessment; phenotypic variation; proportional hazards model; prospective study; risk factor; schizophrenia; adverse event; epidemiology; etiology; genetics; middle aged; United Kingdom; Adult; Aged; Aging; Air Pollution; Bipolar Disorder; Female; Genetic Predisposition to Disease; Humans; Male; Middle Aged; Proportional Hazards Models; Prospective Studies; Risk Factors; Schizophrenia","41173105","2-s2.0-105021128830"
"Liu, X.; Chen, X.; Yang, W.; Ding, G.; Zhao, Y.; Li, Y.; Chen, N.; Cui, J.","Liu, Xiangliang (55327433500); Chen, Xinqiao (58570804500); Yang, Wang (57194062502); Ding, Guanran (60170828800); Zhao, Yixin (57449064100); Li, Yuguang (57376880400); Chen, Naifei (36162307200); Cui, Jiuwei (59037787200)","55327433500; 58570804500; 57194062502; 60170828800; 57449064100; 57376880400; 36162307200; 59037787200","Cardiorespiratory fitness and type 2 diabetes risk: A prospective cohort study with mediation analysis of biological aging in the UK Biobank","2026","Diabetes, Obesity and Metabolism","10.1111/dom.70261","https://www.scopus.com/inward/record.uri?eid=2-s2.0-105020835643&doi=10.1111%2Fdom.70261&partnerID=40&md5=e75807a30422c9cafd700844ff47723d","Aims: Higher cardiorespiratory fitness is associated with reduced type 2 diabetes mellitus (T2D) risk, but the underlying mechanisms remain incompletely understood. We investigated whether biological aging mediates the association between maximal oxygen uptake (VO<inf>2</inf>max) and incident T2D risk. Materials and Methods: This prospective cohort study included 54 418 UK Biobank participants aged 39–70 years without baseline diabetes. VO<inf>2</inf>max was estimated using a validated algorithm incorporating resting heart rate, physical activity, age, sex and body mass index. Biological age (BA) and phenotypic age (PhenoAge) were calculated from clinical biomarkers. Cox proportional hazards models estimated hazard ratios (HRs) and 95% confidence intervals (CIs), adjusting for sociodemographic, lifestyle and clinical factors. Linear regression analyses assessed cross-sectional associations between VO<inf>2</inf>max and standardised glycaemic and lipid biomarkers. Mediation analysis quantified the proportion of association explained by biological aging measures. Results: During 694 986 person-years of follow-up, 2628 participants developed T2D (incidence rate: 3.78 per 1000 person-years). Compared to the lowest VO<inf>2</inf>max quartile, participants in the highest quartile had a 56% lower T2D risk (HR 0.44, 95% CI = 0.39–0.50). Each standard deviation increase in VO<inf>2</inf>max was associated with a 28% lower risk (HR 0.72, 95% CI = 0.68–0.76). BA acceleration mediated 8.2% (95% CI = 6.1%–10.8%) and PhenoAge acceleration mediated 9.1% (95% CI = 6.8%–12.1%) of the VO<inf>2</inf>max–T2D association. Protective associations were consistent across sex, age, ethnicity and genetic risk subgroups. VO<inf>2</inf>max showed strong inverse correlations with glucose (β = −0.32), glycated haemoglobin (β = −0.28), triglycerides (β = −0.31) and a positive correlation with high-density lipoprotein (HDL) cholesterol (β = 0.29). Conclusions: Higher cardiorespiratory fitness demonstrates robust protective associations against T2D incidence, with biological aging mechanisms partially mediating this relationship. © 2025 The Author(s). Diabetes, Obesity and Metabolism published by John Wiley & Sons Ltd.","albumin; alkaline phosphatase; C reactive protein; cholesterol; creatinine; glycated hemoglobin; high density lipoprotein cholesterol; low density lipoprotein cholesterol; triacylglycerol; biological marker; adult; aged; aging; alcohol consumption; Article; biological age; body mass; cardiorespiratory fitness; cholesterol blood level; cohort analysis; dietary intake; disease association; electrocardiography; female; forced expiratory volume; genetic risk score; glucose blood level; heart rate; human; leukocyte count; lymphocyte percentage; male; maximal oxygen uptake; mean corpuscular volume; mediation analysis; non insulin dependent diabetes mellitus; physical activity; prospective study; red blood cell distribution width; smoking; sociodemographics; systolic blood pressure; triacylglycerol blood level; UK Biobank; urea nitrogen blood level; biobank; epidemiology; incidence; middle aged; oxygen consumption; physiology; prevention and control; risk factor; United Kingdom; Adult; Aged; Aging; Biological Specimen Banks; Biomarkers; Cardiorespiratory Fitness; Diabetes Mellitus, Type 2; Female; Humans; Incidence; Male; Mediation Analysis; Middle Aged; Oxygen Consumption; Prospective Studies; Risk Factors","41178744","2-s2.0-105020835643"
"Ma, L.-Z.; Liu, W.-S.; He, Y.; Zhang, Y.; You, J.; Feng, J.-F.; Tan, L.; Cheng, W.; Yu, J.-T.","Ma, Lingzhi (57214749744); Liu, Weishi (57222961863); He, Yu (57452526800); Zhang, Yi (57576793200); You, Jia (57667047600); Feng, Jianfeng (57804759800); Tan, Lan (15822952800); Cheng, Wei (57205297959); Yu, Jintai (24068133900)","57214749744; 57222961863; 57452526800; 57576793200; 57667047600; 57804759800; 15822952800; 57205297959; 24068133900","Plasma proteomics identify novel biomarkers and dynamic patterns of biological aging","2026","Journal of Advanced Research","10.1016/j.jare.2025.05.004","https://www.scopus.com/inward/record.uri?eid=2-s2.0-105004815135&doi=10.1016%2Fj.jare.2025.05.004&partnerID=40&md5=c444fb203e43767e7552f7a3d2df14dd","Introduction Plasma proteomics examines levels of thousands of proteins and has the potential to identify clinical biomarkers for healthy aging. Objectives This large proteomics study aims to identify clinical biomarkers for healthy aging and further explore potential mechanisms involved in aging. Methods This study analyzed data from 51,904 UK Biobank participants to explore the association between 2,923 plasma proteins and nine aging-related phenotypes, including PhenoAge, KDM-Biological Age, healthspan, parental lifespan, frailty, and longevity. Protein levels were measured using proteomics, and associations were assessed with a significance threshold of P < 1.90E-06. We utilized the DE-SWAN method to detect and measure the nonlinear alterations in plasma proteome during the process of biological aging. Mendelian randomization was applied to assess causal relationships, and a PheWAS explored the broader health impacts of these proteins. Results We identified 227 proteins significantly associated with aging (P < 1.90E-06), with the pathway of inflammation and regeneration being notably implicated. Our findings revealed fluctuating patterns in the plasma proteome during biological aging in middle-aged adults, pinpointing specific peaks of biological age-related changes at 41, 60, and 67 years, alongside distinct age-related protein change patterns across various organs. Furthermore, mendelian randomization further supported the causal association between plasma levels of CXCL13, DPY30, FURIN, IGFBP4, SHISA5, and aging, underscoring the significance of these drug targets. These five proteins have broad-ranging effects. The PheWAS analysis of proteins associated with aging highlighted their crucial roles in vital biological processes, particularly in overall mortality, health maintenance, and cardiovascular health. Moreover, proteins can serve as mediators in healthy lifestyle and aging processes. Conclusion These significant discoveries underscore the importance of monitoring and intervening in the aging process at critical periods, alongside identifying potential biomarkers and therapeutic targets for age-related disorders within the plasma proteomic landscape, thus offering valuable insights into healthy aging. © 2025 The Author(s).","biological marker; protein blood level; proteome; adult; aged; aging; blood; female; healthy aging; human; longevity; male; Mendelian randomization analysis; metabolism; middle aged; physiology; procedures; proteomics; Adult; Aged; Aging; Biomarkers; Blood Proteins; Female; Healthy Aging; Humans; Longevity; Male; Mendelian Randomization Analysis; Middle Aged; Proteome; Proteomics","40328427","2-s2.0-105004815135"
"Cracas, S.V.; Garro, G.; Venetucci, J.; Martorana, M.; Antona, A.; Bettio, V.; Rossato, D.; Briacca, L.; Viola, E.; Caristia, S.; Colombo, V.; Capuzzi, L.; Roveda, C.; Varalda, M.; Rolla, R.; Sacchetti, S.; Tillio, P.A.; Capello, D.; Faggiano, F.","Cracas, Silvia Vittoria (57947387900); Garro, Giulia (59457645100); Venetucci, Jacopo (58242989800); Martorana, Marco (58516199200); Antona, Annamaria (57211711948); Bettio, Valentina (35731067800); Rossato, Davide (60366337000); Briacca, Luca (57197759070); Viola, Erica (57204817092); Caristia, Silvia (57196042615); Colombo, Vittoria (60366337100); Capuzzi, Lucrezia (60366258800); Roveda, Chiara (60366289300); Varalda, Marco (55799972900); Rolla, Roberta (6603463154); Sacchetti, Sara (58171578100); Tillio, Paolo Amedeo (57218187793); Capello, Daniela (57195030938); Faggiano, Fabrizio Fabrizio (7003647087)","57947387900; 59457645100; 58242989800; 58516199200; 57211711948; 35731067800; 60366337000; 57197759070; 57204817092; 57196042615; 60366337100; 60366258800; 60366289300; 55799972900; 6603463154; 58171578100; 57218187793; 57195030938; 7003647087","Update of the Novara Cohort Study (NCS): protocol evolution of a population-based longitudinal study on ageing in Northern Italy-cohort profile","2026","BMJ Open","10.1136/bmjopen-2025-109328","https://www.scopus.com/inward/record.uri?eid=2-s2.0-105029069572&doi=10.1136%2Fbmjopen-2025-109328&partnerID=40&md5=d81badb549f902181461c435ca92440f","Purpose The Novara Cohort Study (NCS) was established to investigate the biological, psychological and social factors that influence ageing in the general population. The study aims to identify early risk factors for frailty, allostatic load and cognitive decline, and to uncover molecular and functional markers of accelerated biological ageing. NCS addresses the need for detailed life-course data from Southern Europe to support personalised prevention and early diagnosis, and to promote healthy longevity. Participants NCS is a population-based, longitudinal cohort in the Novara province (Northern Italy), originally enrolling adults aged 35 and older. The inclusion criteria were later expanded to encompass all residents aged 18 and over, facilitating the study of ageing trajectories from early adulthood onward. As of mid-2025, about 1000 participants have been enrolled, and recruitment is ongoing. The cohort’s diversity in age, employment status and health conditions enhances its value for life-course analysis. Findings to date Following a pilot phase in 2022–2023, the whole study protocol now includes detailed demographic, clinical, behavioural, cognitive and psychosocial data, along with biological samples stored in the UPO Biobank. The protocol incorporates validated tools, comprehensive physical and cognitive assessments, and over 90 laboratory biomarkers covering inflammation, metabolism, hormonal function and coagulation. Additionally, a subset of participants underwent advanced inflammatory profiling by simultaneous measurement of 92 immune-related proteins and comprehensive genomic profiling using Illumina Single Nucleotide Polymorphism (SNP) arrays, capturing common genetic variation across multiple biological domains. Preliminary results demonstrate the feasibility of integrating deep phenotyping, reveal the roles of frailty in ageing and show initial evidence of age-related changes in inflammatory proteins. Future plans NCS plans to enrol at least 10000 participants and will conduct long-term follow-up using both passive methods, such as linking with clinical records and administrative health databases, and active in-person reassessments. Future phases will integrate clinical, behavioural and cognitive data with large-scale omics analyses, including genomics, proteomics, metabolomics and transcriptomics. Machine learning techniques will be employed to model biological age, identify early signs of age-related decline and develop personalised prevention strategies. By combining high-resolution phenotyping with multidimensional data, NCS aims to find modifiable risk factors and molecular signatures of ageing, supporting national and European research efforts and encouraging collaborative studies through open data-sharing frameworks. © Author(s) (or their employer(s)) 2026. Re-use permitted under CC BY-NC. No commercial re-use. See rights and permissions. Published by BMJ Group.","biological marker; adult; aged; aging; allostasis; cognitive defect; cohort analysis; epidemiology; female; frailty; human; Italy; longitudinal study; male; methodology; middle aged; physiology; psychology; risk factor; very elderly; Adult; Aged; Aged, 80 and over; Aging; Allostasis; Biomarkers; Cognitive Dysfunction; Cohort Studies; Female; Frailty; Humans; Longitudinal Studies; Male; Middle Aged; Research Design; Risk Factors","41617235","2-s2.0-105029069572"
"Svensek, A.; Lorber, M.; Klemenc-Ketiš, Z.; Gosak, L.; Muršec, D.; Stiglic, G.","Svensek, Adrijana (58140229300); Lorber, Mateja (41761889800); Klemenc-Ketiš, Zalika (26424289800); Gosak, Lucija (57217245365); Muršec, Dominika (59202107800); Stiglic, Gregor (6506110486)","58140229300; 41761889800; 26424289800; 57217245365; 59202107800; 6506110486","Interactive Digital Visualization Counseling for Lifestyle Change in Patients at Risk of Cardiovascular Diseases: Randomized Controlled Trial","2026","JMIR public health and surveillance","10.2196/83488","https://www.scopus.com/inward/record.uri?eid=2-s2.0-105028227062&doi=10.2196%2F83488&partnerID=40&md5=2efc7646c0cec7abeb59439e864bc4f8","Background: Cardiovascular disease (CVD) remains the leading cause of death. Primary prevention relies heavily on health risk assessments and lifestyle changes, which can reduce long-term risk and mortality. Digital health offers an accessible and cost-effective approach to support prevention, enabling data sharing and visualization of key indicators such as blood pressure and glucose fluctuations. These visual insights may help patients better understand the effects of lifestyle changes and enhance communication with health care providers. Objective: This research aims to evaluate whether the use of CVD risk visualization (Petal-X) and continuous glucose monitoring (CGM), alone or in combination, is associated with lifestyle changes and the perception of person-centered care (PCC) among patients at increased risk of CVD. Methods: We conducted a 4-arm, single-blind, 2×2 factorial randomized controlled feasibility trial in primary care. A total of 119 participants were enrolled, of whom 101 completed the 6-month follow-up. Participants were randomized to 1 of 4 arms: (1) Petal-X CVD risk visualization+CGM; (2) CGM only; (3) Petal-X only; or (4) standard care with routine lifestyle counseling and no digital tools. CGM was used for 10 days in the CGM arms. Since this was a feasibility trial, no formal sample size calculation was performed. Primary outcomes are healthy lifestyle (Health Lifestyle and Personal Control Questionnaire [HLPCQ]) and perception of PCC (Person-Centered Practice Inventory-Service User [PCPI-SU]), and secondary outcomes (Systematic Coronary Risk Evaluation 2 [SCORE2], anthropometrics, and biological age) were assessed at baseline and 6 months. Descriptive statistics and Kruskal-Wallis tests (K independent samples) were used for analyses. Results: At baseline, mean SCORE2 values ranged from 3.84 (SD 2.08) in intervention group 3 to 4.87 (SD 2.61) in intervention group 1, with the control group having a mean value of 4.53 (SD 3.63). Regarding the assessment of a healthy lifestyle, the domain of daily routine had the highest baseline scores across all groups (eg, mean 19.24, SD 5.87 in intervention group 1), and these scores improved by the final evaluation, although there were no statistically significant differences (P=.42) in changes between the groups. The perception of PCC was rated highest across all groups in the domain of shared decision-making, with no statistically significant differences (P=.26) between the groups. Results indicated improvements in healthy lifestyle habits, but the impact of interventions on perceived changes remained insignificant. Conclusions: Healthy lifestyle and perceived PCC scores improved, although no statistically significant between-group differences were found. Risk visualization appears to be a key tool for increasing CVD awareness and strengthening patient involvement in care planning. Longer interventions with larger samples are needed to clarify these effects and optimize digital tools for lifestyle change. © Adrijana Svenšek, Mateja Lorber, Zalika Klemenc-Ketis, Lucija Gosak, Dominika Muršec, Gregor Stiglic. Originally published in JMIR Public Health and Surveillance (https://publichealth.jmir.org).","adult; aged; cardiovascular disease; controlled study; counseling; female; human; lifestyle; male; middle aged; prevention and control; procedures; psychology; randomized controlled trial; risk reduction; single blind procedure; Adult; Aged; Cardiovascular Diseases; Counseling; Female; Humans; Life Style; Male; Middle Aged; Risk Reduction Behavior; Single-Blind Method","41569629","2-s2.0-105028227062"
"Lin, S.; Liu, M.; Lu, X.; Song, Y.; Li, H.; Hu, F.; Fan, L.; Xie, X.; Lin, S.; Wu, S.","Lin, Shiying (59009771000); Liu, Minghuan (60007183600); Lu, Xinyue (57947717300); Song, Yang (60006374600); Li, Huangyuan (16678913000); Hu, Feng (57222428372); Fan, Lin (44760902900); Xie, Xiaoxu (57143170400); Lin, Shaowei (55987728100); Wu, Siying (8909921700)","59009771000; 60007183600; 57947717300; 60006374600; 16678913000; 57222428372; 44760902900; 57143170400; 55987728100; 8909921700","Association between biological aging and coronary heart disease: A secondary analysis of two observational studies","2026","iScience","10.1016/j.isci.2025.114478","https://www.scopus.com/inward/record.uri?eid=2-s2.0-105026724541&doi=10.1016%2Fj.isci.2025.114478&partnerID=40&md5=675afca1574151ab4c233515b8f2885f","While aging is a well-established contributor to cardiovascular disease, the specific relation between biological aging—as assessed by PhenoAge and PhenoAge acceleration—and the risk of coronary heart disease (CHD) requires further evidence to elucidate. This study conducted a cross-sectional analysis using data from the National Health and Nutrition Examination Survey (NHANES), alongside both cross-sectional and prospective analyses using data from the UK Biobank, to investigate the association between biological aging and CHD risk across two large cohorts. The results indicated that each unit increase in PhenoAge and PhenoAge acceleration was significantly associated with a higher risk of CHD. Compared to individuals without accelerated aging, those experiencing accelerated aging face a significantly higher risk. These findings suggest that PhenoAge and its acceleration are significant risk factors for CHD development. Moreover, surrogate markers of biological aging may serve as valuable tools for both the primary and secondary prevention of CHD. © 2025 The Author(s)","","","2-s2.0-105026724541"
"Yu, Z.; Björkander, S.; Bendes, A.; Nobile, F.; Zhang, J.; Merid, S.K.; Hernandez-Pacheco, N.; He, S.; Kere, M.M.; Klevebro, S.; Ljungman, P.; Stafoggia, M.; Bellander, T.; Pershagen, G.; Bergstrom̈, A.; Kull, I.; Merritt, A.-S.; Roxhed, N.; Gruzieva, O.; Schwenk, J.M.; Melén, E.","Yu, Zhebin (57207421199); Björkander, Sophia (55224491400); Bendes, Annika (57210207724); Nobile, Federica (57415762800); Zhang, Jiawei (57455608300); Merid, Simon Kebede (56324711500); Hernandez-Pacheco, Natalia (57190175871); He, Shizhen (57853190300); Kere, Maura M. (57212316966); Klevebro, Susanna (57192090180); Ljungman, Petter L.S. (20433957500); Stafoggia, Massimo (13608072800); Bellander, Tom D. (7004551414); Pershagen, Göran (7005567541); Bergstrom̈, Anna V. (35314522100); Kull, Inger (55904196600); Merritt, Anne Sophie (36133559500); Roxhed, Niclas (7801573273); Gruzieva, Olena (54391036000); Schwenk, Jochen M. (6701576560); Melén, Erik (55882117600)","57207421199; 55224491400; 57210207724; 57415762800; 57455608300; 56324711500; 57190175871; 57853190300; 57212316966; 57192090180; 20433957500; 13608072800; 7004551414; 7005567541; 35314522100; 55904196600; 36133559500; 7801573273; 54391036000; 6701576560; 55882117600","Ambient temperature exposure on inflammatory blood proteins—A longitudinal self-sampling survey in young Swedish adults","2026","iScience","10.1016/j.isci.2025.114383","https://www.scopus.com/inward/record.uri?eid=2-s2.0-105025573610&doi=10.1016%2Fj.isci.2025.114383&partnerID=40&md5=f55a3e97d513e2bcea55d15891888f6e","The mechanisms by which temperature exposure affects health outcomes remain unclear. In this study, we conducted three repeated measurements (2020–2022) by collecting self-sampled volumetric dry blood spots (DBSs) from 807 participants from the Swedish BAMSE cohort (mean age 25.9 years). By estimating individual-address level daily temperature using a high-resolution spatiotemporal model, we found that 58 (16%) of the 365 studied inflammation-related proteins were significantly associated with short-term exposure to ambient temperatures. The impact of temperature exposure was modified by sex, smoking, asthma, and concurrent exposure to air pollution. The temperature-associated proteins were linked to lung function, blood pressure, and HbA1c with validations in the UK Biobank. Furthermore, peak temperature exposure (both cold and heat) was associated with significantly increased proteomic age acceleration. Our findings suggest that ambient temperature exposure may cause adverse health effects through perturbating inflammation-related proteins. © 2025 The Author(s)","","","2-s2.0-105025573610"
"Ioannou, C.; Nawrot, T.S.; Martens, D.S.","Ioannou, Charalampia (60347009600); Nawrot, Tim Steve (6701621197); Martens, Dries S. (56699617900)","60347009600; 6701621197; 56699617900","Ambient long-term air pollution exposure and epigenetic aging clocks: A systematic review and meta-analysis","2026","Ecotoxicology and Environmental Safety","10.1016/j.ecoenv.2026.119764","https://www.scopus.com/inward/record.uri?eid=2-s2.0-105028322459&doi=10.1016%2Fj.ecoenv.2026.119764&partnerID=40&md5=0f5fba7ca2d581b689423b6c2122e611","Ambient air pollution may accelerate biological aging, but the extent of its impact remains uncertain. Epigenetic clocks capture aging by comparing biological to chronological age, highlighting whether an individual is aging biologically faster (accelerating) or slower (decelerating) than expected. This systematic review and meta-analysis aimed to evaluate the association between long-term outdoor air pollution exposure [particulate matter (PM<inf>2.5</inf>, PM<inf>10</inf>), nitrogen dioxide (NO<inf>2</inf>), or black carbon (BC)] and epigenetic clocks. We systematically searched the databases of PubMed, Scopus, and Google Scholar until April 2025. Random-effects models were used to estimate beta coefficients for the association between air pollutants and epigenetic age acceleration (EAA). The study protocol was registered on the International Prospective Register of Systematic Reviews (PROSPERO: CRD42024628148). Our meta-analysis included 18 studies with a combined sample size of 363,381 participants. Using the Horvath EAA, no significant associations were found for all pollutants [per 5 μg/m3 PM<inf>2.5</inf>: 0.523 y (95 %CI: -0.136, 1.182, p = 0.12); 5 μg/m3 PM<inf>10</inf>: 0.043 y (95 %CI: -0.281, 0.366, p = 0.80); 10 μg/m3 NO<inf>2</inf>: -0.078 y (95 %CI: -0.201, 0.044, p = 0.21); 0.5 μg/m3 BC: 0.268 y (95 %CI: -0.165, 0.701, p = 0.23)]. In a sensitivity analysis, when only including adult populations, the effect for a 5 μg/m3 increase in PM<inf>2.5</inf> was more pronounced [0.740 y (95 %CI: -0.050, 1.529, p = 0.066)]. For PhenoAge EAA, inconsistent associations between pollutants and epigenetic aging were observed, which were driven by a single study. Finally, for GrimAge EAA, no associations with pollutant exposures were identified. In conclusion, this meta-analysis suggests a potential weak association between ambient particulate air pollution exposure and Horvath epigenetic age acceleration in adults; however, this currently lacks statistical significance. Other epigenetic clocks showed inconsistent or no associations. Additional high-quality longitudinal studies are needed to clarify the nature and strength of the potential link between air pollution exposure and epigenetic aging. © 2026 The Authors.","black carbon; nitrogen dioxide; ambient air; atmospheric pollution; literature review; meta-analysis; particulate matter; pollution exposure; aging; air pollutant; air pollution; Article; body mass; cardiovascular disease; CD4+ T lymphocyte; CD8+ T lymphocyte; coronary artery disease; economic status; educational status; environmental exposure; epigenetic clock; household income; human; ischemic heart disease; leave one out cross validation; long term exposure; lung disease; meta analysis; methylation; physical activity; PM10 exposure; PM2.5 exposure; predictive model; reproductive health survey; sensitivity analysis; smoking; spatiotemporal analysis; systematic review","41564677","2-s2.0-105028322459"
"Zuo, S.; Vonk, J.M.; Kromhout, H.; de Vries, M.; van Zutphen, T.; Gallo, V.","Zuo, Shanshan (59144487500); Vonk, Judith M. (7006334144); Kromhout, Hans J. (57215380354); de Vries, Maaike M. (56668389200); van Zutphen, Tim (21735560600); Gallo, Valentina (35236753000)","59144487500; 7006334144; 57215380354; 56668389200; 21735560600; 35236753000","Occupational exposure to pesticides and epigenetic age acceleration in the lifelines cohort study","2026","Environmental Research","10.1016/j.envres.2025.123371","https://www.scopus.com/inward/record.uri?eid=2-s2.0-105023131307&doi=10.1016%2Fj.envres.2025.123371&partnerID=40&md5=65e192e5a46d88d4315f0601ab93fbb8","Objective: Pesticide exposure has been implicated in age-related diseases, whereas its association with biological aging remains unclear. This study aimed to examine the association between occupational pesticide exposure and epigenetic age acceleration. Methods: We analyzed cross-sectional data from 1622 participants in the Dutch general population-based Lifelines cohort with available DNA methylation data. Occupational pesticide exposure and its subclasses (herbicides, insecticides, fungicides) were assessed using self-reported occupation combined with the ALOHA + job exposure matrix. Age acceleration was estimated using seven epigenetic aging measures including the Horvath, Hannum, Skin & Blood, PhenoAge, GrimAge, DunedinPACE, and DNA methylation-based telomere length (DNAmTL). Multivariable linear regression with inverse probability weighting was applied to estimate associations, adjusting for age, sex, education, income, smoking status, and co-exposure to dusts and solvents. Results: Occupational exposure to general pesticides was associated with higher age acceleration based on the Hannum clock (β = 1.15, 95 % CI: 0.18 to 2.11). The associations of the pesticide subclasses with the Hannum were all statistically significant, with the strongest observed for herbicides (β = 1.72, 95 % CI: 0.69 to 2.75). No significant associations were found with second- or third-generation clocks or with DNAmTL. Analyses restricted to current workers yielded consistent results, and herbicide exposure remained statistically significant in cumulative exposure analysis. Conclusion: Occupational pesticide exposure was consistently associated with accelerated epigenetic aging, as measured by first-generation clocks such as the Hannum, with herbicides showing the most pronounced effect. Longitudinal occupational cohorts are warranted to confirm these associations and clarify the underlying mechanisms. © 2025 The Authors","Accelerated aging; Acceleration; Alkylation; Clocks; Diseases; DNA; Linear regression; Methylation; Pesticide effects; Population statistics; Age-related disease; Biological aging; Cohort studies; DNA Methylation; Epigenetics; General population; Job-exposure matrixes; Occupational exposure; Pesticides exposures; Telomere length; Herbicides; fungicide; herbicide; insecticide; pesticide; aging population; methylation; pesticide application; acceleration; adult; age; aging; Article; cohort analysis; controlled study; cross-sectional study; DNA methylation; dust; education; epigenetic clock; female; human; linear regression analysis; major clinical study; male; occupational exposure; people by smoking status; sex; smoking; telomere length; adverse event; aged; drug effect; genetic epigenesis; genetics; middle aged; Netherlands; Adult; Aged; Aging; Cohort Studies; Cross-Sectional Studies; Epigenesis, Genetic; Female; Humans; Male; Middle Aged; Occupational Exposure; Pesticides","41271129","2-s2.0-105023131307"
"Stagnar, C.; Sarasua, S.; Temples, H.S.; Hubig, N.; Li, L.; Ivankovic, D.","Stagnar, Cristy (36198713600); Sarasua, Sara Moir (55332749500); Temples, Heide S. (57190303344); Hubig, Nina Christina (55293607300); Li, Luyi (60208833200); Ivankovic, Diana S. (57855436700)","36198713600; 55332749500; 57190303344; 55293607300; 60208833200; 57855436700","Associations of paternal smoking exposure with newborn epigenetic age acceleration and telomere length","2026","Environmental Research","10.1016/j.envres.2025.123283","https://www.scopus.com/inward/record.uri?eid=2-s2.0-105022777339&doi=10.1016%2Fj.envres.2025.123283&partnerID=40&md5=c0f637991c3168f8af440bd00377d2da","Epigenetic age acceleration is a critical predictor of health outcomes, yet its intergenerational effects, particularly in the offspring of younger fathers (<35 years) who smoke, are not well understood. While extensive research has been conducted on maternal smoking, the impact of paternal smoking remains comparatively underexplored. This case-control study investigated this question using data from the British longitudinal birth cohort, the Accessible Resource for Integrated Epigenomic Studies (ARIES), a sub-study of the Avon Longitudinal Study of Parents and Children (ALSPAC). Cord blood samples from 231 newborns, including 36 with smoking fathers (cases) and 195 with non-smoking fathers (controls). We employed multiple epigenetic clocks to assess DNA methylation age (DNAmAge) and estimated telomere length (TL), a biomarker associated with various child health outcomes. Newborns with younger, smoking fathers exhibited significantly greater intrinsic epigenetic age acceleration (IEAA) (OR = 2.40, p = 0.016). Male offspring were disproportionately affected, showing a significantly higher odds of IEAA (OR = 3.76, p = 0.014) and shorter telomeres (OR = 3.43, p = 0.040). Previous research has established that maternal smoking shortens telomere length; our results extend these findings by identifying paternal smoking as an additional contributor to offspring telomere shortening, with effects being pronounced in males. These findings, while needing replication, highlight sex-specific susceptibility and underscore the importance of paternal lifestyle factors in reproductive health. © 2025 The Authors","Acceleration; Blood; Chromosomes; Smoke; Acceleration length; Ava longitudinal study of parent and child; Case-control; Cord blood; Epigenetic age acceleration; Epigenetics; Health outcomes; Longitudinal study; Telomere length; Telomeres; Alkylation; DNA; biomarker; blood; child health; methylation; pollution exposure; smoking; acceleration; adult; Article; birth cohort; blood sampling; case control study; CD4 CD8 ratio; cohort analysis; controlled study; DNA methylation; DNA methylation age; effect size; environmental exposure; epigenetic clock; female; health outcome; human; longitudinal study; male; newborn; non-smoker; paternal smoking; progeny; puberty; telomere length; telomere shortening; adverse event; genetic epigenesis; paternal exposure; telomere; Avon; England; United Kingdom; Adult; Case-Control Studies; DNA Methylation; Epigenesis, Genetic; Female; Humans; Infant, Newborn; Longitudinal Studies; Male; Paternal Exposure; Smoking; Telomere","41232904","2-s2.0-105022777339"
"Ma, Z.; Shen, S.; Hao, M.; Qin, Y.; Tang, Y.; Jin, L.; Wang, F.; Gong, X.","Ma, Zehan (58665300700); Shen, Suqin (60147816600); Hao, Meng (57203033044); Qin, Yue (57205528735); Tang, Yanqing (59814594600); Jin, Li (60147322900); Wang, Fei (57218131615); Gong, Xiaohong (54792843500)","58665300700; 60147816600; 57203033044; 57205528735; 59814594600; 60147322900; 57218131615; 54792843500","Accelerated epigenetic aging in males with mood disorders accompanied by insomnia","2026","Journal of Affective Disorders","10.1016/j.jad.2025.120381","https://www.scopus.com/inward/record.uri?eid=2-s2.0-105019202230&doi=10.1016%2Fj.jad.2025.120381&partnerID=40&md5=5ccd504971dbcffbfb9a93d4737a553e","Mood disorders (MDs), including major depressive disorders and bipolar disorders, are linked to premature mortality and accelerated aging. Epigenetic age (EA) is a reliable aging biomarker that can effectively capture biological aging. Prior research has indicated the presence of epigenetic age acceleration in individuals with MDs, yet the connection between epigenetic aging and clinical symptoms remains elusive. we assessed genome-wide DNA methylation in blood samples from 251 MDs patients and 181 healthy controls, using four epigenetic clocks and DNAm-based telomere length (DNAmTL) to calculate EA and epigenetic age acceleration (EAA: AgeAccelHorvath, AgeAccelHannum, AgeAccelPheno, AgeAccelGrim) and the age-adjusted estimate of DNAmTL (DNAmTLadjAge). We explored the potential association between EAA and the five symptom factors of Hamilton Depression Scale (HAMD-17), and performed subgroup analyses based on the severity of symptom. While no significant difference in EAA and DNAmTLadjAge was found between MDs patients and healthy controls overall, male MDs patients exhibited accelerated aging compared to female patients. Interestingly, we observed a strong correlation between AgeAccelGrim and insomnia symptoms in male MDs patients (r = 0.32, p = 0.0043). Specifically, male MDs patients with severe insomnia showed significantly higher AgeAccelGrim (p = 0.000147, Cohen's d = 0.9163) and elevated levels of DNAm GDF15, DNAm Leptin, and DNAm TIMP-1. These findings indicate the potential role of insomnia in the accelerated aging process of MDs patients, contributing to the understanding of the relationship between MDs and premature aging, and inform accurate patient stratification and targeted therapeutic intervention. © © 2025. Published by Elsevier B.V.","growth differentiation factor 15; leptin; tissue inhibitor of metalloproteinase 1; adult; age; Article; blood sampling; cohort analysis; comparative study; controlled study; disease severity; DNA methylation; epigenetic clock; female; genome-wide association study; Hamilton Depression Rating Scale; human; insomnia; major clinical study; male; mood disorder; sex difference; telomere length; aged; aging; complication; genetic epigenesis; genetics; middle aged; premature aging; Adult; Aged; Aging; Aging, Premature; DNA Methylation; Epigenesis, Genetic; Female; Humans; Male; Middle Aged; Mood Disorders; Sleep Initiation and Maintenance Disorders","41076161","2-s2.0-105019202230"
"Tao, M.-H.; Lin, C.-H.; Chuang, S.-C.; Su, W.-T.; Wu, H.-S.","Tao, Menghua (36055455300); Lin, Chunhui (57554254300); Chuang, Shuchun (7202515705); Su, Wanting (59752969000); Wu, Horng Shiuann (59613134600)","36055455300; 57554254300; 7202515705; 59752969000; 59613134600","The effect of phenotypic aging on the relationship between cancer history and mortality in US adults","2026","Frontiers in Aging","10.3389/fragi.2025.1710324","https://www.scopus.com/inward/record.uri?eid=2-s2.0-105029127695&doi=10.3389%2Ffragi.2025.1710324&partnerID=40&md5=84c25c8fbf6a5ca7a1747645dfb0d09b","Cancer survivors may have an accelerated biological aging process compared to cancer-free individuals. In this study, we aimed to investigate associations between clinical measures of biological aging and mortality (all-cause, cancer, and cardiovascular disease [CVD]) and examine whether the association between cancer history and mortality is mediated by biological aging. Data from the National Health and Nutrition Examination Survey (NHANES) 1999–2010, with follow-up through 31 December 2019, were used. A total of 1,493 cancer survivors and 4,479 matched non-cancer individuals aged ≥20 years were included. Cox regression models were used to estimate hazard ratios (HRs) and 95% confidence intervals (CIs). Biological age (BA) was measured by phenotypic age (PhenoAge) based on nine clinical biomarkers. The mediating effect of biological age was assessed using structural equation models with the bootstrapping method by estimating indirect (IE) and direct (DE) effects from cancer history to mortality. Compared to non-cancer individuals, cancer survivors had accelerated PhenoAge. The association between cancer history and all-cause mortality risk was partially mediated by PhenoAge acceleration (HRIE = 1.02, 95% CI: 1.01–1.03). Accelerated PhenoAge also partially mediated the association between cancer history and cancer-specific mortality (HRIE = 1.06, 95% CI: 1.01–1.18). In particular, PhenoAge acceleration mediated 15.5% and 24.1% of the associations of cancer history with all-cause and cancer-specific mortality, respectively. Our results highlight the importance of decelerating the biological aging process among cancer survivors, which may improve survivorship and long-term health in this population. © © 2026 Tao, Lin, Chuang, Su and Wu.","","","2-s2.0-105029127695"
"Wu, T.; Guo, C.; Yuan, H.; Du, M.; Zhang, T.; Chen, X.; Liu, Z.","Wu, Tianhao (60332719500); Guo, Chengnan (57211215276); Yuan, Huangbo (57204242743); Du, Mingyi (60243493700); Zhang, Tiejun (55729079600); Chen, Xingdong (25639326800); Liu, Zhenqiu (57192230815)","60332719500; 57211215276; 57204242743; 60243493700; 55729079600; 25639326800; 57192230815","Liver-specific phenotypic aging, behavior and genetic risks, and long-term liver-related outcomes","2026","GeroScience","10.1007/s11357-026-02103-3","https://www.scopus.com/inward/record.uri?eid=2-s2.0-105028857458&doi=10.1007%2Fs11357-026-02103-3&partnerID=40&md5=9a132cfd50ac42b601b2a7e1efe59397","Phenotypic age, an aging indicator derived from clinical biomarkers, is associated with morbidities and mortality. However, a liver-specific phenotypic aging indicator is still lacking, and its longitudinal associations with liver-related outcomes, as well as the underlying biological mechanisms, remain elusive. We developed a liver-specific phenotypic age using 11 selected clinical blood markers within the England-White cohort of the UK Biobank and validated this metric in both the Scotland-Wales cohort and Non-White-British cohort. We calculated phenotypic age acceleration (PhenoAgeAccel) and examined its association with long-term liver-related outcomes. We also explored the extent to which liver-specific PhenoAgeAccel mediated the impact of modifiable risk behaviors on liver-related outcomes. The metabolic and proteomic signatures of liver-specific PhenoAgeAccel were subsequently characterized. Liver-specific PhenoAgeAccel was significantly associated with a 1.23- to 2.97-fold increased risks of all-cause mortality and liver-related events. The impact of liver-specific PhenoAgeAccel on liver outcomes were more pronounced in males and in individuals with high genetic risk compared to their respective counterparts, and was stronger than that observed with systemic PhenoAgeAccel. Approximately 10–27% of the associations between risk behaviors and liver-related outcomes were mediated by liver-specific PhenoAgeAccel. Proteomic analysis identified 211 proteins associated with both liver-specific PhenoAgeAccel and liver-related outcomes, of which 22 (e.g., AGXT and SULT2A1) were liver-enriched and significantly mediated this relationship. Liver-specific PhenoAgeAccel is a strong predictor of liver-related outcomes, partially mediates the impact of modifiable behaviors, and is linked to liver-enriched proteins. This accessible tool may enhance risk stratification and support preventive strategies targeting liver health and aging. © The Author(s), under exclusive licence to American Aging Association 2026.","","41604112","2-s2.0-105028857458"
"Koźlenia, D.; Szafraniec, R.; Jarosz, J.; Mazur, L.; Domaradzki, J.","Koźlenia, Dawid (57204434231); Szafraniec, Rafał (23020090300); Jarosz, Jakub (57217032685); Mazur, Leszek (60356236100); Domaradzki, Jaroslaw (35733327700)","57204434231; 23020090300; 57217032685; 60356236100; 35733327700","Health-Related Effects of a Short Isometric Exercise Program Integrated into School Physical Education: The Role of Biological Maturation and Baseline Functional Status","2026","Healthcare (Switzerland)","10.3390/healthcare14020161","https://www.scopus.com/inward/record.uri?eid=2-s2.0-105028853541&doi=10.3390%2Fhealthcare14020161&partnerID=40&md5=395fe1b32a90a4d9539f07c0e2f67df4","Highlights: What are the main findings? Integrating short isometric exercise bouts into regular physical education did not improve health-related functional or cardiovascular outcomes beyond standard PE alone. Improvements in muscular strength and functional capacity were observed over time in both groups, indicating a beneficial effect of regular physical education itself. Biological maturation influenced absolute strength levels but did not modify responsiveness to the isometric exercise intervention. What is the implication of the main finding? Adding brief isometric exercise to school-based physical education may not provide additional health benefits when regular PE already ensures sufficient physical stimulus. Well-designed standard PE programs may be sufficient to support health-related functional development in adolescents. Objectives: This study examined whether integrating an isometric exercise program into physical education (PE) lessons influences functional outcomes and cardiovascular risk markers in adolescents beyond the effects of standard PE alone. Methods: Boys aged 14–15 years were randomly assigned to an experimental group (EG, n = 19) or a control group (CG, n = 21). The EG completed a 6-week isometric exercise program integrated into PE lessons, while the CG followed the regular PE curriculum only. The intervention was based on hold isometric muscle actions (HIMA) with progressively increased volume. Anthropometric measures included body height, body mass, and body mass index (BMI). Body composition was assessed using bioelectrical impedance analysis. Functional capacity was evaluated using field-based measures of lower-limb strength and power (isometric mid-thigh pull, standing broad jump, squat jump, and countermovement jump). Systolic and diastolic blood pressure were measured as indicators of cardiovascular health. Results: A mixed model ANOVA showed that no significant group × time interactions were observed for body composition, functional outcomes, or blood pressure (all p > 0.05). Lean body mass increased over time in both groups (p < 0.01). Improvements in isometric mid-thigh pull (p < 0.01) and standing broad jump (p = 0.01) occurred irrespective of group allocation. Blood pressure remained unchanged. Linear regression revealed that biological maturation did not moderate intervention effects; however, more mature participants demonstrated higher absolute strength levels independent of the intervention (p < 0.05). Conclusions: The inclusion of an isometric exercise program within PE lessons did not provide additional benefits for health-related functional outcomes beyond standard PE alone. In its current format, isometric exercise does not appear to add sufficient value to justify its implementation as a stand-alone strategy in school-based PE. © 2026 by the authors.","adolescent; anthropometry; Article; basketball; bioelectrical impedance analysis; biological age; biological maturation; blood pressure; body composition; body mass; cardiovascular risk; controlled study; diastolic blood pressure; football; functional status; health status; human; human experiment; isometric exercise; kinanthropometry; lean body weight; male; maturation; muscle contraction; muscle isometric contraction; muscle strength; musculoskeletal disease; physical education; post hoc analysis; school physical education; systolic blood pressure; volleyball","","2-s2.0-105028853541"
"Le Yi Wong, J.; Cheng, H.; Peh, W.J.; Ho, D.; Wong, T.Y.; Hui, C.Y.Y.; Ting, D.S.J.; Bee, Y.M.; Goh, S.Y.; Apte, R.S.; Mahajan, V.B.; Goldberg, J.L.; Bischof, E.; Sinclair, D.A.; Cheung, C.C.; Chan, H.H.; Fukutsu, K.; Tan, T.F.; Quek, C.W.N.; Hong, A.S.Y.; Jin, L.Y.; Wagner, S.K.; Keane, P.; Ferrara, D.; Eydelman, M.; Lam, D.S.C.; Wang, X.; Ting, D.S.W.","Le Yi Wong, Joy (60343569400); Cheng, Haoran (58641790900); Peh, Wenjun (60344489800); Ho, Dean (35272071300); Wong, Tien Yin (59437790500); Hui, Celene Yan (60343940700); Ting, Darren Shu Jeng (42162256000); Bee, Yongmong (59741781500); Goh, Su Yen (7202784910); Apte, Rajendra Shridhar (22133809400); Mahajan, Vinit B. (7102215618); Goldberg, Jeffrey L. (7403090533); Bischof, Evelyne Yehudit (57215523462); Sinclair, David A. (7202616850); Cheung, Carol C. (60344125900); Chan, Hiok Hong (56477914100); Fukutsu, Kanae (57202074440); Tan, Tingfang (57771725000); Quek, Chrystie Wan Ning (57219568453); Hong, Ashley Shuen Ying (58300174600); Jin, Liyuan (58540731100); Wagner, Siegfried Karl (57209035230); Keane, Pearse A. (24480921100); Ferrara, Daniela Cavalcanti A.C. (23004123100); Eydelman, Malvina B. (6506802619); Lam, Dennis Shun Chiu (35500200200); Wang, Xiaomeng (59662792500); Ting, Daniel Shu Wei (37010354600)","60343569400; 58641790900; 60344489800; 35272071300; 59437790500; 60343940700; 42162256000; 59741781500; 7202784910; 22133809400; 7102215618; 7403090533; 57215523462; 7202616850; 60344125900; 56477914100; 57202074440; 57771725000; 57219568453; 58300174600; 58540731100; 57209035230; 24480921100; 23004123100; 6506802619; 35500200200; 59662792500; 37010354600","Oculomics and AI: The eye as a biomarker for health span","2026","Asia-Pacific Journal of Ophthalmology","10.1016/j.apjo.2026.100282","https://www.scopus.com/inward/record.uri?eid=2-s2.0-105028187516&doi=10.1016%2Fj.apjo.2026.100282&partnerID=40&md5=81ab2e24c04268da6cd30d2819e63c72","As the world’s population ages, the focus of healthcare is shifting from extending life span to promoting health span. There is an unmet need to identify sensitive and reliable markers of health span through more cost-effective and non-invasive methods, to enable early and effective intervention on modifiable aging factors. The eye offers a unique window into systemic health, providing direct visualization of the body’s vascular and neural health. This review presents an overview of how various ocular structures can serve as biomarkers of health span—drawing on insights from ocular imaging, metabolomics, and proteomics, with evidence from basic science, animal models, and human clinical trials. The role of artificial intelligence (AI) in predicting biological age and the risk of age-related systemic conditions is also highlighted, with a focus on current applications and how AI is being integrated to synthesize and interpret multimodal data. © © 2026. Published by Elsevier Inc.","biological marker; aging; artificial intelligence; diagnostic imaging; eye; human; longevity; metabolism; metabolomics; physiology; Aging; Artificial Intelligence; Biomarkers; Eye; Humans; Longevity; Metabolomics","41565074","2-s2.0-105028187516"
"Eapen, A.A.; Loveless, I.M.; Pan, M.; Liang, X.; Urquhart, A.; Straughen, J.K.; Cassidy-Bushrow, A.E.; Sitarik, A.R.; Simmerman, N.; Thompson, E.; Kottyan, L.; Ober, C.; Johnson, C.C.; Zoratti, E.; Levin, A.M.","Eapen, Amy A. (57201615160); Loveless, Ian M. (57216203001); Pan, Mingming (60030797800); Liang, Xiaoyu (57214803604); Urquhart, Audrey (57208189765); Straughen, Jennifer K. (57197803388); Cassidy-Bushrow, Andrea E. (16686459100); Sitarik, Alexandra Rene (55185261900); Simmerman, Neil (60344595200); Thompson, Emma E. (7402849637); Kottyan, Leah C. (35107524200); Ober, C. L. (7102639601); Johnson, Christine Cole (7405665865); Zoratti, E. M. (6602493994); Levin, Albert M. (7403194355)","57201615160; 57216203001; 60030797800; 57214803604; 57208189765; 57197803388; 16686459100; 55185261900; 60344595200; 7402849637; 35107524200; 7102639601; 7405665865; 6602493994; 7403194355","Immune pathways and prenatal/perinatal environmental exposures contribute to epigenetic gestational age prediction and acceleration","2026","Epigenetics","10.1080/15592294.2025.2610521","https://www.scopus.com/inward/record.uri?eid=2-s2.0-105028137806&doi=10.1080%2F15592294.2025.2610521&partnerID=40&md5=4df7aab0639f012b80c0f3a696a5da80","DNA methylation (DNAm), capturing chronological gestational age (GA) and epigenetic gestational age acceleration (EGAA), can be modified by environmental exposures. The Asthma&Allergy array is a new DNAm array developed with content focused on asthma and allergy loci. The association between content on the Asthma&Allergy array and chronological GA and EGAA has not been evaluated alone or in the context of prenatal/perinatal exposures. We performed an epigenome wide association study (EWAS) chronological GA at single CpG sites and regions in cord blood from 391 newborn children from a Detroit-based birth cohort. We further constructed a multi-CpG site methylation model to predict chronological GA. Also, associations between prenatal/perinatal environmental factors with GA, epigenetic gestational age (EGA), and EGAA were assessed. We identified 2,435 CpG sites associated with chronological GA, and CpGs within the HLA class II locus (HLA-DRB1, HLA-DQB1, HLA-DRB6) were among the most significantly associated with chronological GA. Our multi-CpG site model attained higher predictive accuracy (R2 = 0.88) comparable to other published methods. Using genes implicated in region-based analyses (n = 395 regions), the pathways most significantly enriched with chronological GA-associated CpGs included T helper 1(Th1) and 2(Th2) activation, B-cell development, and IL-10 signaling, which were also enriched in at least one of the other published epigenetic GA clocks. In multi-exposure models, infant’s first-born status and maternal parity were associated with EGAA. Our findings highlight enrichment for T cell modulated pathways and antigen presentation as biological processes associated with chronological GA, as well as prenatal/perinatal factors that may affect EGAA. © 2026 The Author(s). Published by Informa UK Limited, trading as Taylor & Francis Group.","antibiotic agent; antifungal agent; HLA DRB1 antigen; acceleration; adult; Article; asthma; body mass; cohort analysis; DNA methylation; environmental exposure; environmental factor; epigenome; female; genome-wide association study; gestational age; human; immune response; infant; male; perinatal exposure; prediction; pregnancy; prenatal exposure; single nucleotide polymorphism; smoking; CpG island; fetus blood; genetic epigenesis; genetics; immunology; newborn; prenatal exposure delayed effect; CpG Islands; DNA Methylation; Environmental Exposure; Epigenesis, Genetic; Female; Fetal Blood; Genome-Wide Association Study; Gestational Age; HLA-DRB1 Chains; Humans; Infant, Newborn; Male; Pregnancy; Prenatal Exposure Delayed Effects","41557483","2-s2.0-105028137806"
"van Damme, M.; Stegen, S.; Steenwinckel, B.; Schroé, H.; Reyes del Paso, G.A.; Pulopulos, M.M.; De Raedt, R.; Vanderhasselt, M.-A.; Derave, W.; Ongenae, F.; Boone, J.; van Criekinge, W.; Rietzschel, E.R.; de Meyer, T.","van Damme, Menno (60338115600); Stegen, Sanne M. (35182093200); Steenwinckel, Bram (57203414733); Schroé, Helene (57210984934); Reyes del Paso, Gustavo A. (6603641431); Pulopulos, Matías M. (36919090800); De Raedt, Rudi (17634019800); Vanderhasselt, Marie Anne (12241579100); Derave, Wim (6603692823); Ongenae, Femke (24829779200); Boone, Jan (24721179900); van Criekinge, Wim (6601985065); Rietzschel, Ernst Robert (6603474182); de Meyer, Tim (23003898800)","60338115600; 35182093200; 57203414733; 57210984934; 6603641431; 36919090800; 17634019800; 12241579100; 6603692823; 24829779200; 24721179900; 6601985065; 6603474182; 23003898800","Epigenetic age deceleration reflects exercise-induced cardiorespiratory fitness improvements","2026","GeroScience","10.1007/s11357-025-02076-9","https://www.scopus.com/inward/record.uri?eid=2-s2.0-105027813971&doi=10.1007%2Fs11357-025-02076-9&partnerID=40&md5=9b6a3eccd18bbc03128640a9d4abba73","Epigenetic clocks are emerging as promising biomarkers of biological aging, yet their sensitivity to short-term interventions remains unclear. This pilot study investigates whether the GrimAge clock can capture the effects of a 6-month cycling-based endurance exercise training intervention, with cardiorespiratory fitness (VO<inf>2</inf> max) and body composition as primary outcomes. We enrolled 42 adults aged 35–65, of whom 38 completed the study and 33 adhered to the protocol (> 66% adherence). Participants demonstrated significant improvements in VO<inf>2</inf> max (+ 20%, P < 0.001) and body composition (P < 0.001). High-quality epigenetic data preprocessing yielded highly reproducible GrimAge estimates (< 2 months measurement error), which strongly correlated with chronological age (R2 = 0.86, P < 0.001). On average, GrimAge decreased by 7.44 months relative to the expected trajectory (P = 0.012), reflecting improvements in VO<inf>2</inf> max (R2 = 0.27, P = 0.002) but not body composition changes. Notably, GrimAge changes strongly correlated with fluctuations in leukocyte composition, particularly neutrophil fraction (R2 = 0.74, P < 0.001). Adjusting for leukocyte composition improved consistency in GrimAge changes, aligning them with additional intervention outcomes and explaining up to 81% of variance. These findings demonstrate that GrimAge is responsive to short-term endurance training, serving as a meaningful biomarker of improved cardiorespiratory fitness, while also capturing immune system variability. This study supports the use of GrimAge in evaluating longevity interventions and highlights the importance of accounting for leukocyte composition in epigenetic aging research. © The Author(s), under exclusive licence to American Aging Association 2026.","","41547677","2-s2.0-105027813971"
"Xu, Y.; Zhao, H.; Gao, Y.; Zhao, L.; Han, J.; Li, R.; Wu, Z.; Zhao, J.; Zhang, L.","Xu, Yangyu (60170393900); Zhao, Hong (60337787100); Gao, Yuxiang (59503775000); Zhao, Li (58525875800); Han, Jiannan (60337439100); Li, Rong (57223715643); Wu, Zewen (57221765916); Zhao, Junkang (57212550774); Zhang, Liyun (25926796800)","60170393900; 60337787100; 59503775000; 58525875800; 60337439100; 57223715643; 57221765916; 57212550774; 25926796800","Association Between Neutrophil Percentage–Albumin Ratio and Biological Aging in Rheumatoid Arthritis in the United States: A Cross-Sectional Study of NHANES","2026","Mediators of Inflammation","10.1155/mi/9987170","https://www.scopus.com/inward/record.uri?eid=2-s2.0-105027800931&doi=10.1155%2Fmi%2F9987170&partnerID=40&md5=c694d1023dbf0daa096414f4b03b182b","Background: The accelerating process of global aging has made the burden of age-related diseases increasingly severe, and traditional chronological age fails to reflect individual heterogeneity in aging. The neutrophil percentage-to-albumin ratio (NPAR), is a multidimensional health assessment index composed of inflammatory markers (neutrophils) and nutritional markers (albumin) to reflect inflammation and nutritional status, has shown unique potential in rheumatoid arthritis (RA) research. However, its association with biological age (BA; such as Klemera–Doubal method [KDM] age and phenotypic age, PhenoAge) has not yet been systematically validated in RA patients. By evaluating NPAR indicators in patients with RA, this study intends to reveal its value as a potential biomarker for predicting biological aging and its acceleration. Methods: This study was based on the National Health and Nutrition Survey 1999–2018 cycle database, and a cross-sectional analysis of 1053 adult patients with RA was included. Core variable definitions include: neutrophil–albumin ratio (NPAR) = percentage of neutrophils (%)/albumin (g/dL); BA was calculated by the KDM (including 10 biomarkers) and the PhenoAge algorithm, respectively. Accelerated aging is quantified as the difference between BA and chronological age. The statistical analysis used a multi-model validation strategy: 1) multivariate linear regression to evaluate the association between NPAR and continuous aging acceleration indicators; 2) the restricted cubic spline (RCS) model explores the nonlinear relationship; 3) stratified subgroup analysis to test for effect heterogeneity. All models were stratified for sociodemographic characteristics (age, sex, and ethnicity), lifestyle factors (smoking, alcohol consumption, and physical activity), and clinical covariates (body mass index [BMI], hypertension, and history of diabetes). Results: In an analysis of 1053 RA patients in the United States, women accounted for 56.48% and men for 43.52%; the group with the highest NPAR (T3) showed more significant aging characteristics (≥65 years old 34.75%, females 62.80%, and diabetes 27.69%) and higher biological aging acceleration rates (KDM acceleration 42.81% vs. low group 25.81%; PhenoAge acceleration 62.13% vs. 37.74%; all p < 0.001). After adjustment for multiple factors, the BA of KDM increased by 0.86 years for every 1 unit increase in NPAR (95% confidence interval [CI]: 0.39–1.32, p < 0.001), and PhenoAge increased by 1.32 years (95% CI: 0.93–1.71, p < 0.001). Taking the lowest NPAR group (T1) as the reference group, the highest NPAR group (T3) had an increased risk of accelerated aging of KDM by 149% (OR = 2.49, 95% CI: 1.44–4.31), and the risk of PhenoAge increased sharply by 259% (OR = 3.59, 95% CI: 2.17–5.95). Nonrestrictive spline curve analysis further revealed that there was a nonlinear positive correlation between the NPAR index and biological aging. When NPAR > 13.128, the growth rate of biological aging was significantly accelerated (p for nonlinear = 0.05), while when NPAR > 14.512, the risk of phenotypic aging accelerated sharply (p for nonlinear = 0.002). Area under the curve (AUC) of NPAR in the combined model for predicting biological senescence acceleration was 0.71–0.75. Discussion: Elevated NPAR is significantly associated with accelerated biological aging in RA patients, and the mechanism may involve neutrophil migration dysfunction, oxidative damage caused by albumin deficiency, and chronic inflammatory pathways (such as NF-κB activation). As a low-cost inflammatory marker, NPAR holds promise for integration into clinical aging risk assessment systems to identify high-risk RA populations requiring early intervention. The study’s limitations include the inability to infer causality due to the cross-sectional design and a relatively small sample size, necessitating further validation through cohort studies in the future. © © 2026 Yangyu Xu et al. Mediators of Inflammation published by John Wiley & Sons Ltd.","albuminoid; biological marker; serum albumin; adult; aged; aging; blood; cross-sectional study; female; human; male; metabolism; middle aged; neutrophil; nutrition; physiology; rheumatoid arthritis; United States; Adult; Aged; Aging; Albumins; Arthritis, Rheumatoid; Biomarkers; Cross-Sectional Studies; Female; Humans; Male; Middle Aged; Neutrophils; Nutrition Surveys; Serum Albumin","41551209","2-s2.0-105027800931"
"Lin, Y.-N.; Huang, X.-H.; Meng, Y.-L.; Liang, J.; Zhao, W.-Q.; Liu, W.-H.","Lin, Yunni (58139900100); Huang, Xianghui (60336899600); Meng, Yuanli (58678269800); Liang, Juan (60336899700); Zhao, Wenqi (60336882400); Liu, Wenhao (60116091700)","58139900100; 60336899600; 58678269800; 60336899700; 60336882400; 60116091700","Contribution of Phenotypic Age Acceleration and Body Mass Index to Psoriasis Risk in US Adults","2026","Experimental Dermatology","10.1111/exd.70210","https://www.scopus.com/inward/record.uri?eid=2-s2.0-105027705687&doi=10.1111%2Fexd.70210&partnerID=40&md5=c48601b45b22ae631652271ddaab39a9","Psoriasis, a prevalent chronic inflammatory skin disease, substantially impairs patients' quality of life and is frequently linked to numerous systemic comorbidities. We aimed to investigate whether phenotypic age acceleration (PhenoAge-accel) and obesity synergistically affect the risk of psoriasis. This analysis utilised data from 11 344 participants in the 2003–2006 and 2009–2010 cycles of the National Health and Nutrition Examination Survey (NHANES). Weighted multivariable logistic regression, along with subgroup and sensitivity analyses, was conducted to assess the combined influence of PhenoAge acceleration and body mass index (BMI) on psoriasis risk. At baseline, 307 participants were diagnosed with psoriasis. Both PhenoAge-accel and elevated body mass index (BMI) were associated with higher risks of psoriasis. After adjusting for potential confounders, compared to those in the BMI < 25 kg/m2/PhenoAge-accel < 0 group, the odds ratios (95% CIs) were 1.07 (0.52–2.20), 1.32 (0.92–1.90), and 2.00 (1.44–2.77) for psoriasis in the BMI < 25 kg/m2/PhenoAge-accel ≥ 0, BMI ≥ 25 kg/m2/PhenoAge-accel < 0, and BMI ≥ 25 kg/m2/PhenoAge-accel ≥ 0 groups, respectively. The results remain robust across a series of subgroups and sensitivity analysis. In conclusion, accelerated phenotypic age and obesity were synergistically associated with an increased risk of psoriasis. © 2026 John Wiley & Sons A/S. Published by John Wiley & Sons Ltd.","albumin; alkaline phosphatase; C reactive protein; creatinine; glucose; adult; age; Article; body mass; cerebrovascular accident; cohort analysis; diabetes mellitus; drinking behavior; education; female; gender; human; income; ischemic heart disease; leukocyte count; lymphocyte percentage; major clinical study; male; marriage; mean corpuscular volume; obesity; parameters; phenotype; phenotypic age acceleration; physical activity; psoriasis; questionnaire; race; red blood cell distribution width; sensitivity analysis; smoking; aged; complication; epidemiology; middle aged; nutrition; risk factor; statistical model; United States; Adult; Age Factors; Aged; Body Mass Index; Female; Humans; Logistic Models; Male; Middle Aged; Nutrition Surveys; Obesity; Phenotype; Psoriasis; Risk Factors","41546149","2-s2.0-105027705687"
"Sun, X.; Ren, J.; Zhang, Z.; Pei, H.; Zhang, C.; Wang, Z.; Zhu, S.; Wen, R.; Zhang, X.; Ma, Y.","Sun, Xiaoya (58718004800); Ren, Jingyi (57221632431); Zhang, Zhenao (57377140300); Pei, Huanting (57377600800); Zhang, Chongyue (59915401000); Wang, Ziyi (58650704900); Zhu, Siqi (57377140200); Wen, Rui (58718692100); Zhang, Xiaolong (60114986600); Ma, Yuxia (57204777537)","58718004800; 57221632431; 57377140300; 57377600800; 59915401000; 58650704900; 57377140200; 58718692100; 60114986600; 57204777537","Association of Fish Consumption, Dietary Omega-3 Polyunsaturated Fatty Acids With Phenotypic Age Acceleration in Adults After Considering Blood Cadmium Levels","2026","Molecular Nutrition and Food Research","10.1002/mnfr.70364","https://www.scopus.com/inward/record.uri?eid=2-s2.0-105027681401&doi=10.1002%2Fmnfr.70364&partnerID=40&md5=5f7e683935c31d7f54e755798937cfd5","Fish is rich in nutrients; however, concerns persist regarding its potential role in delaying aging due to the possible accumulation of cadmium. This study aimed to assess the association between fish consumption, dietary ω-3 polyunsaturated fatty acids (PUFAs), and Phenotypic Age Acceleration (PhenoAgeAccel) in the presence of cadmium exposure. The study used data from National Health and Nutrition Examination Survey (NHANES) 2011-2018. Multiple linear regression, restricted cubic splines (RCS), and subgroup analysis were used to assess potential associations. Mediation analysis further examined whether blood cadmium levels mediated the association between fish consumption and PhenoAgeAccel. Results showed that higher fish consumption and ω-3 PUFAs intake were significantly associated with lower PhenoAgeAccel. This association persisted even in the presence of cadmium exposure. Furthermore, the association between fish consumption or ω-3 PUFAs and PhenoAgeAccel was more pronounced in people with low cadmium exposure levels. RCS analysis revealed a non-linear relationship between fish consumption and dietary ω-3 PUFAs and PhenoAgeAccel. Blood cadmium levels partially mediated the association between fish consumption and PhenoAgeAccel. Our results support dietary recommendations to consume fish to slow biological aging. Even in the presence of cadmium exposure, fish consumption was negatively associated with PhenoAgeAccel. © 2026 Wiley-VCH GmbH.","cadmium; omega 3 fatty acid; adult; aged; aging; animal; blood; diet; drug effect; female; fish; human; male; middle aged; nutrition; phenotype; sea food; Adult; Aged; Aging; Animals; Cadmium; Diet; Fatty Acids, Omega-3; Female; Fishes; Humans; Male; Middle Aged; Nutrition Surveys; Phenotype; Seafood","41543447","2-s2.0-105027681401"
"Hui, S.; Hou, Z.; Li, D.","Hui, Shiqi (57836897100); Hou, Zhijia (18437246600); Li, Dongmei (55704056200)","57836897100; 18437246600; 55704056200","Association Between Dietary Inflammatory and Oxidative Balance Scores and Skin Cancer Risk: The Mediating Role of Accelerated Phenotypic Aging","2026","Cancers","10.3390/cancers18010111","https://www.scopus.com/inward/record.uri?eid=2-s2.0-105027635838&doi=10.3390%2Fcancers18010111&partnerID=40&md5=f09050c4c0d81a8f880fc5c32dd6779e","Background: Skin cancer is known to be associated with aging, oxidative stress, and inflammation. The present study aimed to explore the association between PhenoAge, dietary inflammatory index (DII), and dietary oxidative balance index (DOBS) with skin cancer risk. Methods: A total of 474 individuals aged over 20 years who had information on DII, DOBS, PhenoAge, socioeconomic and demographic factors, and self-reported skin cancer, and 16,154 without skin cancer were included in the National Health and Nutrition Examination Survey database (2005–2018). The combination of DII/DOBS was categorized into 3 categories: inflammation- and oxidation-promoting diet, inflammation- and oxidation-reducing diet, and composite diet. We applied logistic regression to estimate odds ratios (ORs) for the association of DII/DOBS and PhenoAge with skin cancer risk, after adjusting for covariates and survey year. Results: PhenoAge was associated with an increased likelihood of skin cancer (OR 1.07, 95% CI 1.06 to 1.08, p < 0.001). DII and DOBS were associated with PhenoAge advancement of OR 1.28 (95% CI 1.20 to 1.36), OR 0.95 (95% CI 0.94 to 0.96), respectively (p < 0.001). After adjusting for all covariates, the comparison between the inflammation–oxidation-promoting diet and the inflammation–oxidation-reducing diet had a positive relationship with skin cancer (OR 2.19, 95% CI 1.29 to 3.72, p = 0.004). PhenoAge mediated 28.06% of the associations between DII/DOBS and skin cancer risk (p < 0.05). The association remained in the subgroup analysis. Conclusion: Our results suggest that an inflammation- and oxidation-promoting diet is related to increased skin cancer risk and may be partly mediated by PhenoAge. © 2025 by the authors.","albumin; alkaline phosphatase; creatinine; glucose; uric acid; adult; aged; aging; alcohol consumption; all cause mortality; antiinflammatory activity; antioxidant activity; Article; caloric intake; cancer risk; cardiometabolic risk; cardiovascular disease; cholesterol blood level; clinical assessment; controlled study; diabetes mellitus; diet; dietary intake; dietary pattern; face-to-face interview; female; human; hypertension; inflammation; lifestyle; lymphocyte; major clinical study; male; mean corpuscular volume; morbidity; oxidation; oxidative balance score; oxidative stress; phenotype; prediction; red blood cell distribution width; skin cancer; systolic blood pressure; very elderly","","2-s2.0-105027635838"
"Yan, Z.; Xu, Y.; Du, X.","Yan, Zhaoqi (58626732100); Xu, Yifeng (58626675400); Du, Xiufan (59942926600)","58626732100; 58626675400; 59942926600","Social Determinants of Health, Biological Aging, and Their Impact on Frailty Risk: Mediation and Interaction Effects Analysis","2026","Geriatrics and Gerontology International","10.1111/ggi.70331","https://www.scopus.com/inward/record.uri?eid=2-s2.0-105027620901&doi=10.1111%2Fggi.70331&partnerID=40&md5=54f611cd24ca0dd0fe314ad383a4ec7a","Objective: Social determinants of health (SDoH) are often associated with frailty outcomes, yet the potential role of biological aging (BA) in this relationship remains unclear. This study quantified BA-mediated (PhenoAge, Klemera–Doubal method biological age [KDM-Age]) pathways linking SDoH to frailty and assessed the predictive performance of the biological aging models for risk stratification. Materials and Methods: Data from 10 763 participants in the National Health and Nutrition Examination Survey (NHANES) were analyzed. A composite SDoH score (0–8) was constructed across eight socioeconomic domains. Associations were evaluated via multivariable logistic regression, restricted cubic splines (RCS), and mediation analyses. XGBoost was trained to assess predictive performance and feature contributions. Results: Each unit increase in SDoH score elevated frailty odds by 30%, with PhenoAge and KDM-Age mediating 1.19% and 1.25% of the association, respectively. High SDoH (> 6) synergized with accelerated BA to amplify frailty risk (RERI > 1). Age stratification showed null effects in adults > 75 years, supporting gerontological transition theories. Conclusion: SDoH adversity accelerates biological aging, synergistically amplifying frailty risk. © 2026 Japan Geriatrics Society.","creatinine; hemoglobin A1c; high density lipoprotein cholesterol; low density lipoprotein cholesterol; adult; aging; algorithm; Article; cardiovascular disease; diabetes mellitus; disease burden; dyslipidemia; female; frailty; health care access; health care utilization; health insurance; human; hypertension; male; mediation analysis; mortality risk; physical capacity; prevalence; sedentary lifestyle; smoking; social determinants of health; social environment; synergistic effect; systolic blood pressure; urea nitrogen blood level; aged; cross-sectional study; epidemiology; frail elderly; geriatric assessment; middle aged; nutrition; physiology; procedures; risk assessment; risk factor; socioeconomics; United States; very elderly; Aged; Aged, 80 and over; Aging; Cross-Sectional Studies; Female; Frail Elderly; Frailty; Geriatric Assessment; Humans; Male; Middle Aged; Nutrition Surveys; Risk Assessment; Risk Factors; Social Determinants of Health; Socioeconomic Factors","41537522","2-s2.0-105027620901"
"Ysrael, M.C.; Kubiski, S.; Moore, C.E.","Ysrael, Michelle C. (57202600995); Kubiski, Steven V. (34067642800); Moore, Caroline (58362023600)","57202600995; 34067642800; 58362023600","Investigating epigenetic biomarkers of age, sex, and disease in captive South African cheetahs (Acinonyx jubatus jubatus)","2026","PLOS ONE","10.1371/journal.pone.0336127","https://www.scopus.com/inward/record.uri?eid=2-s2.0-105027347779&doi=10.1371%2Fjournal.pone.0336127&partnerID=40&md5=a471aa57d796981bc6f007cc0977dc56","Epigenetic modifications, particularly DNA methylation, are strongly associated with chronological age across mammalian species. This study developed cheetah-specific epigenetic clocks from methylation profiles generated from cheetah blood and liver samples tested on the HorvathMammalMethylChip40 Illumina Array. The resulting age clock used 52 CpG sites and predicted age across blood and liver samples (r=0.97 and MAE=0.86). When applied to a test set of blood collected from live cheetahs, the clock provided accurate predictions for adult individuals (age>3 years) but was less precise at and around age of sexual maturity. A second clock, incorporating cheetah, lion, and tiger profiles, used 46 CpG sites and predicted age across these feline species (r=0.94 and MAE=1.16). Additionally, a sex clock using 67 CpG sites accurately predicted sex in all test samples. To explore the potential of methylation as a biomarker beyond age and sex, we conducted a differential methylation analysis to investigate disease-related methylation patterns in cheetahs diagnosed with hepatic sinusoidal obstruction syndrome (SOS). This analysis identified 4,377 CpG sites with significant differences between SOS-positive and SOS-negative cheetahs (adjusted p-value<0.05). These findings advance the development of epigenetic clocks for precise age and sex prediction in cheetahs and related species and establish a foundation for leveraging methylation biomarkers to investigate diseases in wildlife conservation efforts. © 2026 Ysrael et al. This is an open access article distributed under the terms of the Creative Commons Attribution License, which permits unrestricted use, distribution, and reproduction in any medium, provided the original author and source are credited.","biological marker; adult; age; aged; animal experiment; animal model; animal tissue; Article; blood sampling; cheetah; cohort analysis; controlled study; DNA extraction; DNA methylation; epigenetics; exercise; female; gene control; gene expression; human; KEGG; male; nonhuman; sex; sexual maturity; single nucleotide polymorphism; South African; wildlife; aging; animal; CpG island; genetic epigenesis; genetics; liver; metabolism; South Africa; Acinonyx; Age Factors; Aging; Animals; Biomarkers; CpG Islands; DNA Methylation; Epigenesis, Genetic; Female; Liver; Male","41528985","2-s2.0-105027347779"
"Shyron, Y.; Chernobay, L.; Zherlitsyn, D.; Dluhopolskyi, O.; Bogacki, S.; Horbal, N.","Shyron, Yuliia (60330599900); Chernobay, Liana (57217033575); Zherlitsyn, Dmytro Mykhailovych (57217303179); Dluhopolskyi, Oleksandr V. (57207756465); Bogacki, Sylwester (57221720848); Horbal, Natalia (57218567469)","60330599900; 57217033575; 57217303179; 57207756465; 57221720848; 57218567469","A Multi-Dimensional Intelligence Framework to Explain Sustainable Employee Productivity","2026","Sustainability (Switzerland)","10.3390/su18010368","https://www.scopus.com/inward/record.uri?eid=2-s2.0-105027313187&doi=10.3390%2Fsu18010368&partnerID=40&md5=ea36cf750e5d1d1693068551e3c6328e","In the context of sustainable development and the growing emphasis on decent work and productivity, understanding the human factors that shape employee performance has become a central concern for organizations and policymakers. While intelligence has long been linked to work outcomes, existing research remains fragmented and predominantly focused on single dimensions, offering limited insight into how different forms of intelligence interact across employees’ career life cycles. Addressing this gap, the present study advances a multi-dimensional perspective on intelligence and examines its relevance for sustainable employee productivity, thereby contributing to the human resource management literature and to the achievement of Sustainable Development Goal 8 (Decent Work and Economic Growth). The study assesses the impact of five types of intelligence (cognitive—IQ, emotional—EQ, physical—PQ, vitality—VQ, and social—SQ) on employee productivity across distinct career life cycle stages. The research was conducted in two phases: (1) measurement of intelligence dimensions and employee productivity using standardized psychometric instruments, including MSCEIT V2.0, the Guilford–O’Sullivan test, the Eysenck test, the Chekhov vitality method, and biological age indicators; (2) statistical analysis of the relationships between intelligence, productivity, and career stages using open-source Python tools. Empirical data were collected from enterprises in the Ukrainian construction industry. The findings demonstrate that the influence of intelligence on productivity varies across career stages. Emotional intelligence emerges as a consistently significant factor throughout the employee life cycle, while other intelligence dimensions exhibit stage-specific effects. These results confirm the dynamic and non-uniform nature of intelligence–productivity relationships. The study provides practical insights for sustainable human resource management by highlighting the need for stage-sensitive development strategies that align intelligence profiles with career phases. Implementing such targeted approaches can enhance employee productivity, organizational effectiveness, and long-term economic sustainability, thereby supporting progress toward SDG 8. © 2025 by the authors.","factor productivity; human capital; human resource; life cycle analysis; statistical analysis; Sustainable Development Goal","","2-s2.0-105027313187"
"Wang, S.; Rao, Z.; Blaes, A.H.; Coresh, J.; Joshu, C.E.; Pankow, J.S.; Thyagarajan, B.; Dubin, R.; Deo, R.; Whelton, S.P.; Blaha, M.J.; Marshall, C.H.; Rotter, J.I.; Ganz, P.; Guan, W.; Platz, E.A.; Prizment, A.","Wang, Shuo (57219852333); Rao, Zexi (58653343900); Blaes, Anne Hudson (8980571600); Coresh, Josef (7005367498); Joshu, Corinne E. (8348390300); Pankow, James S. (60143375200); Thyagarajan, Bharat (6602856354); Dubin, Ruth F. (15727312900); Deo, Rajat (57203088330); Whelton, Seamus Paul (8519973000); Blaha, Michael J. Joseph (14012509900); Marshall, Catherine Handy (59297618800); Rotter, Jerome I. (56284453500); Ganz, Peter A. (7102980042); Guan, Weihua (37031122900); Platz, Elizabeth A. (7004399130); Prizment, Anna E. (15832774700)","57219852333; 58653343900; 8980571600; 7005367498; 8348390300; 60143375200; 6602856354; 15727312900; 57203088330; 8519973000; 14012509900; 59297618800; 56284453500; 7102980042; 37031122900; 7004399130; 15832774700","Proteomic aging clocks and the risk of mortality among long-term cancer survivors","2026","Journal of the National Cancer Institute","10.1093/jnci/djaf286","https://www.scopus.com/inward/record.uri?eid=2-s2.0-105027250398&doi=10.1093%2Fjnci%2Fdjaf286&partnerID=40&md5=3b53d1556ca1801a1c630e7d7f1f3677","Background To estimate biological age, we developed a proteomic aging clock in cancer-free participants (CaPAC) and examined its association with mortality in long-term cancer survivors (LTCS, >2 years between cancer diagnosis and blood collection) and cancer-free participants in the Atherosclerosis Risk in Communities (ARIC) and Multi-Ethnic Study of Atherosclerosis (MESA) studies. Methods ARIC measured 4712 proteins using SomaScan in plasma samples collected at 3 visits, including Visit 5 (2011-2013) from 806 LTCS and 3699 cancer-free participants, all aged 66-90. Among 2466 randomly selected cancer-free participants, we developed CaPAC using elastic net regression. Age acceleration was calculated as residuals of CaPAC regressed on chronological age (CaPAC<inf>Accel</inf>). We used multivariable Cox proportional hazards regression to calculate hazard ratios (HRs) for the associations of CaPAC<inf>Accel</inf> with all-cause and cancer mortality in LTCS and all-cause mortality in the remaining cancer-free participants. We replicated the analysis of all-cause mortality in MESA. Results In LCTS, CaPAC<inf>Accel</inf> was associated with increased all-cause mortality in both ARIC (HR per 1 SD = 1.42, 95% confidence interval [CI] = 1.24 to 1.62; P <. 001) and MESA (1.62, 1.12 to 2.33; P =. 009). Also, in ARIC, CaPAC<inf>Accel</inf> was associated with all-cause mortality in breast (1.54, 1.05 to 2.25; P =. 028) and colorectal LTCS (1.96, 1.19 to 3.22; P =. 008). Additionally, CaPAC<inf>Accel</inf> was associated with cancer mortality in LTCS (1.34, 1.09 to 1.64; P =. 005) in ARIC. In MESA, limited sample size precluded us from examining individual cancers and cause-specific mortality. In cancer-free participants, the associations of CaPAC<inf>Accel</inf> with all-cause mortality were similar across studies. Conclusion Proteomic aging clocks hold promise as a predictor of all-cause and cancer mortality in LTCS. © 2025 The Author(s). Published by Oxford University Press. All rights reserved.","acetylsalicylic acid; C reactive protein; aged; aging; all cause mortality; Article; biological age; blood sampling; breast cancer; cancer mortality; cancer survivor; cardiovascular mortality; cohort analysis; colorectal cancer; controlled study; diabetes mellitus; female; human; major clinical study; male; mortality risk; multicenter study; physical activity; prostate cancer; proteomic aging clock; proteomics; metabolism; mortality; neoplasm; procedures; proportional hazards model; risk factor; very elderly; Aged; Aged, 80 and over; Aging; Cancer Survivors; Female; Humans; Male; Neoplasms; Proportional Hazards Models; Proteomics; Risk Factors","41032251","2-s2.0-105027250398"
"Oursler, K.K.; Sun, Y.V.; Lozano, A.J.; Xu, K.; So-Armah, K.A.; Montano, M.; Justice, A.C.; Marconi, V.C.","Oursler, Krisann K. (59898573500); Sun, Yan V. (15045968900); Lozano, Alicia J. (56998234100); Xu, Ke (60105122900); So-Armah, Kaku A. (56153560900); Montano, Monty A. (20135292900); Justice, Amy C. (7006296482); Marconi, Vincent Charles (22951187600)","59898573500; 15045968900; 56998234100; 60105122900; 56153560900; 20135292900; 7006296482; 22951187600","Epigenetic Age Acceleration and Frailty Among People with HIV","2026","AIDS Research and Human Retroviruses","10.1177/08892229251411059","https://www.scopus.com/inward/record.uri?eid=2-s2.0-105027124047&doi=10.1177%2F08892229251411059&partnerID=40&md5=a2878bd1b16d3216124bc57ef9dd04ba","DNA methylation is a hallmark of aging; yet, our understanding of epigenetic age acceleration (EAA) in relationship to frailty in people with HIV (PWH) is poor. We conducted an observational study among PWH from the Veterans Aging Cohort Study (VACS) to test the hypothesis that EAA markers were associated with frailty. Epigenome-wide DNA methylation data from blood samples were used to derive EAA markers based on four established epigenetic clocks: Horvath, Hannum, PhenoAge, and GrimAge. Frailty was defined using a previously studied VACS frailty-related phenotype based on ≥1 survey item characterizing frailty factors: exhaustion, slowness, low physical activity, or weight loss. Logistic regression tested the association of participant characteristics and EAA markers with frailty. Adjusted models included each EAA marker as the independent variable, with significant participant characteristics as covariates. Among 1, 076 PWH, frailty was evident in 397 (36.9%) individuals. The characteristics associated with frailty included chronological age, CD4+ T-cell count, HIV-1 RNA viral load, smoking, and age-related comorbid conditions. GrimAge acceleration (GrimAA), PhenoAge acceleration (PhenoAA), and HannumAge acceleration (HannumAA) were associated with frailty, but HorvathAge acceleration (HorvathAA) was not. The strength of the association was attenuated with adjustment for characteristics but remained significant for the three markers. Age acceleration based on GrimAA (values >0) was independently associated with a 45% increased odds of frailty (ORadj: 1.45, 95% CI, 1.10, 1.93). In post hoc analyses, only GrimAA was associated with exercise frequency. In conclusion, select EAA markers were associated with frailty, independently of the traditional predictors of frailty. GrimAA, in particular, may be useful in future research to develop treatment strategies for frailty tailored to PWH. © 2025 Mary Ann Liebert (NY), LLC","","41468122","2-s2.0-105027124047"
"Kalmár, A.; Nagy, Z.B.; Sumegi, L.D.; Barták, B.K.; Kiss, C.; Spisák, S.; Molnár, B.; Takács, I.","Kalmár, Alexandra (36136982300); Nagy, Zsófia Brigitta (56921363100); Sumegi, Liza Dalma (57195272200); Barták, Barbara Kinga (55805130700); Kiss, Csaba (59377114100); Spisák, Sándor (8865781400); Molnár, Béla Ákos (7006622359); Takács, István Márton (36097079200)","36136982300; 56921363100; 57195272200; 55805130700; 59377114100; 8865781400; 7006622359; 36097079200","Modulation of Peripheral Immune Cells Following Vitamin D3 Supplementation in Vitamin D-Insufficient Cancer Patients","2026","Nutrients","10.3390/nu18010116","https://www.scopus.com/inward/record.uri?eid=2-s2.0-105026966979&doi=10.3390%2Fnu18010116&partnerID=40&md5=5ad98a96907e63aa70010c77e93c200a","Background and aims: Low vitamin D<inf>3</inf> levels are common in cancer patients, and these patients might benefit from vitamin D<inf>3</inf> level normalization in parallel with the conventional oncology treatment. This study aimed to examine the molecular effects of moderate–high-dose vitamin D<inf>3</inf> supplementation in vitamin D-deficient cancer patients. Methods: Eight patients under oncological treatment (5 lung cancer, 2 colorectal cancer, and 1 urothelial carcinoma) received 30,000 IU of vitamin D<inf>3</inf> per week for two months. Blood samples were collected before and after supplementation, and peripheral blood mononuclear cells (PBMCs) were isolated. With the aim of assessing further potential epigenetic alterations, global DNA methylation level was estimated on the basis of LINE-1 bisulfite-sequencing experiments on cfDNA and PBMC cells. In order to explore the chromatin accessibility alterations after the treatment in PBMCs, an assay for transposase-accessible chromatin with sequencing (ATAC-Seq) was performed using the (10x Genomics, Pleasanton, CA, USA) on a NextSeq 550 instrument using High Output Sequencing kit (Illumina, San Diego, CA, USA). DNA integrity was assessed by the alkaline Comet-assay and telomere qPCR was also performed. Results: After serum 25-hydroxy-vitamin D levels were normalized, DNA integrity in mononuclear cells improved significantly (p = 0.01), while no significant changes were found in granulocytes. Vitamin D<inf>3</inf> supplementation also led to significant changes in telomere length in mononuclear cells (p = 0.007). No significant differences were observed in cfDNA levels or DNA methylation in PBMCs and cfDNA after supplementation. ATAC-Seq revealed changes in PBMC composition, including an increased number of NK, pDC cells, and monocytes, especially in patients treated with Pembrolizumab in parallel with vitamin D supplementation. Conclusions: These exploratory findings suggest that the observed immune cell and chromatin changes after vitamin D<inf>3</inf> level normalization are compatible with immunomodulatory effects and warrant confirmation in larger, controlled cohorts. © 2025 by the authors.","calcifediol; carboplatin; cisplatin; colecalciferol; etoposide; gemcitabine; paclitaxel; pembrolizumab; pemetrexed; 25-hydroxyvitamin D; vitamin D; adult; aged; Article; ATAC-seq; bisulfite sequencing; blood sampling; cancer patient; cancer therapy; cell composition; cell isolation; chromatin; clinical article; colorectal cancer; comet assay; controlled study; DNA damage; DNA methylation; DNA methylation age; epigenetics; granulocyte; human; human cell; lung adenocarcinoma; lung cancer; male; mononuclear cell; natural killer cell; peripheral blood mononuclear cell; pilot study; small cell lung cancer; telomere; telomere length; transitional cell carcinoma; tumor diagnosis; vitamin D deficiency; vitamin supplementation; blood; complication; dietary supplement; drug effect; drug therapy; female; genetic epigenesis; immunology; metabolism; middle aged; neoplasm; Aged; Cholecalciferol; Dietary Supplements; DNA Methylation; Epigenesis, Genetic; Female; Humans; Leukocytes, Mononuclear; Male; Middle Aged; Neoplasms; Vitamin D; Vitamin D Deficiency","41515234","2-s2.0-105026966979"
"Yang, J.; Zhang, Y.; Zeng, P.; Jian, X.","Yang, Jiaxiang (60249615500); Zhang, Yingzhe (57997993600); Zeng, Puhua (57216673724); Jian, Xiaolan (58783010400)","60249615500; 57997993600; 57216673724; 58783010400","PhenoAgeAccel mediates the association between metabolic syndrome and cancer risk in males: a cross-sectional NHANES study","2026","Aging Male","10.1080/13685538.2026.2612796","https://www.scopus.com/inward/record.uri?eid=2-s2.0-105026840915&doi=10.1080%2F13685538.2026.2612796&partnerID=40&md5=4b2a774910b3bde19dd22e305b5938f6","Background: The relationship between metabolic syndrome (MetS) and cancer risk, and the potential mediating role of biological aging as measured by Phenotypic Age Acceleration (PhenoAgeAccel), remains insufficiently characterized. Methods: We conducted a cross-sectional study of 12,664 participants from the National Health and Nutrition Examination Survey (NHANES, 1999–2010, 2015–2020). MetS was defined according to established criteria, cancer status was self-reported, and PhenoAgeAccel was derived from clinical biomarkers. Weighted multivariable logistic regression and formal causal mediation analysis were employed. Results: After full adjustment, MetS was significantly associated with increased cancer prevalence (OR = 1.338, 95% CI: 1.074–1.666, p = 0.010). This association was more pronounced in males (OR = 2.383, p < 0.05) and adults aged 20–65 years (OR = 1.573, p < 0.05). Mediation analysis revealed that PhenoAgeAccel significantly accounted for 16.5% of the total effect of MetS on cancer (Average Causal Mediation Effect = 0.00352, p < 0.001). Gender stratification indicated a statistically significant mediating effect in males (proportion mediated = 10.9%, p = 0.002) but not in females (proportion mediated = 10.9%, p = 0.086). The direct effect of MetS remained significant (OR = 1.265, p = 0.050). Conclusion: MetS is associated with elevated cancer risk, with PhenoAgeAccel serving as a significant mediating pathway, particularly among males. These findings identify younger males as a high-risk subgroup for targeted preventive strategies. © 2026 The Author(s). Published by Informa UK Limited, trading as Taylor & Francis Group.","adult; aged; aging; alcohol consumption; Article; cancer risk; cohort analysis; comorbidity; controlled study; cross-sectional study; demographics; female; health status; human; major clinical study; male; marriage; mediation analysis; metabolic syndrome X; nutritional status; pathophysiology; phenotype; phenotypic age acceleration; prevalence; risk assessment; risk factor; scoring system; sensitivity analysis; sex difference; complication; epidemiology; etiology; middle aged; neoplasm; nutrition; physiology; sex factor; United States; young adult; Adult; Aged; Aging; Cross-Sectional Studies; Female; Humans; Male; Metabolic Syndrome; Middle Aged; Neoplasms; Nutrition Surveys; Phenotype; Prevalence; Risk Factors; Sex Factors; Young Adult","41498362","2-s2.0-105026840915"
"Gulbey, O.; Duran, T.","Gulbey, Ozcan (58629165800); Duran, Tugce (57211558888)","58629165800; 57211558888","Integrated Bioinformatics and Experimental Analysis of Argonaute Family Members in Pancreatic Adenocarcinoma","2026","In Vivo","10.21873/invivo.14178","https://www.scopus.com/inward/record.uri?eid=2-s2.0-105026527541&doi=10.21873%2Finvivo.14178&partnerID=40&md5=3af97b67a1f5122398561988b30e7cb6","Background/Aim: Pancreatic adenocarcinoma (PAAD) is an aggressive cancer type with high mortality rates. The Argonaute (AGO) gene/protein family is an evolutionary conserved family, which is responsible for post-transcriptional regulation of gene expression. Despite the fact that this family members (AGO1-4) have been linked to prognosis in some cancers, they have not been comprehensively investigated in PAAD. Therefore, this study investigates the role of AGO family members on PAAD. Materials and Methods: In our research, bioinformatics analyses were performed to study gene, protein and methylation levels, prognostic importance, gene-gene and protein-protein interactions, enrichment analysis, and immune infiltration analysis, using online and publicly available platforms. Additionally, real-time PCR was used to check mRNA levels in the pancreatic cell line BxPC-3. Results: mRNA (p<.05), protein (p<.001) and methylation (p<.001) levels of AGO2 were statistically different between normal and tumor samples in the in silico and laboratory analyses, and high AGO2 levels were found to be linked to poor prognosis (p=0.037). Additionally, immune infiltration analysis demonstrated a close relationship between AGO2 mRNA expression and immune cells. In contrast to the consistent results of AGO2, other AGO family members (AGO1, AGO3, or AGO4) differed at the protein or methylation levels but had non-significant prognostic values. Conclusion: The findings of this study indicate the potential importance of AGO2 in terms of biological functions and prognostication in PAAD. © 2026 The Author(s). This is an open access article under the terms of the Creative Commons Attribution License, which permits use, distribution and reproduction in any medium, provided the original work is properly cited.","argonaute 1 protein; argonaute 2 protein; argonaute 3 protein; argonaute 4 protein; argonaute protein; complementary DNA; glyceraldehyde 3 phosphate dehydrogenase; guanosine phosphate; messenger RNA; tumor necrosis factor; unclassified drug; AGO2 protein, human; tumor marker; apobec3a gene; apobec3c gene; Article; bioinformatics; BxPC-3 cell line; cancer prognosis; CD4+ T lymphocyte; CD8+ T lymphocyte; cell culture; cell infiltration; cohort analysis; computer model; controlled study; ddx6 gene; dendritic cell; dicer1 gene; disease free survival; DNA methylation; DNA methylation age; down regulation; fxr1 gene; gene; gene expression; gene expression level; gene interaction; gene ontology; HEK293 cell line; human; human cell; immunocompetent cell; laboratory test; major clinical study; memory cell; monocyte; mov10 gene; mRNA expression level; mucosal-associated invariant T cell; natural killer cell; nlk gene; overall survival; pancreas adenocarcinoma; piwil1 gene; piwil4 gene; prkra gene; promoter region; protein expression; protein expression level; protein protein interaction; real time polymerase chain reaction; regulatory T lymphocyte; RNA isolation; survival analysis; tarbp2 gene; tnrc6a gene; tnrc6b gene; tnrc6c gene; ubc gene; upregulation; adenocarcinoma; gene expression profiling; gene expression regulation; genetics; metabolism; mortality; pancreas tumor; pathology; procedures; prognosis; protein analysis; tumor cell line; Adenocarcinoma; Argonaute Proteins; Biomarkers, Tumor; Cell Line, Tumor; Computational Biology; DNA Methylation; Gene Expression Profiling; Gene Expression Regulation, Neoplastic; Humans; Pancreatic Neoplasms; Prognosis; Protein Interaction Maps; RNA, Messenger","41482412","2-s2.0-105026527541"
"Moulds, T.P.; Mitchell, S.E.; Yang, X.; Guo, W.; Chen, E.; Adams, P.D.; Speakman, J.R.","Moulds, Timothy P. (60252145500); Mitchell, Sharon E. (57212618288); Yang, Xiaojing (57191431452); Guo, Wei (60252116900); Chen, Emily (60251962100); Adams, P. D. (7403071747); Speakman, John Roger (7102300657)","60252145500; 57212618288; 57191431452; 60252116900; 60251962100; 7403071747; 7102300657","Graded Calorie Restriction Causes Graded Slowing of Epigenetic Ageing in Mice","2026","Aging Cell","10.1111/acel.70342","https://www.scopus.com/inward/record.uri?eid=2-s2.0-105025600858&doi=10.1111%2Facel.70342&partnerID=40&md5=6f9b91a6c79de6af784b4fd9da74e5e8","DNA methylation variation is associated with chronological ageing. Calorie restriction (CR) prolongs lifespan and healthspan in many species. Our hypothesis is that CR has an impact on DNA methylation patterns with increased CR leading to slower epigenetic ageing. We studied the effects of graded CR in male C57BL/6J mice on liver DNA methylation. Mice were fed ad libitum (AL) in the dark-phase or restricted by 10%, 20%, 30% or 40% from 5-months old for 19-months. Livers were collected in surviving mice at 24-months old and DNA methylation measured. Comparisons were made to 8-month-old AL fed mice. DNA methylation was significantly related to graded CR in a subset of cytosine-guanine dinucleotide (CpG) sites. In a substantially similar subset of CpG sites, DNA methylation in 24-month-old mice fed 40CR moved towards the values in 8-month-old AL fed mice, resulting in an average effective epigenetic age of about 12-months, indicative of slower epigenetic ageing. DNA methylation at several CpG sites was sensitive to glucose intolerance and circulating insulin levels, consistent with the impact of this nutrient sensing pathway on ageing. We focussed on genes where multiple CpG sites were significant for DNA methylation change with CR and found many have been implicated in age-associated liver diseases. In summary, the benefits of CR include modification of epigenetic signatures in the direction of slower ageing, consistent with the life extending effects of CR. Whether this effect is causal for the life extension under CR, and the mechanism by which it occurs remain unanswered questions. © 2025 The Author(s). Aging Cell published by Anatomical Society and John Wiley & Sons Ltd.","actl7b protein; catalase; clvs2 protein; dnajb2 protein; fam84b protein; glucose; gm43401 protein; hdgfl2 protein; insulin; leptin; lncppara protein; map10 protein; nfic protein; nlrp6 protein; qprt protein; rbpms2 protein; somatomedin C; spacer DNA; superoxide dismutase; tumor suppressor protein; unclassified drug; wasf3 protein; Wnt protein; zic1 protein; aging; animal experiment; animal model; animal tissue; Article; caloric restriction; controlled study; CpG island; DNA damage; DNA methylation; endosome; epigenetic clock; epigenetics; gene expression; glucose intolerance; glucose tolerance test; insulin level; liver; liver disease; macropinocytosis; male; mouse; nonhuman; nutrient; nutrient availability; physical activity; promoter region; Wnt signaling; animal; blood; C57BL mouse; genetic epigenesis; genetics; metabolism; Aging; Animals; Caloric Restriction; CpG Islands; DNA Methylation; Epigenesis, Genetic; Insulin; Liver; Male; Mice; Mice, Inbred C57BL","41432313","2-s2.0-105025600858"
"Lin, W.-Y.","Lin, Wanyu (57725646500)","57725646500","Epigenome-wide mediation analysis identified Cytosine-phosphate-Guanine sites linking environmental factors with diabetes indicators","2026","Epigenomics","10.1080/17501911.2025.2606041","https://www.scopus.com/inward/record.uri?eid=2-s2.0-105025406083&doi=10.1080%2F17501911.2025.2606041&partnerID=40&md5=a9111f071831d73be1b1583674864558","Aims: Environmental factors can alter DNA methylation (DNAm) levels, influence gene expression, and then change fasting glucose (FG) or hemoglobin A1c (HbA1c). Methods: Through analyzing DNAm data of 2366 Taiwan Biobank individuals aged between 30 and 70 years, I evaluated the role of DNAm in mediating the associations of seven non-genetic factors (BMI, chronological age, sex, smoking, drinking alcoholic beverages, education, and regular exercise) with FG and HbA1c. Results: Among 846,232 Cytosine-phosphate-Guanine (CpG) sites, the single-mediator model explored that 21, 15, 10, 3, 3, and 1 CpGs significantly mediated (p < 6.6E-9) the BMI-HbA1c, BMI-FG, sex-FG, age-FG, age-HbA1c, and drinking-HbA1c associations, respectively. The multiple-mediator model considered all significant mediators and selected the model with the smallest Akaike Information Criterion, and identified 8 CpGs that linked exposures (BMI, sex, age, and drinking) to diabetes indicators. Seven out of the 8 CpGs have been reported to be associated with diabetes, FG, HbA1c, or insulin resistance in previous epigenome-wide association studies. Conclusion: Four of the 8 CpGs (cg19693031, cg04816311, cg00574958, and cg11024682) were associated with the expression of genes implicated in diabetes and metabolism, including the TXNIP, GPR146, CPT1A, and SREBF1 genes. These findings highlight the underlying epigenetic mechanism linking non-genetic factors with diabetes. © 2025 The Author(s). Published by Informa UK Limited, trading as Taylor & Francis Group.","cytosine; glucose; guanine; hemoglobin A1c; glycated hemoglobin; hemoglobin A1c protein, human; adult; aging; alcoholic beverage; Article; body mass; controlled study; diabetes mellitus; DNA methylation; DNA methylation age; environmental factor; epigenome; exercise; female; gene expression; human; informed assent; major clinical study; male; mediation analysis; non insulin dependent diabetes mellitus; oxidative stress; people by smoking status; quality control; Taiwan; X chromosome; aged; CpG island; genetic epigenesis; genetics; genome-wide association study; glucose blood level; metabolism; middle aged; Adult; Aged; Blood Glucose; CpG Islands; Diabetes Mellitus; DNA Methylation; Epigenesis, Genetic; Epigenome; Female; Genome-Wide Association Study; Glycated Hemoglobin; Humans; Male; Mediation Analysis; Middle Aged","41424234","2-s2.0-105025406083"
"Cheng, C.-F.; Wu, C.-S.; Chan, T.-C.; Wang, S.-H.","Cheng, Chi Fung (57092844900); Wu, Chi Shin (36166000500); Chan, Ta Chien (15828770700); Wang, Shiheng (35574992500)","57092844900; 36166000500; 15828770700; 35574992500","Air pollution and accelerated epigenetic aging: Evidence from multiple epigenetic clocks in the Taiwan Biobank","2026","Journal of Hazardous Materials","10.1016/j.jhazmat.2025.140852","https://www.scopus.com/inward/record.uri?eid=2-s2.0-105025146050&doi=10.1016%2Fj.jhazmat.2025.140852&partnerID=40&md5=2b57729e45da8f4397cfd024fbe20934","The effects of exposure to air pollution on epigenetic age acceleration remain unclear. This study investigated the associations between exposure to six air pollutants (PM<inf>2.5</inf>, PM<inf>10</inf>, CO, NO<inf>2</inf>, SO<inf>2</inf>, and O<inf>3</inf>) and DNA methylation age using multiple epigenetic clocks, including Horvath (353 CpGs), Best Linear Unbiased Predictor (BLUP, 319,607 CpGs), and Elastic Net (EN, 514 CpGs) among 2462 participants from the Taiwan Biobank. Both PM<inf>2.5</inf> and PM<inf>10</inf> exposure showed significant associations with all three epigenetic clocks. In multi-pollutant models combining PM<inf>2.5</inf> with other pollutants, the associations remained significant. The weighted sum of all air pollutants showed significant associations with all three epigenetic clocks. Weight distribution analyses identified PM<inf>2.5</inf> and PM<inf>10</inf> as the predominant contributors across all clock models. These results underscore the importance of air pollution control as a key component of public health strategies aimed at promoting healthy aging. © 2025 Elsevier B.V.","Air pollution control; Alkylation; Clocks; Methylation; Public health; Aging acceleration; Air pollutants; Biobanks; DNA Methylation; Epigenetic clock; Epigenetics; NO 2; PM 10; PM 2.5; SO 2; Air pollution; carbon monoxide; nitrogen dioxide; ozone; sulfur dioxide; aging population; atmospheric pollution; DNA; methylation; particulate matter; pollution control; public health; adult; aged; air pollutant; air pollution; air pollution control; Article; Best Linear Unbiased Predictor; biobank; cohort analysis; DNA methylation age; Elastic Net (machine learning); environmental exposure; epigenetic clock; female; human; machine learning; male; middle aged; particulate matter 10; particulate matter 2.5; PM10 exposure; PM2.5 exposure; retrospective study; Taiwan; adverse event; aging; DNA methylation; drug effect; genetic epigenesis; genetics; toxicity; Adult; Aged; Aging; Air Pollutants; Air Pollution; Biological Specimen Banks; Environmental Exposure; Epigenesis, Genetic; Female; Humans; Male; Middle Aged; Particulate Matter","41412051","2-s2.0-105025146050"
"Arowolo, O.; Oluwayiose, O.A.; Zhu, J.; Sergeyev, O.; Houle, E.; Pilsner, J.R.; Suvorov, A.","Arowolo, Olatunbosun K. (57346054400); Oluwayiose, Oladele A. (57192956872); Zhu, Jiahui (59897291100); Sergeyev, Oleg V. (8708534100); Houle, Emily (57221470904); Pilsner, Jonathan Richard (10039589600); Suvorov, Alexander (35560117700)","57346054400; 57192956872; 59897291100; 8708534100; 57221470904; 10039589600; 35560117700","Environmental factors accelerate epigenetic aging of sperm via mechanistic target of rapamycin/blood-testis barrier mechanism","2026","F and S Science","10.1016/j.xfss.2025.10.001","https://www.scopus.com/inward/record.uri?eid=2-s2.0-105025049962&doi=10.1016%2Fj.xfss.2025.10.001&partnerID=40&md5=6ec3545a656176d42d5226d6358ca44e","Objective To identify a common molecular mechanism of sperm epigenome reprograming by environmental factors by testing whether mechanistic target of rapamycin (mTOR)–dependent and mTOR-independent disruption of the blood-testis barrier (BTB) by environmental factors (heat stress [HS] and cadmium [Cd] exposure, respectively) accelerate epigenetic aging of sperm in a mouse model. Design Using Infinium methylation array, we developed a murine sperm epigenetic clock model and used it to assess epigenetic age shifts in adult mice exposed to environmental factors for the duration of two spermatogenesis cycles. Subjects C57BL/6 mice. Exposure Short-term acute intermittent whole-body HS protocol was designed to mimic human HS during heat waves. The Cd exposure group was treated with 1 μL/g body weight of water solution of CdCl<inf>2</inf>. Main Outcome Measures The activation of mTOR complexes by both stressors was analyzed using enzyme-linked immunosorbent assay. Effects of HS, Cd, and aging on sperm deoxyribonucleic acid methylation were compared using bioinformatic tools. Results We demonstrate that both mTOR-dependent BTB disruption by HS and mTOR-independent BTB disruption by Cd exposure accelerate sperm epigenetic aging, resulting in similar changes to sperm deoxyribonucleic acid methylation patterns, including changes in methylation of genes involved in embryonic development and neurodevelopment. Conclusion The mTOR/BTB mechanism is a novel pathway through which environmental and other stressors influence sperm epigenetic aging. This pathway is a potential therapeutic target for the mitigation of environmental effects on epigenetic programs in sperm. © 2025 American Society for Reproductive Medicine.","cadmium chloride; sirolimus; cadmium; mTOR protein, mouse; target of rapamycin kinase; aging; algorithm; animal experiment; animal model; Article; bioinformatics; blood testis barrier; body weight; C57BL 6 mouse; controlled study; DNA extraction; DNA methylation; drug mechanism; environmental factor; enzyme linked immunosorbent assay; epigenetic aging; epigenetic clock; heat stress; least absolute shrinkage and selection operator; male; mouse; mTOR signaling; nerve cell differentiation; nonhuman; protein phosphorylation; sperm; spermatogenesis; animal; C57BL mouse; drug effect; genetic epigenesis; genetics; heat shock response; metabolism; physiology; spermatozoon; Aging; Animals; Blood-Testis Barrier; Cadmium; DNA Methylation; Epigenesis, Genetic; Heat-Shock Response; Male; Mice; Mice, Inbred C57BL; Spermatogenesis; Spermatozoa; TOR Serine-Threonine Kinases","41076277","2-s2.0-105025049962"
"Fang, H.; Fang, G.-H.; Chen, D.-J.; Chang, H.-J.; Yang, M.-H.; Zhang, H.; Jiang, Y.-J.; Cai, Y.-F.; Hu, Z.-J.; Peng, X.-E.","Fang, Hua (58682836900); Fang, Guanhua (57202847866); Chen, Danjing (59168783100); Chang, Huajing (57867914300); Yang, Minghuan (59458582200); Zhang, He (59700914900); Jiang, Yijun (59701640600); Cai, Yongfeng (59701275100); Hu, Zhijian (55705487400); Peng, Xiane E. (7401594186)","58682836900; 57202847866; 59168783100; 57867914300; 59458582200; 59700914900; 59701640600; 59701275100; 55705487400; 7401594186","The association of environmental toxicants exposure with cardiovascular disease risk: A comprehensive analysis from population to molecular mechanism","2026","Ecotoxicology and Environmental Safety","10.1016/j.ecoenv.2025.119562","https://www.scopus.com/inward/record.uri?eid=2-s2.0-105024676522&doi=10.1016%2Fj.ecoenv.2025.119562&partnerID=40&md5=3a218bdc75a77a438bb7e511b01177e4","Background Prior studies on toxicants and CVD focused on limited compounds, restricting their relevance to real-world exposure scenarios, a comprehensive assessment multiple toxicants is therefore warranted. Methods An exposome-wide association study (ExWAS) was conducted using 61 toxicants in 10 categories among 3577 participants from the 2013-2016 NHANES. Weighted quantile sum (WQS) regression and Bayesian kernel machine regression (BKMR) were applied to identify dominant contributors. Mediation analysis and network toxicology were used to explore the mediating roles of the systemic inflammatory response index (SIRI) and phenotypic age acceleration. Results ExWAS identified 29 toxicants from eight chemical families positively associated with CVD risk. WQS regression revealed that mixed exposures to toxicant family of nicotine metabolites (aOR = 1.45, 95 % CI: 1.18-1.78), metals (aOR = 2.16, 95 % CI: 1.35-3.45), polycyclic aromatic hydrocarbons (PAHs) (aOR = 1.34, 95 % CI: 1.07-1.69), perchlorate/nitrate/thiocyanate (aOR = 1.26, 95 % CI: 1.03-1.53), and volatile organic compound metabolites (VOCs) (aOR = 1.33, 95 % CI: 1.03-1.73) were significantly associated with CVD risk, and BKMR results indicated that metals showed the highest posterior inclusion probability (1.000), followed by PAHs (0.655) and VOCs (0.591). Mediation analysis revealed that SIRI and phenotypic age acceleration significantly mediated the associations of 21 and 18 toxicants with CVD, respectively. Network toxicology analysis demonstrated that toxicants were enriched in multiple inflammaging-related pathways. Conclusion When multiple toxicants are considered simultaneously, the metals, PAHs, and VOCs families contribute most substantially to CVD risk, and inflammaging emerged as mediator of the associations. © 2025 The Authors.","metal; nicotine; nitrate; perchlorate; polycyclic aromatic hydrocarbon; thiocyanate; volatile organic compound; aging; cardiovascular disease; health risk; network analysis; PAH; pollution exposure; regression analysis; adult; air pollution; algorithm; analysis; Article; Bayes theorem; Bayesian kernel machine regression; cardiovascular risk; cross-sectional study; data analysis; environmental exposure; exposome wide association study; female; gene ontology; genetic database; genome-wide association study; human; human experiment; least absolute shrinkage and selection operator; male; mediation analysis; metabolite; molecular docking; phenotype; protein protein interaction; public health; questionnaire; risk assessment; scoring system; smoking; systemic inflammation response index; toxicology; adverse event; aged; dangerous goods; epidemiology; exposome; middle aged; nutrition; pollutant; toxicity; Adult; Aged; Cardiovascular Diseases; Environmental Exposure; Environmental Pollutants; Exposome; Female; Hazardous Substances; Humans; Male; Middle Aged; Nutrition Surveys","41389509","2-s2.0-105024676522"
"Padovan, B.V.; Beenker, M.; Langendijk, J.A.; van der Laan, H.P.; van Dijk, B.A.C.; de Bock, G.H.; Plaat, B.E.C.; de Graeff, P.; Festen, S.; Halmos, G.B.","Padovan, Beniamino Vincenzoni (58997293800); Beenker, Marleen (60229280800); Langendijk, Johannes Albertus (6701731681); van der Laan, Hans Paul (57192300361); van Dijk, Boukje Annemarie Cornelia (36244744700); de Bock, Geertrudia H. (59626675100); Plaat, Boudewijn E.C. (8065330700); de Graeff, Pauline (24376257300); Festen, Suzanne (56611854500); Halmos, G. B. (7005706877)","58997293800; 60229280800; 6701731681; 57192300361; 36244744700; 59626675100; 8065330700; 24376257300; 56611854500; 7005706877","Integrated geriatric assessment and intervention in the head and neck oncology care pathway reduces adverse events and does not affect survival","2026","Oral Oncology","10.1016/j.oraloncology.2025.107811","https://www.scopus.com/inward/record.uri?eid=2-s2.0-105024261354&doi=10.1016%2Fj.oraloncology.2025.107811&partnerID=40&md5=ae9b851c0f74ff78ac7e4103b9770c39","Objective: The number of older/frail patients with head and neck cancer (HNC) is increasing. They are more frail compared to patients with other malignancies. Therefore, geriatric care is increasingly integrated into the HNC care pathway. The aim of this study was to investigate how integrated geriatric care affects treatment outcomes in HNC patients irrespective of treatment intention. Methods: This retrospective study compared treatment-related adverse outcomes (grade ≥ 2 Clavien-Dindo surgical complications and grade ≥ 2 CTCAE (chemo)radiotoxicity), and one-year mortality in two patient cohorts. In the first cohort (2014–2016), geriatric screening was only observational i.e. without intervention. In the second cohort (2019–2020), a complete geriatric pathway was integrated into the oncological care pathway, including an onco-geriatric MDT (multidisciplinary team meeting), referral to the geriatrician with intervention, if needed. Multivariable logistic regression analysis was performed to identify factors associated with adverse events and one-year mortality, including the cohort period. Results: This study included 640 patients; 369 from the first cohort and 271 from the second cohort. The second cohort showed significantly fewer adverse events (34.6 %) compared to the first (65.4 %) (OR 0.41; 95 % CI 0.27–0.63: p < 0.001). Reductions were seen in surgical complications (OR 0.57; 95 % CI 0.32–1.01) as well as (chemo)radiotoxicity (OR 0.39; 95 % CI 0.20–0.76). No significant differences were observed in one-year mortality (OR 0.88; CI 0.59–1.48). Adverse events were significantly linked to malnutrition, advanced tumor stage and concomitant radiotherapy treatment. Conclusion: Integration of geriatric care in the HNC pathway reduces treatment-related adverse events, without altering one-year mortality. © 2025 The Author(s)","advanced cancer; adverse outcome; age; aged; Article; biological age; cancer radiotherapy; cancer staging; chemoradiotherapy; cohort analysis; Common Terminology Criteria for Adverse Events; depression; disease association; disease classification; female; frailty; gender; geriatric assessment; geriatric care; head and neck cancer; human; major clinical study; male; malnutrition; mortality; multidisciplinary team; observational study; oncology; patient referral; polypharmacy; postoperative complication; radiation toxicity; retrospective study; risk factor; social network; survival; treatment outcome; head and neck tumor; middle aged; procedures; therapy; very elderly; Aged; Aged, 80 and over; Female; Geriatric Assessment; Head and Neck Neoplasms; Humans; Male; Middle Aged; Retrospective Studies","41353940","2-s2.0-105024261354"
"Z.; H.; L.A.; Wang, S.; Zhou, F.","; Wang, Shuo (57205028316); Zhou, Fang (55644734400)","60222963100; 60222990400; 60222996900; 57205028316; 55644734400","The association between early life circumstances and multi-system biological aging: A systematic review and meta-analysis","2026","Ageing research reviews","10.1016/j.arr.2025.102942","https://www.scopus.com/inward/record.uri?eid=2-s2.0-105023654360&doi=10.1016%2Fj.arr.2025.102942&partnerID=40&md5=d20003f57fae26bf1159a868f2921ca8","OBJECTIVE: To systematically investigate the relationship between early life circumstances and multi-system biological aging and to synthesize evidence on mediating and moderating factors. METHODS: Studies from PubMed, EMBASE, Web of Science, Scopus, PsycInfo, CNKI, and SinoMed were searched from inception to February 2025. We included observational studies examining the relationship between early life circumstances (including adverse childhood experiences, childhood socio-economic status, perinatal factors, and childhood personal traits) and multi-system biological aging (composite algorithms based on multi-system clinical biomarkers, such as phenotypic age, Klemera-Doubal method biological age, homeostatic dysregulation, and Pace of Aging). A multi-level random-effects meta-analysis was employed for data synthesis. Sensitivity, moderator, and subgroup analyses were conducted to explore sources of heterogeneity and test robustness. RESULTS: A total of 23 studies containing 344,852 participants were included. 16 of these were included in a meta-analysis, which showed a statistically significant correlation between early life circumstances and multi-system biological aging (Cohen's d = 0.18, 95 %CI: 0.12-0.24, p < 0.0001). Moderator analysis and subgroup analysis indicated that the type, period, and assessment method of early life circumstances, the multi-system biological aging indicators, age, geographic location, study quality, and covariate adjustment significantly influenced the association. The neighbourhood and living environment was a mediator, while age and sex served as moderators. Socioeconomic status, psychosocial factors, and healthy lifestyles exhibited both mediating and moderating effects. CONCLUSIONS: Adverse early life circumstances are associated with accelerated multi-system biological aging. These findings provide a foundation for identifying at-risk populations and formulating targeted interventions to decelerate biological aging. © © 2025 Elsevier B.V. All rights reserved.","aging; childhood adversity; human; meta analysis; physiology; psychology; Adverse Childhood Experiences; Aging; Humans","41241234","2-s2.0-105023654360"
"Gou, R.; Liang, X.; Qin, S.; Li, B.; Wu, H.; Qin, S.; Pan, F.; Chen, J.-A.; Luo, C.","Gou, Ruoyu (57330298700); Liang, Xudong (59139940100); Qin, Suyong (60216160800); Li, Bing (59138731700); Wu, Hao (59139764100); Qin, Shuitao (59139940200); Pan, Fengqi (60019206100); Chen, Junan (59139940300); Luo, Changjun (57210925054)","57330298700; 59139940100; 60216160800; 59138731700; 59139764100; 59139940200; 60019206100; 59139940300; 57210925054","Association between “urological age” with metabolic syndrome in non-pregnant adult women: potential mediating role of depression","2026","Diabetes Research and Clinical Practice","10.1016/j.diabres.2025.113005","https://www.scopus.com/inward/record.uri?eid=2-s2.0-105023284106&doi=10.1016%2Fj.diabres.2025.113005&partnerID=40&md5=1ce057bbb5f70e27da078d30b424f234","Background: Metabolic syndrome(MetS) represents a growing threat to the standard of living and lifespan of human beings. Urological age (UA) and urological age acceleration (UAA), recently proposed indicators for assessing biological age from the urological point of view, demonstrate an unclear correlation with MetS. Methods: The National Health and Nutrition Examination Survey (NHANES) was the basis of the data for the study. The data set included UA and UAA scores from 8,354 nonpregnant female aged 20 and above with full data, as well as PHQ-9 scores, which were used to assess depressive symptoms. The current research employed a logistic regression design to evaluate the link between UA/UAA and MetS. The predictive ability of UA and UAA for MetS risk was evaluated using receiver operating characteristic (ROC) curve analysis. To examine the mediating role of depression in the association of UA/UAA with MetS, mediation analysis was performed. Results: Following comprehensive adjustment for latent variables, UA and UAA demonstrated a statistically significant association with MetS. In the ROC analysis, UA demonstrated an AUC of 0.728 (95 % CI: 0.716–0.740) with 77.56 % sensitivity and 58.33 % specificity, while UAA showed an AUC of 0.640 (95 % CI: 0.626–0.654) with 48.92 % sensitivity and 73.60 % specificity. Depression mediated the association of UA/UAA with the likelihood of MetS(UA:Proportion of mediation: 0.0405, 95 %CI: (0.0208, 0.01); P-value < 0.001,UAA:Proportion of mediation: 0.0419, 95 %CI: (0.0214, 0.06,); P-value < 0.001). Conclusion: UA and UAA may increase the risk of MetS in non-pregnant adult women. Furthermore, Depressive symptoms partially mediated the relationship between UA/UAA and MetS. © 2025 The Authors","biological marker; creatinine; high density lipoprotein cholesterol; uric acid; aciduria; adult; age; aged; alcohol consumption; area under the curve; Article; chi square test; confidence interval; controlled study; creatinine blood level; current smoker; depression; diabetes mellitus; diagnostic test accuracy study; ex-smoker; exercise; family income; fasting blood glucose level; female; functional status; health status; health survey; Healthy Eating Index 2015; human; hyperglycemia; hypertriglyceridemia; laboratory test; lifestyle; male; mediation analysis; metabolic syndrome X; middle aged; never smoker; obesity; Patient Health Questionnaire 9; poverty; prevalence; questionnaire; receiver operating characteristic; reliability; sensitivity and specificity; smoking; systolic blood pressure; The National Health and Nutrition Examination Survey; triacylglycerol level; urea nitrogen blood level; uric acid blood level; aging; complication; cross-sectional study; epidemiology; nutrition; physiology; risk factor; young adult; Adult; Aged; Aging; Cross-Sectional Studies; Depression; Female; Humans; Metabolic Syndrome; Middle Aged; Nutrition Surveys; Risk Factors; ROC Curve; Young Adult","41260490","2-s2.0-105023284106"
"Yao, Y.; Wolf, K.; Breitner, S.; Zhang, S.; Waldenberger, M.; Winkelmann, J.; Schneider, A.; Peters, A.","Yao, Yueli (57195508373); Wolf, Kathrin (55502832100); Breitner, Susanne (24075260300); Zhang, Siqi (57202074913); Waldenberger, Melanie (57197777520); Winkelmann, Juliane W. (7005034324); Schneider, Alexandra E. (36025877000); Peters, Annette Michael (7402105900)","57195508373; 55502832100; 24075260300; 57202074913; 57197777520; 7005034324; 36025877000; 7402105900","Long-term exposure to traffic-related air pollution is associated with epigenetic age acceleration","2026","Environmental Research","10.1016/j.envres.2025.123284","https://www.scopus.com/inward/record.uri?eid=2-s2.0-105021483400&doi=10.1016%2Fj.envres.2025.123284&partnerID=40&md5=6e38705d5e637d58b30ed42c3ba8b09c","Epigenetic aging biomarkers, predicted by selected Cytosine-phosphate-Guanine (CpG) sites, might be influenced by air pollution exposure. However, evidence from longitudinal studies is still limited. This study aims to determine the associations between long-term exposure to air pollution and epigenetic aging biomarkers, and to identify vulnerable subgroups. Data was collected from the German population-based Cooperative Health Research in the Region of Augsburg (KORA) S4 survey (1999–2001) and two follow-up examinations (F4: 2006–08 and FF4: 2013–14). We measured DNA methylation (DNAm) in blood samples and calculated DNAm Age and DNAm-based telomere length (DNAmTL). We only included participants with at least two repeated measurements. Annual average concentrations of ultrafine particles (PNC), particulate matter (PM) less than 10 μm (PM<inf>10</inf>), fine particles (PM<inf>2.5</inf>), coarse particles (PM<inf>coarse</inf>), soot (PM<inf>2.5abs</inf>), nitrogen oxides (NO<inf>2</inf> and NO<inf>x</inf>) and ozone (O<inf>3</inf>) were estimated by land-use regression models. We applied linear mixed-effect regression models to assess the associations between air pollutants and epigenetic aging biomarkers, and further performed a limited epigenome-wide association study (EWAS) to examine whether air pollution influences individual CpGs. We included 4105 observations from 1651 KORA participants. In clinical models, interquartile range (IQR) increases in all air pollutants except O<inf>3</inf> were positively associated with accelerated DNAmGrimAge and DNAmPhenoAge. Moreover, all air pollutants showed negative associations with DNAmTL. Specifically, in ever smokers, the air pollutants were positively associated with the age acceleration of DNAmHorvathAge and DNAmPhenoAge, and inversely associated with DNAmTL with the largest effect estimates observed for PM<inf>2.5abs</inf>. We identified two exposure-related CpGs with PM<inf>coarse</inf> at a Benjamini-Hochberg false discovery rate corrected p-value <0.05 in ever smokers. Our findings suggest a robust association between long-term exposure to traffic-related air pollution with epigenetic age acceleration, especially in ever smokers. These results imply that air pollution is augmenting the negative impact of smoking on biological ageing. © 2025 The Authors","Acceleration; Air pollution; Alkylation; Biomarkers; Land use; Particles (particulate matter); Population statistics; Regression analysis; Smoke; Air pollutants; DNA Methylation; Environmental exposure; Epigenetic clock; Epigenetics; Long term exposure; Longitudinal study; Particulate Matter; Smoking; Telomere length; Nitrogen oxides; biological marker; nitrogen dioxide; nitrogen oxide; ozone; triacylglycerol; aging; atmospheric pollution; biomarker; DNA; health impact; methylation; nitrogen oxides; particulate matter; pollution exposure; smoking; acceleration; adult; air pollutant; air pollution; air quality; air quality standard; alcohol consumption; Article; blood sampling; body mass; cardiovascular disease; concentration (parameter); controlled study; cross-sectional study; diabetes mellitus; DNA methylation; DNA methylation age; educational status; environmental exposure; epigenetic clock; epigenetics; epigenome; false discovery rate; female; follow up; geographic information system; human; hypertension; land use; lipid metabolism; long term exposure; longitudinal study; male; never smoker; particulate matter 10; particulate matter 2.5; particulate matter exposure; people by smoking status; physical activity; regression model; soot; telomere length; traffic noise; traffic pollution; ultrafine particulate matter; vulnerable population; World Health Organization; adverse event; aged; drug effect; exhaust gas; genetic epigenesis; genetics; Germany; middle aged; toxicity; Augsburg; Bavaria; Adult; Aged; Aging; Air Pollutants; Air Pollution; Environmental Exposure; Epigenesis, Genetic; Female; Humans; Male; Middle Aged; Traffic-Related Pollution; Vehicle Emissions","41202959","2-s2.0-105021483400"
"Teferi, H.M.; Shelton, R.C.; Conneely, K.N.; De Vivo, I.; Factor-Litvak, P.; Kezios, K.L.; Cirillo, P.M.; Cohn, B.; Link, B.G.; Suglia, S.F.","Teferi, Henok Mulatu (57812881400); Shelton, Rachel C. (24179070500); Conneely, Karen N. (9334492400); De Vivo, Immaculata (7003341293); Factor-Litvak, Pam R. (6603670889); Kezios, Katrina Lynn (55328375600); Cirillo, Piera M. (7004361890); Cohn, Barbara A. (7006370623); Link, Bruce George (7102802932); Suglia, Shakira Franco (13807133600)","57812881400; 24179070500; 9334492400; 7003341293; 6603670889; 55328375600; 7004361890; 7006370623; 7102802932; 13807133600","Allostatic load and biological aging among middle aged adults","2026","Psychoneuroendocrinology","10.1016/j.psyneuen.2025.107661","https://www.scopus.com/inward/record.uri?eid=2-s2.0-105021232384&doi=10.1016%2Fj.psyneuen.2025.107661&partnerID=40&md5=2fbd650874d0233802b01e4d75134bf2","[No abstract available]","cholesterol; adult; aging; allostasis; Article; blood pressure measurement; blood sampling; clinical assessment; cohort analysis; controlled study; diabetes mellitus; diastolic blood pressure; DNA extraction; epigenetic clock; epigenetics; female; groups by age; health disparity; high risk population; home visit; human; laboratory test; male; middle aged; real time polymerase chain reaction; sample size; social participation; sociodemographics; systolic blood pressure; telomere length; article","41223677","2-s2.0-105021232384"
"Yang, M.; Qiu, L.; He, H.; Gao, H.; Gao, Q.; Li, Y.; Ding, W.","Yang, Meng (60158630900); Qiu, Lin (57192904708); He, Hualiang (56390208000); Gao, Hongshuai (59181329200); Gao, Qiao (57193309155); Li, Youzhi (24070935200); Ding, Wenbing (55953635300)","60158630900; 57192904708; 56390208000; 59181329200; 57193309155; 24070935200; 55953635300","Non-consumptive effects of Cyrtorhinus lividipennis (Hemiptera: Miridae) on development, wing dimorphism, and reproduction in Sogatella furcifera (Hemiptera: Delphacidae)","2026","Biocontrol Science and Technology","10.1080/09583157.2025.2577653","https://www.scopus.com/inward/record.uri?eid=2-s2.0-105019951422&doi=10.1080%2F09583157.2025.2577653&partnerID=40&md5=33e7fe07344b970b13a3855f7e41a432","The white-backed planthopper (WBPH) Sogatella furcifera (Horváth) (Homoptera: Delphacidae) is a significant migratory pest of rice, and Cyrtorhinus lividipennis (Reuter) (Hemiptera: Miridae) is an important predatory natural enemy that targets planthopper eggs in rice fields. Although late nymphs of S. furcifera with greater mobility can effectively evade capture, it remains unclear whether non-consumptive effects (NCEs) of C. lividipennis affects survivors and how these effects are present. In this study, we selected 3rd to 5th instar nymphs of S. furcifera exposed to predation risk as a research model to explore the potential effect known as non-consumptive effects. Exposure to predation risk caused S. furcifera nymphs to delay their development, increased the proportion of long-winged adult females, and significantly reduced the number of eggs laid. Further analysis of physiological indices showed that key genes involved in wing-morph switching and ecdysone (20E) synthesis were downregulated after exposure to predation risk, accompanied by a significant decrease in the 20E titre in the 4th instar, which may represent a potential regulatory mechanism of planthoppers in response to predator stress. These results demonstrate that predation risk from C. lividipennis induces significant NCEs in S. furcifera. Populations exposed to this predation risk exhibit a significant increase in the proportion of long-winged individuals while simultaneously impairing developmental rates and reproductive output, a trade-off likely reflecting adaptive responses to predation risk. These findings provide useful data for monitoring pest populations in fields coexisting with natural enemies and for integrated pest management (IPM) in rice. © 2025 Informa UK Limited, trading as Taylor & Francis Group.","integrated pest management; natural enemy; phenotypic plasticity; predation risk; predator; reproduction; trade-off","","2-s2.0-105019951422"
"Xu, J.; Zhu, Z.; Dai, B.; Lin, M.; Yang, H.; Liu, S.; Nan, Z.","Xu, Jian (60152341000); Zhu, Zexin (59367679500); Dai, Bo (59368478500); Lin, Minghao (58499999700); Yang, Huhu (59367510200); Liu, Shilin (57189221847); Nan, Zheng (57530982900)","60152341000; 59367679500; 59368478500; 58499999700; 59367510200; 57189221847; 57530982900","Environmental chemical factors associated with human biological age acceleration: an interpretable machine learning study","2026","Archives of Gerontology and Geriatrics","10.1016/j.archger.2025.106058","https://www.scopus.com/inward/record.uri?eid=2-s2.0-105019529020&doi=10.1016%2Fj.archger.2025.106058&partnerID=40&md5=941ad62eb9907382e0ce368c8c7c75e3","This study utilized an interpretable machine learning (ML) framework to analyze data from 1693 adults in the 2015–2016 National Health and Nutrition Examination Survey (NHANES), investigating the association between 78 environmental chemicals and two biological age acceleration (BA-Accel) measures: KDM-BA-Accel and PhenoAge-Accel. The ML models demonstrated moderate predictive performance, with the best models achieving R² values between 0.20 and 0.27. Including chemical exposure data did not statistically improve model performance compared to baseline models with only demographic and clinical covariates. The analysis identified clinical factors like diabetes and body mass index (BMI) as the most significant predictors of BA-Accel. Concurrently, Shapley Additive Explanations (SHAP) analysis identified blood toluene (B_TOL), a urinary benzene metabolite (U_DHB), and urinary benzophenone-3 (U_BP3) as key chemical contributors. Furthermore, the framework revealed complex nonlinear relationships and potential synergistic interactions between these chemicals and BA-Accel. A sensitivity analysis confirmed a significant interaction between diabetes status and blood toluene. In conclusion, while single cross-sectional measurements of chemical exposures have limited utility for predicting individual aging rates, the applied ML approach provides a method to identify key chemicals within mixed exposures and characterize their complex modes of action, which can inform public health risk management. © 2025 Elsevier B.V.","glycated hemoglobin; benzophenone derivative; toluene; acceleration; Article; biological age; biometry; body mass; decision tree; deep learning; diabetes mellitus; environmental factor; exposome; fasting blood glucose level; feature selection; human; hypertension; least absolute shrinkage and selection operator; limit of detection; machine learning; major clinical study; metabolomics; physical activity; prediction; quality control; random forest; sensitivity analysis; Shapley additive explanation; support vector machine; adult; adverse event; aged; aging; blood; cross-sectional study; drug effect; environmental exposure; female; male; middle aged; nutrition; physiology; pollutant; urine; Adult; Aged; Aging; Benzophenones; Body Mass Index; Cross-Sectional Studies; Environmental Exposure; Environmental Pollutants; Female; Humans; Machine Learning; Male; Middle Aged; Nutrition Surveys; Toluene","41138291","2-s2.0-105019529020"
"Han, X.; Lv, Z.; He, M.; Wu, X.; Zhang, Y.; Lin, G.; Zou, D.; Liu, J.; Li, M.; Cheng, J.; Han, J.-J.; Huang, H.; Huang, S.","Han, Xu (56402238300); Lv, Ziquan (36151077700); He, Mei'an (59680835100); Wu, Xuli (8978923700); Zhang, Yanwei (49862507400); Lin, Guimiao (55354509300); Zou, Dongju (59659883400); Liu, Jinling (59659320600); Li, Meilin (59660261600); Cheng, Jinquan (7405939143); Han, Jungjun (60139526900); Huang, Hui (58388519700); Huang, Suli (54402870900)","56402238300; 36151077700; 59680835100; 8978923700; 49862507400; 55354509300; 59659883400; 59659320600; 59660261600; 7405939143; 60139526900; 58388519700; 54402870900","Metals exposure, biological aging and metabolic syndrome: exploring the associations and mediation effects","2026","Journal of Nutritional Biochemistry","10.1016/j.jnutbio.2025.110130","https://www.scopus.com/inward/record.uri?eid=2-s2.0-105018719830&doi=10.1016%2Fj.jnutbio.2025.110130&partnerID=40&md5=c0278065385a19a0649f8b9a44a67915","Metals disequilibrium is crucial in the progress of metabolic syndrome (MetS), whereas the underlying mechanism remains largely unclear. Aging is closely related with the major diseases, and recent studies show environmental exposure also accelerate aging. Therefore, we aimed at investigating the mediation impact of biological age (BA) on relationships of metals exposure with MetS risk. A cross-sectional study with 1,504 participants was conducted. BA predictors were established by Klemera and Doubal method (KDM) and Mahalanobis distance, based on clinical measures. KDM-accel [the residual difference of regressing KDM-BA to chronological age] and physiological dysregulation (PD) were further calculated and recorded as biological aging indexes (BAIs). Seven plasma metals (calcium, cobalt, copper, magnesium, molybdenum, selenium, and zinc), reported to be linked with MetS in our preceding study, were involved. Multivariate linear and logistic regression models were performed to evaluate the relationships of BAIs with metals exposure or MetS risk, respectively. The mediation effect of BA linking metals to MetS was also explored. Quantiles of magnesium, molybdenum, and cobalt showed significant negative relationships with MetS risk and two BAIs (all p-trend<0.05). Significant positive associations were observed for two BAIs and MetS risk (P<.001). Mediation analysis showed that BAIs mediated 19.15% and 13.23% of the negative associations between plasma molybdenum, magnesium and MetS risk, respectively. Our findings suggested that essential metals might reduce MetS risk via decelerating biological aging, emphasizing the significance of essential metals in prevention of aging and MetS. © 2025 The Author(s)","calcium; cobalt; copper; magnesium; metal; molybdenum; selenium; zinc; adult; aged; aging; Article; biological age; cohort analysis; controlled study; cross-sectional study; female; human; major clinical study; male; metabolic syndrome X; risk; adverse event; blood; environmental exposure; epidemiology; etiology; middle aged; risk factor; Adult; Aged; Aging; Cobalt; Cross-Sectional Studies; Environmental Exposure; Female; Humans; Magnesium; Male; Metabolic Syndrome; Metals; Middle Aged; Molybdenum; Risk Factors","40998091","2-s2.0-105018719830"
"Kim, S.; Park, J.","Kim, Seungkyu (60069164800); Park, Jongmin (57192388385)","60069164800; 57192388385","Sex-Specific Factors Influencing GrimAge Acceleration in Middle-Aged Korean Adults","2026","Biological Research for Nursing","10.1177/10998004251370671","https://www.scopus.com/inward/record.uri?eid=2-s2.0-105014196230&doi=10.1177%2F10998004251370671&partnerID=40&md5=f492438c155744155504644a65f06b5f","Background: Middle-aged adults experience degenerative aging-related changes, often differing by sex. Research identifying sex-specific factors contributing to biological aging among middle-aged adults remains limited. This study aimed to identify sex-specific factors influencing GrimAge acceleration (GrimAA), a DNA methylation-based estimator of biological aging, among middle-aged Korean adults. Methods: Data were derived from the Korean Genome and Epidemiology Study (KoGES) cohort involving 686 middle-aged adults (422 men and 264 women). GrimAA was calculated from DNA methylation data using the GrimAge epigenetic clock. Demographic, lifestyle, clinical, and psychosocial stress variables were assessed, and sex-specific factors influencing GrimAA were identified through hierarchical multiple regression models. Results: In men, higher GrimAA was significantly associated with current smoking, current drinking, physical inactivity, and elevated Hs-CRP or HbA1C levels, whereas among women, early menopause (<50 years) emerged as a notable factor related to increased GrimAA. Hierarchical regression analyses revealed that chronological age, current smoking, and Hs-CRP were robust predictors of GrimAA in men, whereas GrimAA in women was significantly predicted by current smoking and Hs-CRP. Conclusion: Sex differences in GrimAA may result from the interplay of lifestyle behaviors, inflammatory biomarkers, and hormonal factors. Targeted interventions addressing these sex-specific determinants could be effective strategies to mitigate biological aging acceleration among middle-aged adults. © The Author(s) 2025","aging; DNA methylation; female; genetics; human; male; middle aged; physiology; sex factor; South Korea; Aging; DNA Methylation; Female; Humans; Male; Middle Aged; Republic of Korea; Sex Factors","40854540","2-s2.0-105014196230"
"Iyer, K.K.; Roberts, J.A.; Waak, M.; Vogrin, S.J.; Kevat, A.; Chawla, J.; Haataja, L.M.; Lauronen, L.; Vanhatalo, S.; Stevenson, N.J.","Iyer, Kartik K. (36841420800); Roberts, James A. (57189219407); Waak, Michaela (57195267271); Vogrin, Simon J. (6603450943); Kevat, Ajay Chintan (36657276200); Chawla, Jasneek K. (56816601100); Haataja, Leena M. (7003607253); Lauronen, Leena M. (6603591424); Vanhatalo, Sampsa (7005870452); Stevenson, Nathan J. (15924307900)","36841420800; 57189219407; 57195267271; 6603450943; 36657276200; 56816601100; 7003607253; 6603591424; 7005870452; 15924307900","Age prediction from infancy to adolescence at the onset of N2 sleep using an ECG-derived tachogram","2026","Biomedical Signal Processing and Control","10.1016/j.bspc.2025.108234","https://www.scopus.com/inward/record.uri?eid=2-s2.0-105010688195&doi=10.1016%2Fj.bspc.2025.108234&partnerID=40&md5=df5fc927bd8a681b9730c790438f58e3","Background: Biological age is a key concept in the development of biomarkers of health and disease. We develop a prediction of the functional autonomic age (FAA) from infancy to adolescence based on the ECG-derived tachogram recorded at the onset of N2 sleep. Methods: A cohort of ECG recordings from 1004 typically developing infants, children and adolescents (age range: 1 month to 17 years) was used to train feature-based and deep neural network-based regression models for the prediction of FAA. Weighted mean absolute error (wMAE) was used to define accuracy and evaluated with 10-fold cross-validation. Effect size was used to compare model accuracies and linear regression was used to evaluate confounds. The combination of FAA with an EEG-based estimate of functional brain age (FBA) was also tested. Results: A feature-based FAA had a wMAE of 1.78 years (95 %CI: 1.62–1.93, n = 1004) and was comparable to deep neural network regression (wMAE = 1.85 years, 95 %CI: 1.66–1.98). Accuracy was affected by age and age2 (t = -4.97, p < 0.001 and t = 9.66, p < 0.001, respectively) with smaller errors at younger ages, but not biological sex (t = -0.660, p = 0.510). Combining the FAA with a functional brain age derived from the EEG resulted improved accuracy, with neural networks-based methods superior (wMAE of 0.81 years, 95 %CI: 0.73–0.88, effect size D = 0.77, 95 %CI: 0.70–0.84, n = 1004). Conclusion: FAA derived from the tachogram accurately represents age from infancy to adolescence. The combination of FAA with FBA improves age prediction accuracy. © 2025 Elsevier Ltd","Brain; Electrocardiography; Electroencephalography; Forecasting; Gaussian distribution; Gaussian noise (electronic); Neurophysiology; Pediatrics; Regression analysis; Age predictions; Autonomics; Childhood development; Feature-based; Functionals; Gaussian process regression; Mean absolute error; Neural-networks; Tachograms; Weighted mean; Deep neural networks; accuracy; adolescence; adolescent; age; Article; artificial intelligence; child; clinical evaluation; cohort analysis; comparative study; controlled study; cross validation; deep neural network; effect size; electrocardiogram; electrocardiography; electroencephalogram; electroencephalography; female; functional brain age; human; infancy; infant; major clinical study; male; mean absolute error; nerve cell network; prediction; stage 2 sleep; tachogram","","2-s2.0-105010688195"
"Saad, R.; Costeira, R.; Matias-Garcia, P.R.; Villicaña, S.; Gieger, C.; Suhre, K.; Peters, A.; Kastenmüller, G.; Rodríguez-Mateos, A.; Dias, C.; Menni, C.; Waldenberger, M.; Bell, J.T.","Saad, Ramy (57217041338); Costeira, Ricardo (57217112186); Matias-Garcia, Pamela R. (57213588615); Villicaña, Sergio (6507451428); Gieger, Christian (55138342700); Suhre, Karsten (56188100500); Peters, Annette Michael (7402105900); Kastenmüller, Gabi (6507055294); Rodríguez-Mateos, Ana M. (13005658500); Dias, Cristina (7102469064); Menni, Cristina (25622426300); Waldenberger, Melanie (57197777520); Bell, Jordana T. (56662646100)","57217041338; 57217112186; 57213588615; 6507451428; 55138342700; 56188100500; 7402105900; 6507055294; 13005658500; 7102469064; 25622426300; 57197777520; 56662646100","Theobromine is associated with slower epigenetic ageing","2025","Aging","10.18632/aging.206344","https://www.scopus.com/inward/record.uri?eid=2-s2.0-105026259776&doi=10.18632%2Faging.206344&partnerID=40&md5=34d8428461500c1f1eb5ab093dedb7cd","Theobromine, a commonly consumed dietary alkaloid derived from cocoa, has been linked to extended lifespan in model organisms and to health benefits in humans. We examined associations between circulating levels of theobromine intake, measured using serum metabolomics, and blood-based epigenetic markers of biological ageing in two European human population-based cohorts. Serum theobromine levels were significantly associated with reduced epigenetic age acceleration, as measured by GrimAge (p < 2e-7) and DNAmTL (p < 0.001) in 509 individuals from the TwinsUK cohort, and both signals replicated in 1,160 individuals from the KORA cohort (p = 7.2e-08 and p = 0.007, respectively). Sensitivity analyses including covariates of other cocoa and coffee metabolites suggest that the effect is specific to theobromine. Our findings indicate that the reported beneficial links between theobromine intake on health and ageing extend to the molecular epigenetic level in humans. ©: © 2025 Saad et al.","theobromine; adult; aged; aging; blood; cohort analysis; DNA methylation; drug effect; female; genetic epigenesis; genetics; human; male; middle aged; Adult; Aged; Aging; Cohort Studies; DNA Methylation; Epigenesis, Genetic; Female; Humans; Male; Middle Aged; Theobromine","41397115","2-s2.0-105026259776"
"Liu, R.; Liu, M.; Wang, C.; Tao, Z.; Hu, G.","Liu, Rundong (58897316700); Liu, Mingjie (59455983200); Wang, Chendong (59493939200); Tao, Zhen (53986818600); Hu, Guangyuan (55211139400)","58897316700; 59455983200; 59493939200; 53986818600; 55211139400","Association of systemic immune-inflammation index (SII) with epigenetic age acceleration in adults: insights from NHANES","2025","Epigenetics","10.1080/15592294.2025.2541248","https://www.scopus.com/inward/record.uri?eid=2-s2.0-105012453130&doi=10.1080%2F15592294.2025.2541248&partnerID=40&md5=4c1e6f3cd01c5e64213f842e6f20899a","The Systemic Immune-Inflammation Index (SII), a marker of systemic inflammation, has been linked to various age-related diseases, but its association with Epigenetic Age Acceleration (EAA) remains underexplored. This study aimed to investigate the SII and EAA relationship. We analysed data from 1,915 participants from the National Health and Nutrition Examination Survey (NHANES). SII was calculated as platelet count × (neutrophil count/lymphocyte count). EAA was defined as HorvathAccel, HannumAccel, Skin&BloodAccel, PhenoAgeAccel, GrimAge2Accel, and DunedinPoAm. These metrics were derived utilizing the residual method. Multivariate linear regression, smooth curve fitting, threshold effect analyses, and subgroup analyses were employed to assess the relationship between the SII and EAA. Higher SII levels were significantly associated with HannumAccel, PhenoAgeAccel, GrimAge2Accel, and DunedinPoAm. Threshold effect analyses revealed non-linear relationships, with inflection points at SII values of 24.200, 12.553, 7.766, and 10.133, respectively. Subgroup analyses identified sex, age, poverty-to-income ratio, and marital status as significant effect modifiers. The elevated SII was associated with accelerated epigenetic ageing. © 2025 The Author(s). Published by Informa UK Limited, trading as Taylor & Francis Group.","genomic DNA; acceleration; adult; alcohol consumption; Article; blood sampling; body mass; demographics; diabetes mellitus; DNA extraction; DNA methylation; epigenetics; female; geriatric disorder; human; hypertension; lymphocyte count; major clinical study; male; neutrophil count; platelet count; systemic immune inflammation index; aged; aging; genetic epigenesis; genetics; immunology; inflammation; middle aged; nutrition; Adult; Aged; Aging; Epigenesis, Genetic; Female; Humans; Inflammation; Male; Middle Aged; Nutrition Surveys","40758856","2-s2.0-105012453130"
"Vasconcelos, A.G.; Johnson, M.; Cai, Y.; Hsu, L.; Franceschini, N.; Auer, P.L.; Kooperberg, C.; Raffield, L.M.; Reiner, A.P.","Vasconcelos, Ana Gabriela (59146930500); Johnson, Mari (57219920611); Cai, Yanwei (57194465158); Hsu, Li (57200496758); Franceschini, Nora (7006270916); Auer, Paul Livermore (57211450500); Kooperberg, Charles L. (57554219700); Raffield, Laura Marie (55769881800); Reiner, Alexander Paul (55568517715)","59146930500; 57219920611; 57194465158; 57200496758; 7006270916; 57211450500; 57554219700; 55769881800; 55568517715","Methylation profile of individuals with sickle cell trait","2025","Epigenetics","10.1080/15592294.2025.2539234","https://www.scopus.com/inward/record.uri?eid=2-s2.0-105012451487&doi=10.1080%2F15592294.2025.2539234&partnerID=40&md5=56f78ab882c39945ef28fe661ae45739","Sickle cell trait (SCT) is due to heterozygosity for the β-globin sickle cell mutation. SCT recently has been associated with increased risk of various adverse health outcomes. DNA methylation (DNAm) is one potential mechanism by which SCT may impact disease risk. To identify DNAm sites associated with SCT, we conducted an epigenome-wide association (EWAS) meta-analysis using whole blood Illumina EPIC array data available in a total of 3,677 African American participants (including 1,071 with SCT) from the Women’s Health Initiative and Jackson Heart Study. We identified 103 differentially methylated CpGs and 119 differentially methylated regions associated with SCT. The strongest signals were hypermethylated cis loci within predicted regulatory elements within or near the β-globin gene cluster on chromosome 11. Beyond the globin locus, SCT-associated DMPs were enriched in genes involved in redox regulation and oxidative stress. We also demonstrate an association of SCT with differences in biological age and epigenetic age acceleration, though the pattern and strength of association differ according to the epigenetic clock used. Specifically, more recent epigenetic clocks that incorporate clinical phenotypes or laboratory biomarkers related to adverse health outcomes are associated with accelerated aging among individuals with SCT compared to African American controls. Our results lay the groundwork for future study of the role of DNAm in biologic aging and related health outcomes among individuals with SCT. © 2025 The Author(s). Published by Informa UK Limited, trading as Taylor & Francis Group.","biological marker; glutathione; hemoglobin; reduced nicotinamide adenine dinucleotide phosphate oxidase 4; transcription factor; hemoglobin beta chain; adult; aged; Article; CD8+ T lymphocyte; chromosome 1; chromosome 6; chronic kidney failure; cohort analysis; DNA methylation; epigenome; female; gene expression; gene mapping; genome-wide association study; genotype; genotyping; globin gene; hematocrit; hematopoiesis; heterozygosity; human; pathway enrichment analysis; phenotype; physiological stress; principal component analysis; quality control; risk factor; RNA extraction; sickle cell trait; single nucleotide polymorphism; whole genome sequencing; women's health; African American; Caucasian; CpG island; genetic epigenesis; genetics; male; meta analysis; middle aged; Adult; beta-Globins; Black or African American; CpG Islands; DNA Methylation; Epigenesis, Genetic; Epigenome; Female; Genome-Wide Association Study; Humans; Male; Middle Aged; Sickle Cell Trait; White","40758858","2-s2.0-105012451487"
"Jiang, S.; Hu, L.; Cheng, H.-Y.; Yao, X.; Long, L.; Liao, J.-Q.; Jiang, X.; Zhang, T.; Li, J.-Y.","Jiang, Shuang (59895991600); Hu, Lin (57222018094); Cheng, Huaying (60261573000); Yao, Xin (60261976800); Long, Lu (60122764500); Liao, Jiaqiang (57194504922); Jiang, Xia (55235217100); Zhang, Tao (57116769800); Li, Jiayuan (36010890100)","59895991600; 57222018094; 60261573000; 60261976800; 60122764500; 57194504922; 55235217100; 57116769800; 36010890100","Impact of physical activity structure on phenotypic age acceleration in older adults using compositional data analysis; 基于成分数据分析的老年人群体力活动类型 对表型生物年龄加速的影响","2025","Modern Preventive Medicine","10.20043/j.cnki.MPM.202505185","https://www.scopus.com/inward/record.uri?eid=2-s2.0-105026297796&doi=10.20043%2Fj.cnki.MPM.202505185&partnerID=40&md5=ba52757ae1f78b4ef1cf4b4e443008a2","Objective This study aims to explore the effects of total physical activity (PA) and its structural composition on phenotypic age acceleration ( PhenoAgeAccel) in older adults, providing a scientific basis for intervening in aging through optimizing PA structure. Methods A cross - sectional study was conducted involving 7 016 older adults aged 60 years and above from the West China Health and Aging Cohort Study. Weekly PA levels and their domain - specific proportions ( work, transportation, recreation) were assessed using the Global Physical Activity Questionnaire-2 (GPAQ -2 ) . PhenoAgeAccel was calculated as the residual of chronological age regressed on PhenoAge. Multiple linear regression models were employed to analyze the effects of total PA on PhenoAgeAccel, controlling for demographic characteristics, anthropometric indices, lifestyle factors, and chronic diseases, followed by subgroup analyses. Isometric log -ratio transformation (ILR) in compositional data analysis ( CoDA) and isotemporal substitution model were applied to analyze the effects of the proportion of different PA types. Results Total PA was negatively correlated with PhenoAgeAccel. Each 1 - standard deviation increase in total PA was associated with a 0. 32 - year reduction in PhenoAgeAccel (/3 = - 0.32, 95% CI; - 0.46 - - 0.18 ) . Subgroup analyses showed that increasing PA could more effectively delay aging in elderly individuals aged 60 - 70 years, those with obesity, non-smokers, and those with baseline hypertension, diabetes mellitus, or dyslipidemia. There were differential contributions among PA types. When 1 % of leisure activity replaced work activity, PhenoAgeAccel decreased by 0. 031 years (/3 = - 0.031, 95 % CI: - 0. 057 - - 0.006 ). When 1 % of leisure activity replaced transport activity, PhenoAgeAccel decreased by 0. 034 years (/3 = - 0 . 034, 95%CI; -0.059 - 0 .010). The substitution effect between the proportion of work activity and that of transport activity was not statistically significant. Conclusion Increasing total PA and optimizing PA types can slow down PhenoAgeAccel, and recreation activities replacing work or transport activities have prominent effects in delaying aging. Promoting a physical activity pattern centered on recreational activities is recommended to reduce the risk of aging - related diseases. © 2025 Editorial Office of Modern Preventive Medicine. All rights reserved.","","","2-s2.0-105026297796"
"Chen, M.; Gao, Q.; Zhu, X.; Zhang, J.; Xia, R.; Zhang, Q.","Chen, Mengke (59720249300); Gao, Qingmei (58762158200); Zhu, Xinfang (24328098300); Zhang, Jun (57412565700); Xia, Rong (35735344100); Zhang, Qi (59447347800)","59720249300; 58762158200; 24328098300; 57412565700; 35735344100; 59447347800","Dietary inflammatory index and depressive symptoms as mediators between social disadvantage and accelerated phenotypic aging","2025","Journal of Affective Disorders","10.1016/j.jad.2025.119995","https://www.scopus.com/inward/record.uri?eid=2-s2.0-105012176301&doi=10.1016%2Fj.jad.2025.119995&partnerID=40&md5=1f04a5a29db4fa2149f19a99ecb161ab","Socially disadvantaged populations are at higher risk for adverse health outcomes. Psychosocial and lifestyle factors may serve as key pathways linking socioeconomic status to biological aging. However, evidence regarding the relationship between social disadvantage and accelerated aging remains limited. This study aimed to investigate the association between social disadvantage and accelerated phenotypic aging, and to further examine the mediating roles of the Dietary Inflammatory Index (DII) and depression symptom scores. A total of 5747 participants from the 2005–2010 National Health and Nutrition Examination Survey (NHANES) were included. Weighted logistic regression models were used to assess the association between social disadvantage and accelerated phenotypic aging, while mediation analyses evaluated the indirect effects of DII and depressive symptoms. After multivariable adjustment, social disadvantage was significantly associated with a 41 % increased risk of accelerated phenotypic aging (OR = 1.41, 95 % CI: 1.08–1.83, P = 0.013). Mediation analyses revealed that both DII and depressive symptoms significantly mediated this association, accounting for 11.3 % and 20.1 % of the total effect, respectively (both P < 0.001). The association between social disadvantage and accelerated aging was generally consistent across subgroups, except among individuals with cardiovascular disease (CVD) (P for interaction < 0.05). Sensitivity analyses based on multiple imputation or using PhenoAgeAccel as a continuous outcome yielded similar results. These findings suggest that social disadvantage increases the risk of accelerated phenotypic aging, potentially mediated in part by pro-inflammatory dietary patterns and depressive symptoms. © 2025 Elsevier B.V.","albumin; alkaline phosphatase; C reactive protein; creatinine; glucose; adult; age; aged; aging; alcohol consumption; Article; cardiovascular disease; comorbidity; controlled study; depression; diabetes mellitus; disadvantaged population; ex-smoker; female; human; hypertension; income; leukocyte count; lifestyle; lymphocyte percentage; major clinical study; male; malignant neoplasm; mean corpuscular volume; never smoker; people by smoking status; phenotype; red blood cell distribution width; social aspect; social psychology; social status; social stratification; diet; epidemiology; inflammation; middle aged; nutrition; premature aging; psychology; risk factor; social class; Adult; Aged; Aging; Aging, Premature; Cardiovascular Diseases; Depression; Diet; Female; Humans; Inflammation; Male; Middle Aged; Nutrition Surveys; Phenotype; Risk Factors; Social Class","40749804","2-s2.0-105012176301"
"Zhang, Z.; Ren, H.; Cheng, Y.; Qiu, H.; Luo, Q.; Zhao, Y.; Yu, J.; Jiang, C.","Zhang, Zheng (59801650000); Ren, Hao (58608832700); Cheng, Yongjia (60016920900); Qiu, Haitang (35976909400); Luo, Qinghua (22958337100); Zhao, Yuan (59247512400); Yu, Jiangyou (59247968500); Jiang, Chenggang (55842361900)","59801650000; 58608832700; 60016920900; 35976909400; 22958337100; 59247512400; 59247968500; 55842361900","Sleep disorders and aging: Mendelian randomization analysis of epigenetic and frailty markers","2025","Journal of Affective Disorders","10.1016/j.jad.2025.119989","https://www.scopus.com/inward/record.uri?eid=2-s2.0-105011848795&doi=10.1016%2Fj.jad.2025.119989&partnerID=40&md5=3c5c307d64c92534676178c1efb3822f","Background: Sleep disorders—including daytime sleepiness (DS), insomnia, and sleep apnea (SA)—have been linked to aging-related phenotypes, but their causal roles remain unclear. This study aimed to examine the potential causal effects of these sleep traits on biological aging using a Mendelian randomization (MR) approach. Methods: We conducted two-sample MR analyses using genetic instruments from large-scale genome-wide association studies (GWAS) for DS, insomnia, and SA. The inverse-variance weighted (IVW) method was the primary analytical approach, with sensitivity analyses performed for validation. Aging-related outcomes included intrinsic epigenetic age acceleration (IEAA), GrimAge, HannumAge, PhenoAge, telomere length, facial aging, frailty index, and cognitive performance. False discovery rate (FDR) correction was applied for multiple testing. Results: DS was significantly associated with increased frailty index (β = 0.33, 95 % CI: 0.09–0.57, PFDR = 0.045). Insomnia showed significant associations with both IEAA (β = 1.57, 95 % CI: 0.40–2.73, PFDR = 0.035) and frailty index (β = 0.42, 95 % CI: 0.23–0.61, PFDR <0.001). SA was significantly associated with facial aging (β = 0.03, 95 % CI: 0.01–0.06, PFDR = 0.016) and frailty index (β = 0.09, 95 % CI: 0.02–0.16, PFDR = 0.028). No significant associations were found for telomere length, GrimAge, PhenoAge, or cognitive performance. Conclusions: This MR study supports potential causal effects of insomnia on epigenetic aging and frailty. DS and SA were also linked to increased frailty, and SA further associated with facial aging. These findings underscore the importance of sleep health in mitigating age-related biological decline. © 2025 Elsevier B.V.","adult; age; aged; aging; Article; cohort analysis; conceptual model; daytime somnolence; epigenetics; false discovery rate; female; frailty; genetic variability; genome-wide association study; human; insomnia; instrumental variable analysis; major clinical study; male; Mendelian randomization analysis; mental performance; sensitivity analysis; sleep apnea syndromes; sleep disorder; telomere length; genetic epigenesis; genetics; middle aged; Aged; Aging; Epigenesis, Genetic; Female; Frailty; Genome-Wide Association Study; Humans; Male; Mendelian Randomization Analysis; Middle Aged; Sleep Apnea Syndromes; Sleep Initiation and Maintenance Disorders; Sleep Wake Disorders","40738335","2-s2.0-105011848795"
"Wang, X.; Liu, C.; Li, G.; Tian, S.; Peng, W.; Liu, P.","Wang, Xiaoqiao (60242355400); Liu, Chang (60139080200); Li, Guixia (57955592900); Tian, Shuyan (60242560800); Peng, Wujian (35368942100); Liu, Peijia (57215717494)","60242355400; 60139080200; 57955592900; 60242560800; 35368942100; 57215717494","Associations of dietary flavones, particularly apigenin and luteolin, with phenotypic age acceleration: A cross-sectional study using NHANES data","2025","Medicine (United States)","10.1097/MD.0000000000046520","https://www.scopus.com/inward/record.uri?eid=2-s2.0-105024984119&doi=10.1097%2FMD.0000000000046520&partnerID=40&md5=529e2de34379f993c8a8a4536e09c052","Specific flavone subclasses, particularly apigenin and luteolin, exhibit potent anti-aging properties mediated by their anti-inflammatory and antioxidant activities. However, epidemiological evidence relating these bioactive compounds to phenotypic age acceleration (PhenoAgeAccel) remains limited. We analyzed data from 10, 789 US adults participating in the National Health and Nutrition Examination Survey 2007–2010 and 2017–2018 cycles. PhenoAgeAccel was calculated as the residuals from regressing phenotypic age (based on inflammatory and metabolic biomarkers) on chronological age, where positive values indicated accelerated aging. Intakes of total flavones, apigenin, and luteolin were quantified using 24-h dietary recalls. Weighted multivariable logistic regression models were used to assess associations between flavone intakes and PhenageAccel, with comprehensive adjustments for potential confounders. Restricted cubic spline models were employed to evaluate non-linear relationships. Higher total flavone intake was associated with a dose-dependent decrease in PhenoAgeAccel (P-trend < .001). In fully adjusted models, each log-unit increase (equivalent to 2.7-fold higher intake) in flavone intake corresponded to a 9.6% reduction in the odds of PhenoAgeAccel (odds ratio [OR] = 0.904, 95% confidence interval: 0.859–0.953). Similar inverse associations were observed for apigenin (Q4 vs Q1: OR = 0.647, P = .002) and luteolin (Q4 vs Q1: OR = 0.736, P = .011). Significant non-linear dose-response relationships were observed for all flavones (P-nonlinearity < 0.001). Subgroup analyses unveiled consistent associations across age, sex, and cardiometabolic status (all P-interaction > 0.05). In this nationally representative sample, higher dietary intakes of flavones, particularly apigenin and luteolin, were strongly associated with reduced PhenoAgeAccel. These findings suggest the potential role of flavones as modifiable dietary factors for healthy aging. © 2025","apigenin; flavone; flavone derivative; luteolin; adult; aging; alcohol consumption; antiaging activity; antioxidant activity; Article; cardiometabolic risk; cardiometabolic risk factor; clinical outcome; controlled study; cross-sectional study; dietary intake; dose response; educational status; female; healthy aging; human; major clinical study; male; marriage; nonlinear system; phenotype; physical activity; prevalence; quantitative analysis; reduction (chemistry); smoking; aged; diet; drug effect; middle aged; nutrition; United States; Adult; Aged; Aging; Apigenin; Cross-Sectional Studies; Diet; Female; Flavones; Humans; Luteolin; Male; Middle Aged; Nutrition Surveys; Phenotype","41398778","2-s2.0-105024984119"
"Žaliene, L.; Varpiotė, V.","Žaliene, L. (57203179988); Varpiotė, Vilija (60252380100)","57203179988; 60252380100","The Effect of Ayurvedic Panchakarma Therapy on Body Mass Index, Blood Parameters, and Quality of Life in Individuals of Different Constitutional Types: A Pilot Study; Pančakarmos terapijos ir ajurvedinės mitybos poveikis kūno masės indeksui, kraujo rodikliams ir gyvenimo kokybei pagal kūno sudėjimo tipus: pilotinis tyrimas","2025","Reabilitacijos Mokslai: Slauga, Kineziterapija, Ergoterapija","10.33607/rmske.v2i33.1735","https://www.scopus.com/inward/record.uri?eid=2-s2.0-105025672782&doi=10.33607%2Frmske.v2i33.1735&partnerID=40&md5=1cfc75c55672692dd053ad066698528d","Background. Panchakarma therapy and Ayurvedic nutrition are traditional interventions increasingly evaluated for their role in metabolic and psychosocial health. However, limited evidence exists regarding their effects when stratified by Prakriti (constitutional) Vata, Pitta, Kapha types. Aim. To evaluate the impact of a 14-day Panchakarma intervention combined with a plant-based Ayurvedic diet on body composition, metabolic markers, and quality of life, stratified by Prakriti type. Methods. A pre–post interventional study was conducted with 12 female participants (mean age 54.2 ± 7.9 years). All underwent a 14-day Panchakarma therapy at a certified Ayurvedic centre, combined with personalised dietary guidance. Body composition, blood markers (glucose and lipid profile), and quality of life (SF-36 questionnaire) were assessed before and after the intervention. Changes were analysed within and between groups, and effect sizes were calculated to estimate clinical significance. Results. Statistically significant improvements were observed in overall quality of life, vitality, mental health, and physical functioning. Body weight, BMI, fat mass, biological age, and fasting glucose decreased significantly. Effect size analyses confirmed clinically meaningful changes, with large effects for glucose reduction and medium effects for BMI and fat mass. Improvements were particularly pronounced among Kapha participants, consistent with their predisposition to metabolic imbalance. Pitta participants demonstrated normalisation of cholesterol values, while Vata participants showed improvements in quality of life domains without statistical significance due to small subgroup size. Conclusions. Panchakarma therapy combined with Ayurvedic nutrition improved physiological and psychosocial outcomes, with the greatest benefits observed among Kapha participants. These findings highlight the importance of individualised, Prakriti-based approaches. Larger and longer-term studies with control groups are needed to confirm these results and further evaluate Ayurveda’s potential as a complementary strategy in modern healthcare. © 2025 Laura Žalienė, Vilija Varpiotė.","","","2-s2.0-105025672782"
"Srivatsa, S.; Rice, N.; Pike, J.R.; Smith, J.A.; Ding, J.; Liu, Y.; Budoff, M.; Bey, G.S.","Srivatsa, Shantanu (57195225496); Rice, Noah (60247750500); Pike, James Russell (57190184350); Smith, Jennifer A. (57218091490); Ding, Jingzhong (7402608341); Liu, Yongmei (58871676000); Budoff, Matthew Jay (59616153000); Bey, Ganga S. (57200309743)","57195225496; 60247750500; 57190184350; 57218091490; 7402608341; 58871676000; 59616153000; 57200309743","Epigenetic Aging Clocks and Incident Cardiovascular Outcomes: Results From the MESA","2025","Journal of the American Heart Association","10.1161/JAHA.125.044946","https://www.scopus.com/inward/record.uri?eid=2-s2.0-105025218534&doi=10.1161%2FJAHA.125.044946&partnerID=40&md5=81f2fc4df36ff4aec1c05633e54b8ad1","BACKGROUND: DNA methylation-based aging clocks capture biological aging processes and may improve cardiovascular risk prognostication. However, evidence about epigenetic aging clocks, incident outcomes, and interactions with clinical biomarkers such as coronary artery calcium (CAC) in diverse cohorts are limited. METHODS: In this retrospective cohort study, we assessed 1264 MESA (Multi-Ethnic Study of Atherosclerosis) participants (mean age, 69 years; 49% men) who provided DNA at examination 5 (2010–2012). Epigenetic clock measures included GrimAge and age acceleration (the residual of GrimAge on chronological age). Outcomes included incident myocardial infarction, coronary heart disease, stroke, heart failure (HF) subtypes, and composite cardiovascular disease through 2019. Cox proportional hazards models adjusted for demographics, behaviors, comorbidities, and medications and stratified by CAC presence. RESULTS: During a median 8.3 years of follow-up, 223 cardiovascular disease, 76 myocardial infarction, 148 coronary heart disease, 21 stroke, and 109 HF events (49 HF with reduced ejection fraction, 14 HF with mildly reduced ejection fraction, 46 HF with preserved ejection fraction) occurred. In fully adjusted models, GrimAge was independently associated with higher risk of composite cardiovascular disease (hazard ratio [HR], 1.05 [95% CI, 1.02–1.08]), stroke (HR, 1.08 [95% CI, 1.04–1.13]), and HF with mildly reduced ejection fraction (HR, 1.31 [95% CI, 1.13–1.53]). Associations with myocardial infarction attenuated after full adjustment in those without baseline CAC but remained significant among those with baseline CAC?>0 (myocardial infarction: HR, 1.09 [95% CI, 1.03–1.16]). CONCLUSIONS: Aging clocks may capture cardiovascular risk beyond traditional risk factors and work in concert with subclinical disease measures such as CAC. However, given small numbers of stroke/HF subtypes, replication of these results in other populations is needed to assess whether interventions that slow epigenetic aging or target CAC translate into fewer clinical events. © 2025 The Author(s). Published on behalf of the American Heart Association, Inc., by Wiley. This is an open access article under the terms of the Creative Commons Attribution-NonCommercial- NoDerivs License, which permits use and distribution in any medium, provided the original work is properly cited, the use is non-commercial and no modifications or adaptations are made.","biological marker; C reactive protein; cholesterol; hemoglobin A1c; low density lipoprotein cholesterol; triacylglycerol; adult; aged; aging; Article; atherosclerosis; blood pressure; body mass; cardiovascular disease; cardiovascular risk; cerebrovascular accident; chronic kidney failure; cohort analysis; controlled study; coronary artery disease; diastolic blood pressure; epigenetics; estimated glomerular filtration rate; female; follow up; genotype; heart infarction; human; hyperlipidemia; hypertension; incidence; major clinical study; male; middle aged; mortality; obesity; outcome assessment; phenotype; prevalence; prospective study; receiver operating characteristic; risk factor; sensitivity analysis; smoking; systolic blood pressure; waist circumference; age; clinical trial; diagnosis; DNA methylation; epidemiology; genetic epigenesis; genetics; heart disease risk factor; multicenter study; retrospective study; risk assessment; United States; very elderly; Age Factors; Aged; Aged, 80 and over; Aging; Cardiovascular Diseases; DNA Methylation; Epigenesis, Genetic; Female; Heart Disease Risk Factors; Humans; Incidence; Male; Middle Aged; Retrospective Studies; Risk Assessment; Risk Factors","41368835","2-s2.0-105025218534"
"Yang, J.; Liu, H.; Zhao, W.; Liu, T.","Yang, Jia (59988511500); Liu, Haifeng (59987165400); Zhao, Weimin (60123114400); Liu, Tiejun (60188631200)","59988511500; 59987165400; 60123114400; 60188631200","Sex differences in the association between fatty liver index and biological aging: A mediation analysis of insulin resistance in a cross-sectional study","2025","Medicine (United States)","10.1097/MD.0000000000046152","https://www.scopus.com/inward/record.uri?eid=2-s2.0-105024385768&doi=10.1097%2FMD.0000000000046152&partnerID=40&md5=ed6dd2cce166ead51e6cfd7050662301","Aging challenges global healthcare systems, with fatty livers potentially relevant to the process. This study sought to investigate the sex-specific associations of fatty liver index (FLI) with biological aging (BA), assessed via phenotypic age (PhenoAge) and PhenoAge acceleration (PhenoAgeAccel), and explored the mediating role of the metabolic score for insulin resistance (METS-IR). Utilizing nationally representative data from 16, 479 American adults in the National Health and Nutrition Examination Survey (NHANES 1999–2020), this cross-sectional study employed weighted multivariable regression, receiver operating characteristic curves, restricted cubic splines, threshold effect analyses, sensitivity analyses, and mediation analyses. FLI was positively correlated with BA overall (P < .001), with significant sex interaction effects observed (P<inf>interaction</inf> < .05). For every 1 − standard deviation increase in FLI, females exhibited stronger associations with PhenoAge (β<inf>female</inf> = 3.33, 95% confidence interval [CI]: 3.07–3.58; β<inf>male</inf> = 2.54, 95% CI: 2.20–2.89) and PhenoAgeAccel risk (OR<inf>female</inf> = 1.89, 95% CI: 1.76–2.03; OR<inf>male</inf> = 1.57, 95% CI: 1.46–1.69; all P < .001). The area under the curve of FLI for PhenoAgeAccel was higher in females (0.73, 95% CI: 0.72–0.75) than in males (0.67, 95% CI: 0.66–0.68). Restricted cubic splines revealed a biphasic upward trend in the FLI-BA relationship across both sexes (P<inf>nonlinear</inf> < .001), with sex-divergent threshold effects (P<inf>likelihood ratio</inf> < .001). METS-IR partially mediated the FLI-BA association, with a greater percentage of mediation effect in males (PhenoAge: 20.23%; PhenoAgeAccel: 36.84%) than females (8.73%; 15.93%). A robust positive association exists between FLI and BA, partially mediated by METS-IR. Females exhibited stronger association strength, while males demonstrated a greater proportion of the METS-IR’s mediation effect. © 2025","adult; aged; aging; cross-sectional study; epidemiology; fatty liver; female; human; insulin resistance; male; mediation analysis; middle aged; nutrition; physiology; sex factor; United States; Adult; Aged; Aging; Cross-Sectional Studies; Fatty Liver; Female; Humans; Insulin Resistance; Male; Mediation Analysis; Middle Aged; Nutrition Surveys; Sex Factors","41366942","2-s2.0-105024385768"
"Gao, Y.; Meng, X.; Zhang, Y.; Hua, Q.; Xu, R.; Liu, H.; Choi, S.; Yao, H.; Dong, Q.; Jia, Q.; Jiang, H.; Wei, L.; Wang, J.; Jiang, M.; Tian, F.; Peng, K.; Gong, J.","Gao, Yingfeng (59194713900); Meng, Xin (57219924832); Zhang, Yi (55677084500); Hua, Qiaoyi (59187019000); Xu, Ruiwei (57190125591); Liu, Huixia (59663824500); Choi, Seokho (59195277100); Yao, Haoyang (60016354400); Dong, Qianli (58652287200); Jia, Qi (60183637500); Jiang, Haixia (60184118400); Wei, Lijuan (60184613900); Wang, Jing (60183475200); Jiang, Meijie (57705336600); Tian, Fangjie (58632539500); Peng, Kun (60183956700); Gong, Jicheng (7402707811)","59194713900; 57219924832; 55677084500; 59187019000; 57190125591; 59663824500; 59195277100; 60016354400; 58652287200; 60183637500; 60184118400; 60184613900; 60183475200; 57705336600; 58632539500; 60183956700; 7402707811","Long-term exposure to ultrafine particles accelerates biological aging and increases respiratory vulnerability in COPD","2025","Journal of Hazardous Materials","10.1016/j.jhazmat.2025.140430","https://www.scopus.com/inward/record.uri?eid=2-s2.0-105021377712&doi=10.1016%2Fj.jhazmat.2025.140430&partnerID=40&md5=edc3ce21775691ad5362d36f6783d102","Long-term exposure to particulate matter is a known risk factor for chronic obstructive pulmonary disease (COPD), yet the impact of ultrafine particles (UFPs) remains poorly understood. As COPD is an age-related disease, the potential modifying role of biological age acceleration in UFP-induced respiratory effects warrants investigation. We conducted a longitudinal panel study of 47 COPD patients with three repeated clinic visits in Beijing, China. Annual exposure levels to UFPs were estimated using a land use regression model. Lung function and respiratory inflammation were assessed at each visit. Biological age was quantified using the Klemera-Doubal method (KDM-BA) and PhenoAge algorithms. Associations were estimated using linear mixed-effects models. Overall, each IQR increase in UFPs exposure was associated with a 3.0-year increase in both KDM-BA (95 % CI: 0.2–5.8) and PhenoAge acceleration (95 % CI: 0.1–5.8). Accelerated biological age was associated with reductions in large and small airway function and lung volume. Stratified analysis indicated that individuals with faster biological aging were more susceptible to UFP-related lung injury. Our study provides novel evidence linking long-term UFP exposure to accelerated biological aging and impaired respiratory function in COPD patients. Biological age may serve as a modifier in assessing air pollution-related health risks. © 2025","Health risks; Lung cancer; Particles (particulate matter); Pulmonary diseases; Regression analysis; Respiratory system; Risk assessment; Biological age; Biological aging; Chronic obstructive pulmonary disease; Long term exposure; Lung function; Modifying factors; Particulate Matter; Risk factors; Ultrafine particle; Ultrafine particle exposures; Biological organs; aging; chronic obstructive pulmonary disease; disease prevalence; land use change; long-term change; particulate matter; pollution exposure; respiratory disease; risk factor; vulnerability; aged; Article; biological age; China; chronic obstructive lung disease; clinical article; female; human; land use; long term exposure; longitudinal study; lung function; male; respiratory tract inflammation; ultrafine particulate matter; adverse event; air pollutant; environmental exposure; middle aged; particle size; pathophysiology; toxicity; Beijing [China]; Aged; Aging; Air Pollutants; Environmental Exposure; Female; Humans; Longitudinal Studies; Male; Middle Aged; Particle Size; Pulmonary Disease, Chronic Obstructive","41237629","2-s2.0-105021377712"
"Zhu, Z.; Xu, R.; Han, J.; Jia, H.; Wang, Y.; Weng, W.; Zhang, K.","Zhu, Zhenhua (59162200700); Xu, Rongdi (57994755700); Han, Jinlu (59896776500); Jia, Haibo (8151042800); Wang, Yuehong (56611562400); Weng, Wenhao (26424483700); Zhang, Kangnan (58284128600)","59162200700; 57994755700; 59896776500; 8151042800; 56611562400; 26424483700; 58284128600","Integrative epidemiological and spatial multi-omics analyses reveal SPP1⁺ macrophages with senescence-like features as key mediators linking NO₂ exposure to coronary heart disease","2025","Journal of Hazardous Materials","10.1016/j.jhazmat.2025.140429","https://www.scopus.com/inward/record.uri?eid=2-s2.0-105021367005&doi=10.1016%2Fj.jhazmat.2025.140429&partnerID=40&md5=9ea1c76ef4bcccbede6ac12a92cf2b40","This study investigates the environmental health impact of ambient nitrogen dioxide (NO₂), a major traffic-related pollutant, on coronary heart disease (CHD) risk through biological aging. We analyzed 17,412 individuals in Tianjin, China, including 13,886 CHD patients and 3526 controls. PM₂.₅, PM₁₀, NO₂, and O₃ exposures were categorized into tertiles based on real-world concentrations. Biological aging was assessed using KDMAge and PhenoAge. Higher NO₂ exposure was significantly associated with increased CHD risk and accelerated aging, and elevated PhenoAge was linked to greater CHD susceptibility. Mediation analysis revealed that biological aging, particularly PhenoAge, accounted for up to 45.6 % of the association between NO₂ and CHD. To strengthen causal inference and minimize residual confounding, we applied propensity score matching (PSM) to balance baseline characteristics across exposure groups, and conducted Mendelian randomization (MR) using NO₂-associated genetic instruments. Both analyses consistently supported a potential causal effect of NO₂ exposure on CHD risk, partially mediated by accelerated biological aging. Validation using the China Health and Retirement Longitudinal Study (CHARLS) confirmed these associations. Multi-omics analyses of human atherosclerotic plaques—including bulk, single-cell, and spatial transcriptomics—identified SPP1⁺ macrophages as NO₂-responsive senescent cells enriched in inflamed, hypoxic plaque regions, showing heightened aging and inflammatory signatures. Spatial mapping further revealed co-localization of high NO₂ gene scores with SPP1⁺ macrophage clusters. By integrating large-scale epidemiological data, causal inference methods, and mechanistic multi-omics evidence, our study establishes a robust link between NO₂ exposure, biological aging, and CHD risk, providing novel insights for environmental interventions and cardiovascular disease prevention. © 2025 Elsevier B.V.","Accelerated aging; Cardiology; Diseases; Health risks; Heart; Macrophages; Molecular biology; Spatial variables measurement; 'omics'; Ambient nitrogen dioxide; Biological aging; Causal inferences; Coronary heart disease; Disease risks; Environmental-health impact; Mediation analysis; Multi-omic; Nitrogen dioxides; Nitrogen oxides; nitrogen dioxide; cardiovascular disease; epidemiology; health impact; health risk; risk factor; spatiotemporal analysis; adult; aging; air pollutant; ambient air; Article; atherosclerotic plaque; cell aging; China; cohort analysis; concentration (parameter); controlled study; coronary risk; disease predisposition; disease risk assessment; environmental exposure; environmental health; epidemiological data; female; genetic association; health impact assessment; human; inflammation; ischemic heart disease; longitudinal study; macrophage; major clinical study; male; multiomics; particulate matter 10; particulate matter 2.5; spatial analysis; traffic pollution; transcriptomics; adverse event; aged; coronary artery disease; drug effect; genetics; metabolism; middle aged; particulate matter; toxicity; Tianjin; Aged; Air Pollutants; Cellular Senescence; Coronary Disease; Environmental Exposure; Female; Humans; Male; Middle Aged; Multiomics; Nitrogen Dioxide; Particulate Matter","41232188","2-s2.0-105021367005"
"Shan, F.; Xiong, Y.; Pai, P.; Liu, M.","Shan, Fei (59682340800); Xiong, Yu (59682340900); Pai, Pearl Mingchu C. (8070751800); Liu, Mingya (57207397660)","59682340800; 59682340900; 8070751800; 57207397660","Systemic immune inflammation mediates the association of serum omega-3 and omega-6 polyunsaturated fatty acids with biological aging: a national population-based study","2025","Aging Clinical and Experimental Research","10.1007/s40520-025-02964-2","https://www.scopus.com/inward/record.uri?eid=2-s2.0-86000775095&doi=10.1007%2Fs40520-025-02964-2&partnerID=40&md5=ad6ff6a0243a78d8f1bd5a48748274ab","Objective: This study aimed to explore the association between serum omega-3 (n-3) and omega-6 (n-6) polyunsaturated fatty acids (PUFAs) and biological aging, along with the potential mediating role of systemic immune inflammation (SII). Methods: Data from the National Health and Nutrition Examination Survey (NHANES) 2011–2014 were used for analyses. Accelerated aging in participants was assessed by calculating the difference between phenotypic age (PhenoAge) and chronological age. Weighted multivariate linear regression models and subgroup analysis were used to investigate the correlation between serum n-3 and n-6 PUFAs and accelerated aging, and restricted cubic spline (RCS) model was applied to explore potential nonlinear relationships. We further conducted mediation analyses to assess the role of SII in these relationships. Additionally, weighted quantile sum (WQS) regression and quantile g-computation (QGC) models were conducted to investigate the mixed effects of serum PUFAs and identify the key contributor. Results: A total of 3376 participants were enrolled in this study. In multivariate linear regression models, eight of the twelve individual serum PUFAs showed a significantly negative association with PhenoAge acceleration, Specifically, per-unit increases in linoleic acid (LA), gamma-linolenic acid (GLA), arachidonic acid (AA), alpha-linolenic acid (ALA), stearidonic acid (SDA), eicosapentaenoic acid (EPA), docosapentaenoic acid (n-3 DPA), and docosahexaenoic acid (DHA) were all associated with reduced PhenoAge acceleration (P < 0.05, respectively). Subgroup analysis demonstrated robust consistence results when stratified by age, sex, and race/ethnicity. L-shaped nonlinear relationships were observed between PhenoAge acceleration with total n-6 PUFAs, LA and ALA (all P for nonlinear < 0.05). Mediation analyses indicated that SII mediated the relationship between serum PUFAs and reduced PhenoAge acceleration. Mixed-effects analysis using WQS and QGC models revealed that the combined effect of serum PUFAs on reducing PhenoAge acceleration, with DHA showing the strongest significant contribution. Conclusions: This study demonstrated that higher levels of certain PUFAs were associated with a reduction in PhenoAge acceleration either individually or in combination, with DHA having the most prominent effect in mixed effects. The SII mediated these relationships, suggesting that PUFAs may slow biological aging by reducing inflammation. These findings highlighted the potential role of PUFAs in mitigating accelerated aging and their implications for aging-related health interventions. © The Author(s) 2025.","arachidonic acid; docosahexaenoic acid; docosapentaenoic acid; gamma linolenic acid; icosapentaenoic acid; linoleic acid; linolenic acid; omega 3 fatty acid; omega 6 fatty acid; stearidonic acid; adult; aging; Article; controlled study; correlation analysis; cross-sectional study; female; human; inflammation; male; mediation analysis; normal human; phenotype; population research; aged; blood; immunology; middle aged; nutrition; Adult; Aged; Aging; Fatty Acids, Omega-3; Fatty Acids, Omega-6; Female; Humans; Inflammation; Male; Middle Aged; Nutrition Surveys","40057623","2-s2.0-86000775095"
"Liu, N.; Peng, S.; Wei, K.; Chen, Q.; Chen, X.; He, L.; Wu, B.; Lin, Y.","Liu, Na (57681418200); Peng, Shanshan (57682525400); Wei, Kai (57681134700); Chen, Qiudan (55631879600); Chen, Xiaotong (57221196122); He, Leqi (57194703069); Wu, Biying (59195355000); Lin, Yong (57199188182)","57681418200; 57682525400; 57681134700; 55631879600; 57221196122; 57194703069; 59195355000; 57199188182","Association between cardiometabolic index and biological ageing among adults: a population-based study","2025","BMC Public Health","10.1186/s12889-025-22053-3","https://www.scopus.com/inward/record.uri?eid=2-s2.0-86000311168&doi=10.1186%2Fs12889-025-22053-3&partnerID=40&md5=45569175cc7357465c64063933695f40","Background: Cardiovascular health (CVH) is closely associated with ageing. This study aimed to investigate the association between cardiometabolic index (CMI), a novel indicator of cardiometabolic status, and biological ageing. Methods: Cross-sectional data were obtained from participants with comprehensive CMI and biological age data in the National Health and Nutrition Examination Survey from 2011 to 2018. Biological age acceleration (BioAgeAccel) is calculated as the differences between biological age and chronological age, and that biological age is derived from a model incorporating eight biomarkers. Weighted multivariable regression, sensitivity analysis, and smoothing curve fitting were performed to explore the independent association between CMI and the acceleration of biological age. Subgroup and interaction analyses were performed to investigate whether this association was consistent across populations. Results: In 4282 subjects ≥ 20 years of age, there was a positive relationship between CMI and biological age. The BioAgeAccel increased 1.16 years for each unit CMI increase [1.16 (1.02, 1.31)], and increased 0.99 years for per SD increase in CMI [0.99 (0.87, 1.11)]. Participants in the highest CMI quartile had a BioAgeAccel that was 2.49 years higher than participants in the lowest CMI quartile [2.49 (2.15, 2.83)]. In stratified studies, the positive correlation between CMI and biological age acceleration was not consistent across strata. This positive correlation was stronger in female, diabetes, and non-hypertension populations. Conclusions: CMI is positively correlated with biological ageing in adults in the United States. Prospective studies with larger sample sizes are required to validate our findings. © The Author(s) 2025.","biological marker; adult; aged; aging; blood; cardiometabolic risk factor; cardiovascular disease; cross-sectional study; epidemiology; female; human; male; middle aged; nutrition; physiology; United States; young adult; Adult; Aged; Aging; Biomarkers; Cardiometabolic Risk Factors; Cardiovascular Diseases; Cross-Sectional Studies; Female; Humans; Male; Middle Aged; Nutrition Surveys; Young Adult","40045250","2-s2.0-86000311168"
"Lopez-Pleguezuelos, C.; Aguado-Barrera, M.E.; Carballo-Castro, A.; Peleteiro, P.; Calvo-Crespo, P.; Taboada-Valladares, B.; Lobato-Busto, R.; Fuentes-Ríos, O.; Galego-Carro, J.; Coedo-Costa, C.; Gomez-Caamaño, A.; Vega, A.","Lopez-Pleguezuelos, Carlos (59010725300); Aguado-Barrera, Miguel Elías (57214876386); Carballo-Castro, Ana M. (58808753500); Peleteiro, Paula (37097782700); Calvo-Crespo, Patricia (55385969500); Taboada-Valladares, Begoña (57188926663); Lobato-Busto, Ramón (6504409670); Fuentes-Ríos, Olivia (58539495000); Galego-Carro, Javier Pablo (58081738500); Coedo-Costa, Carla (59488728000); Gomez-Caamaño, Antonio (30467730600); Vega, Ana Karina (55883554800)","59010725300; 57214876386; 58808753500; 37097782700; 55385969500; 57188926663; 6504409670; 58539495000; 58081738500; 59488728000; 30467730600; 55883554800","Epigenome-wide analysis reveals potential biomarkers for radiation-induced toxicity risk in prostate cancer","2025","Clinical Epigenetics","10.1186/s13148-025-01846-8","https://www.scopus.com/inward/record.uri?eid=2-s2.0-86000291976&doi=10.1186%2Fs13148-025-01846-8&partnerID=40&md5=ff31d0fe117dc0983f2018a4369d539c","Background: Prostate cancer is the second most common cancer globally, with radiation therapy (RT) being a key treatment for clinically localized and locally advanced cases. Given high survival rates, addressing long-term side effects of RT is crucial for preserving quality-of-life. Radiogenomics, the study of genetic variations affecting response to radiation, has primarily focussed on genomic biomarkers, while DNA methylation studies offer insights into RT responses. Although most research has centred on tumours, no epigenome-wide association studies have explored peripheral blood biomarkers of RT-induced toxicities in prostate cancer patients. Identifying such biomarkers could reveal molecular mechanisms underlying RT response and enable personalized treatment. Methods: We analysed 105 prostate cancer patients (52 cases and 53 controls). Cases developed grade ≥ 2 genitourinary and/or gastrointestinal late toxicity after 12 months of starting RT, whereas controls did not. An epigenome-wide association study of post-RT toxicities was performed using the Illumina MethylationEPIC BeadChip, adjusting for age and cell type composition. We constructed two methylation risk scores—one using differentially methylated positions (MRSsites) and another using differentially methylated regions (MRSregions)—as well as a Support Vector Machine-based methylation signature (SVMsites). We evaluated RT effects on biological age and stochastic epigenetic mutations within established radiation response pathways. Gene Ontology and pathway enrichment analyses were also performed. Results: Pre-RT methylation analysis identified 56 differentially methylated positions (adjusted p-value ≤ 0.05), and 6 differentially methylated regions (p-value ≤ 0.05) associated with the genes NTM, ACAP1, IL1RL2, VOOP1, AKR1E2, and an intergenic region on chromosome 13 related to Short/Long Interspersed Nuclear Elements. Both Methylation Risk Scores (MRSsites AUC = 0.87; MRSregions AUC = 0.89) and the 8-CpG Support Vector Machine signature (SVMsites AUC = 0.98) exhibited strong discriminatory accuracy in classifying patients in the discovery cohort. Gene ontology analysis revealed significant enrichment (adjusted p-value ≤ 0.05) of genes involved in DNA repair, inflammatory response, tissue repair, and oxidative stress response pathways. Conclusions: Epigenetic biomarkers show potential for predicting severe long-term adverse effects of RT in prostate cancer patients. The identified methylation patterns provide valuable insights into toxicity mechanisms and may aid personalized treatment strategies. However, validation in independent cohorts is essential to confirm their predictive value and clinical applicability. © The Author(s) 2025.","tumor marker; ACAP1 gene; AKR1E2 gene; area under the curve; Article; biological age; cancer grading; cancer radiotherapy; cell composition; chromosome 13; clinical practice; cohort analysis; controlled study; discriminant analysis; DNA methylation; DNA repair; epigenetics; epigenome; gastrointestinal disease; gene; gene mutation; gene ontology; genetic variation; human; human cell; IL1RL2 gene; inflammation; long interspersed nuclear element; major clinical study; NTM gene; oxidative stress; pathway enrichment analysis; personalized cancer therapy; prediction; predictive value; prostate cancer; radiation response; radiation toxicity; radiogenomics; radiosensitivity; risk factor; scoring system; stochastic model; support vector machine; tissue repair; urogenital tract disease; VOOP1 gene; aged; blood; case control study; genetic epigenesis; genetics; genome-wide association study; male; middle aged; procedures; prostate tumor; radiation injury; radiotherapy; Aged; Biomarkers, Tumor; Case-Control Studies; DNA Methylation; Epigenesis, Genetic; Epigenome; Epigenomics; Genome-Wide Association Study; Humans; Male; Middle Aged; Prostatic Neoplasms; Radiation Injuries","40050897","2-s2.0-86000291976"
"Zhao, W.; Yu, S.; Xu, Y.; Liao, H.; Chen, D.; Lu, T.; Ren, Z.; Ge, L.; Liu, J.; Sun, J.","Zhao, Wen (58144106800); Yu, Shiyao (58751913600); Xu, Yan (58752153000); Liao, Huijuan (58144106900); Chen, Daiyi (58144265200); Lu, Ting (57481873700); Ren, Zhixuan (58143799700); Ge, Lijuan (59671024600); Liu, Jianhui (58865881900); Sun, Jingbo (55716295100)","58144106800; 58751913600; 58752153000; 58144106900; 58144265200; 57481873700; 58143799700; 59671024600; 58865881900; 55716295100","Sleep traits causally affect epigenetic age acceleration: a Mendelian randomization study","2025","Scientific Reports","10.1038/s41598-024-84957-1","https://www.scopus.com/inward/record.uri?eid=2-s2.0-86000124766&doi=10.1038%2Fs41598-024-84957-1&partnerID=40&md5=74c6a2cb1ebb87040a3e80a82be4ec33","Sleep disorders (SDs) are a common issue in the elderly. Epigenetic clocks based on DNA methylation (DNAm) are now considered highly accurate predictors of the aging process and are associated with age-related diseases. This study aimed to investigate the causal relationship between sleep traits and the epigenetic clock using Mendelian randomization (MR) analysis. The genome-wide association study (GWAS) statistics for epigenetic clocks (HannumAge, intrinsic epigenetic age acceleration [IEAA], PhenoAge, and GrimAge) and sleep traits were obtained from the UK Biobank (UKB), 23andMe and Finngen. Moreover, crucial instrumental variables (IVs) were evaluated. Inverse variance weighted (IVW), MR-Egger, weighted median (WM), weighted mode, and simple mode methods were employed to assess the causal relationship between them. Multiple analyses were performed for quality control evaluation. Our study showed that self-reported insomnia may speed up the aging process by GrimAge clock, while GrimAge acceleration could faintly reduce self-reported insomnia. Epigenetic clocks mainly influence sleep traits by PhenoAge and GrimAge with weak effects. This may indicate that early interventions of SDs could be a breaking point for aging and age-related diseases. Further studies are required to elucidate the potential mechanisms involved. © The Author(s) 2025.","aged; aging; DNA methylation; female; genetic epigenesis; genetics; genome-wide association study; human; insomnia; male; Mendelian randomization analysis; middle aged; physiology; sleep; Aged; Aging; DNA Methylation; Epigenesis, Genetic; Female; Genome-Wide Association Study; Humans; Male; Mendelian Randomization Analysis; Middle Aged; Sleep; Sleep Initiation and Maintenance Disorders","40032851","2-s2.0-86000124766"
"Dai, Q.; Sun, H.; Yang, X.; Chen, S.; Zhang, X.; Yin, Z.; Zhao, X.; Wu, S.; Cao, Z.; Wu, Y.; Ma, X.","Dai, Qiaoyun (56849879700); Sun, Huayu (59618164400); Yang, Xueying (57207582130); Chen, Shuohua (55667800700); Zhang, Xinyuan (57937674000); Yin, Zhe (57937826300); Zhao, Xiujuan (57883923300); Wu, Shouling (36717129100); Cao, Zongfu (24173207400); Wu, Yuntao (55247205900); Ma, Xu (57226560121)","56849879700; 59618164400; 57207582130; 55667800700; 57937674000; 57937826300; 57883923300; 36717129100; 24173207400; 55247205900; 57226560121","Association of clinical biomarker-based biological age and aging trajectory with cardiovascular disease and all-cause mortality in Chinese adults: a population-based cohort study","2025","BMC Public Health","10.1186/s12889-025-22114-7","https://www.scopus.com/inward/record.uri?eid=2-s2.0-86000062452&doi=10.1186%2Fs12889-025-22114-7&partnerID=40&md5=c4e7b7bd7391949673d5693852eda057","Background: Evidence on the association of clinical biomarker-based biological age (BA) with cardiovascular disease (CVD) and mortality remains insufficient, particularly concerning aging trajectories' relationship with these two outcomes. Methods: Seventy-five thousand five hundred thirty-seven Chinese adults from the Kailuan study who participated in the first checkup (2006–2007) were included. BA was predicted by 32 clinical indicators using deep neural networks models. Aging status was divided into decelerated, accelerated, and normal aging based on BA in the first checkup. Six aging trajectories were developed in the initial three checkups. CVD and mortality were followed up till December 31, 2021. Results: After adjusting for chronological age, sex, education level, occupation, physical activity, smoking status, alcohol consumption, salt consumption habit, history of hypertension, diabetes, and dyslipidemia, as well as the use of antihypertensive, antidiabetic, and lipid-lowering drugs, Cox proportional hazard models showed that relative to normal aging, accelerated aging was a risk factor for CVD (adjusted hazard ratio [aHR], 1.17 [95% CI 1.11–1.23]) and mortality (aHR, 1.17 [1.12–1.22]), while participants with decelerated aging had a lower risk for CVD (aHR, 0.85 [0.80–0.90]) and mortality (aHR, 0.86 [0.82–0.90]). Relative to low-stable trajectory, other aging trajectories associated with higher risk of CVD and death, and high-stable trajectory associated with the highest risk of CVD (aHR, 1.62 [1.45–1.81]) and mortality (aHR, 1.55 [1.41–1.71]). Relative to high-stable trajectory, high-decreasing trajectory was associated with lower risk of CVD (aHR, 0.76 [0.67–0.86]) and death (aHR, 0.78 [0.70–0.87]), and decreasing-increasing trajectory was associated with lower risk of death (aHR, 0.86 [0.75–0.98]). Conclusions: Accelerated BA aging is associated with a higher risk of CVD and mortality, whereas decelerated aging is associated with a lower risk compared to normal aging. Those persistently at high aging levels are at the highest risk for both CVD and death; conversely, it is the act of lowering and continually maintaining a reduced aging state that effectively mitigates these risks. © The Author(s) 2025.","biological marker; adult; aged; aging; cardiovascular disease; cause of death; China; cohort analysis; East Asian; epidemiology; female; human; male; middle aged; mortality; physiology; risk factor; Adult; Aged; Aging; Biomarkers; Cardiovascular Diseases; Cause of Death; Cohort Studies; East Asian People; Female; Humans; Male; Middle Aged; Mortality; Risk Factors","40038610","2-s2.0-86000062452"
"Pan, L.-Y.; Jin, L.","Pan, Liya (57195294321); Jin, Li (58907894200)","57195294321; 58907894200","Association between triglyceride glucose index and biological aging in U.S. adults: National Health and Nutrition Examination Survey","2025","Cardiovascular Diabetology","10.1186/s12933-025-02631-w","https://www.scopus.com/inward/record.uri?eid=2-s2.0-85219599194&doi=10.1186%2Fs12933-025-02631-w&partnerID=40&md5=5d2d0fbef4aa77027a42b5c29d3d142a","Background: Insulin resistance (IR) has been reported to be associated with aging; however, few studies have investigated the relationship between IR and biological age (BA). The Triglyceride–glucose (TyG) index is a recognized marker of IR. Currently, there is insufficient evidence regarding the relationship between the TyG index and biological aging. This study aims to provide deeper insights into the connections between the TyG index and biological aging. Methods: We conducted a cross-sectional study using data from the National Health and Nutrition Examination Survey (NHANES), including 12,074 adults (aged 20 and older) from the 2001–2010 and 2015–2018 cycles. Comprehensive TyG and BA data were extracted for analysis. To explore the relationship between the TyG index and BA, linear regressions were employed, while logistic regression models were used to examine the association between the TyG index and accelerated aging. Additionally, trend tests, subgroup analyses, and smoothed fitted curves were conducted to assess the robustness of the findings. Results: We included 12,074 participants with a mean age of 46.91 years (SD, 16.64); of these, 50.25% were female and 49.75% were male. Each 1-unit increase in the TyG index was associated with a 1.64-year rise in Klemera–Doubal method (KDM) biological age and a 117% higher risk of accelerated aging. Similarly, each 1-unit increase in the TyG index corresponded to a 0.40-year increase in phenotypic age, resulting in a 15% higher risk of accelerated aging. The analysis also revealed nonlinear positive relationships between the TyG index and biological aging, particularly for KDM biological age (P for non-linearity < 0.001) and phenotypic age (P for non-linearity = 0.005), with a turning point at 8.66. Across all subgroups, the TyG index consistently showed a positive correlation with biological aging, even in the presence of significant interactions. Conclusions: There is a significant positive association between the TyG index and biological aging. Higher TyG levels are linked to increased biological age and a greater risk of accelerated aging. © The Author(s) 2025.","alkaline phosphatase; C reactive protein; creatinine; glycated hemoglobin; hemoglobin A1c; serum albumin; biological marker; triacylglycerol; adult; aging; angina pectoris; Article; biological age; body mass; cerebrovascular accident; cholesterol blood level; congestive heart failure; coronary artery disease; cross-sectional study; demographics; diabetes mellitus; fasting blood glucose level; female; heart infarction; human; hypertension; insulin resistance; Klemera Doubal method; leukocyte count; linear regression analysis; major clinical study; male; middle aged; mortality; national health and nutrition examination survey; nutritional status; people by smoking status; phenotype; physical activity; questionnaire; red cell distribution width; risk factor; systolic blood pressure; triglyceride-glucose index; United States; urea nitrogen blood level; age; aged; blood; epidemiology; glucose blood level; metabolism; nutrition; risk assessment; young adult; Adult; Age Factors; Aged; Aging; Biomarkers; Blood Glucose; Cross-Sectional Studies; Female; Humans; Insulin Resistance; Male; Middle Aged; Nutrition Surveys; Risk Assessment; Triglycerides; Young Adult","40022176","2-s2.0-85219599194"
"Liu, X.; Wang, Y.; Huang, Y.; Lin, C.; Xu, B.; Zeng, Y.; Chen, P.; Liu, X.; Huang, Y.","Liu, Xiaoqiang (58697650900); Wang, Yubin (58697651000); Huang, Yingxuan (58770769000); Lin, Chanchan (58854725800); Xu, Boming (56742527300); Zeng, Yilin (58697741700); Chen, Peizhong (58697741800); Liu, Xiaobo (58902877600); Huang, Yisen (57189310090)","58697650900; 58697651000; 58770769000; 58854725800; 56742527300; 58697741700; 58697741800; 58902877600; 57189310090","Association of phenotypic age acceleration with all-cause and cause-specific mortality among U.S. cancer survivors: a retrospective cohort study","2025","BMC Cancer","10.1186/s12885-025-13760-6","https://www.scopus.com/inward/record.uri?eid=2-s2.0-85219016526&doi=10.1186%2Fs12885-025-13760-6&partnerID=40&md5=4ea2c73170642e7938e46f7b9d9549eb","Background: Cancer survivors may experience accelerated biological aging, increasing their risk of mortality. However, the association between phenotypic age acceleration (PAA) and mortality among cancer survivors remains unclear. This study aimed to evaluate the relationship between PAA and all-cause mortality, cancer-specific mortality, and non-cancer mortality among adult cancer survivors in the United States. Methods: We utilized data from the National Health and Nutrition Examination Survey (NHANES) from 1999 to 2018, including 2,643 (unweighted) cancer patients aged ≥ 20 years. Phenotypic age was calculated using ten physiological biomarkers, and the residuals from regressing phenotypic age on chronological age (age acceleration residuals, AAR) were used to determine PAA status. Participants were divided into PAA and without PAA groups based on the sign of the residuals. Weighted Cox proportional hazards regression models were used to assess the association between PAA and mortality, adjusting for demographic characteristics, lifestyle factors, and comorbidities. Restricted cubic spline (RCS) models were employed to explore the dose-response relationship between AAR and mortality. Results: Over a median follow-up of 9.16 years, 991 (unweighted) participants died. After adjusting for multiple covariates, PAA was significantly associated with increased risks of all-cause mortality (HR = 2.07; 95% CI: 1.69–2.54), cancer-specific mortality (HR = 2.15; 95% CI: 1.52–3.04), and non-cancer mortality (HR = 2.06; 95% CI: 1.66–2.57). Each one-unit increase in AAR was associated with a 4% increase in the risk of all-cause, cancer-specific, and non-cancer mortality (HR = 1.04; 95% CI: 1.03–1.05). RCS models indicated a linear dose-response relationship between AAR and mortality. Conclusions: Among U.S. adult cancer survivors, PAA is significantly associated with all-cause, cancer-specific, and non-cancer mortality. PAA may serve as an important biomarker for predicting prognosis in cancer survivors. © The Author(s) 2025.","alkaline phosphatase; C reactive protein; adult; aging; alcohol consumption; all cause mortality; Article; body mass; cancer mortality; cancer survivor; cardiovascular disease; cause specific mortality; cohort analysis; diabetes mellitus; diastolic blood pressure; female; follow up; household income; human; hyperlipidemia; hypertension; ICD-10; leukocyte count; major clinical study; male; mortality; oral glucose tolerance test; phenotype; phenotypic age acceleration; physical activity; prevalence; proportional hazards model; public health; questionnaire; retrospective study; risk factor; sensitivity analysis; smoking; systolic blood pressure; United States; waist circumference; aged; cause of death; epidemiology; middle aged; neoplasm; nutrition; premature aging; young adult; Adult; Aged; Aging, Premature; Cancer Survivors; Cause of Death; Female; Humans; Male; Middle Aged; Neoplasms; Nutrition Surveys; Phenotype; Proportional Hazards Models; Retrospective Studies; Young Adult","40001013","2-s2.0-85219016526"
"Zhang, Y.; Hu, S.; Han, S.; Liu, C.; Liang, X.; Li, Y.; Lin, Z.; Qin, Y.; Geng, C.; Liu, Y.; Cui, L.; Hu, J.; Zhang, C.; Wang, Z.; Liu, X.; Ma, J.; Chen, Z.-J.; Zhao, H.","Zhang, Yuqing (58610740400); Hu, Shourui (58116517500); Han, Shan (57610700200); Liu, Congcong (57218094007); Liang, Xiaofan (58802870200); Li, Yuxuan (58609874100); Lin, Zongxuan (59589970900); Qin, Yiming (59589971000); Geng, Chunxuan (59590800000); Liu, Yue (57217042074); Cui, Linlin (55318201200); Hu, Jingmei (14324933200); Zhang, Changming (55329517500); Wang, Zhao (57125340200); Liu, Xin (57216218587); Ma, Jinlong (24329705800); Chen, Zijiang (35227123300); Zhao, Han (55715783000)","58610740400; 58116517500; 57610700200; 57218094007; 58802870200; 58609874100; 59589970900; 59589971000; 59590800000; 57217042074; 55318201200; 14324933200; 55329517500; 57125340200; 57216218587; 24329705800; 35227123300; 55715783000","Transgenerational inheritance of diabetes susceptibility in male offspring with maternal androgen exposure","2025","Cell Discovery","10.1038/s41421-025-00769-1","https://www.scopus.com/inward/record.uri?eid=2-s2.0-85218470580&doi=10.1038%2Fs41421-025-00769-1&partnerID=40&md5=d11b433f8ca43f4210e5a119f329c6d0","Androgen exposure (AE) poses a profound health threat to women, yet its transgenerational impacts on male descendants remain unclear. Here, employing a large-scale mother-child cohort, we show that maternal hyperandrogenism predisposes sons to β-cell dysfunction. Male offspring mice with prenatal AE exhibited hyperglycemia and glucose intolerance across three generations, which were further exacerbated by aging and a high-fat diet. Mechanistically, compromised insulin secretion underlies this transgenerational susceptibility to diabetes. Integrated analyses of methylome and transcriptome revealed differential DNA methylation of β-cell functional genes in AE-F1 sperm, which was transmitted to AE-F2 islets and further retained in AE-F2 sperm, leading to reduced expression of genes related to insulin secretion, including Pdx1, Irs1, Ptprn2, and Cacna1c. The methylation signatures in AE-F1 sperm were corroborated in diabetic humans and the blood of sons with maternal hyperandrogenism. Moreover, caloric restriction and metformin treatments normalized hyperglycemia in AE-F1 males and blocked their inheritance to offspring by restoring the aberrant sperm DNA methylations. Our findings highlight the transgenerational inheritance of impaired glucose homeostasis in male offspring from maternal AE via DNA methylation changes, providing methylation biomarkers and therapeutic strategies to safeguard future generations’ metabolic health. © The Author(s) 2025.","androgen; biological marker; cacna1c protein; glucose; insulin; irs1 protein; metformin; protein; ptprn2 protein; transcription factor PDX 1; transcriptome; unclassified drug; age; aging; androgen therapy; animal experiment; animal model; animal tissue; Article; caloric restriction; child; controlled study; diabetes mellitus; disease predisposition; DNA methylation; DNA methylation age; down regulation; energy expenditure; energy metabolism; female; gene expression; glucose blood level; glucose homeostasis; glucose intolerance; glucose metabolism; glucose tolerance test; homeostasis model assessment; human; hyperandrogenism; hyperglycemia; impaired glucose tolerance; insulin blood level; insulin release; insulin tolerance test; intergenerational inheritance; lipid diet; lung gas exchange; male; maternal exposure; methylome; mouse; mRNA expression level; non insulin dependent diabetes mellitus; nonhuman; obesity; pancreas islet beta cell; pancreas islet cell function; prenatal exposure; progeny; spermatozoon motility; transcriptomics; transgenerational inheritance; vertical transmission","","2-s2.0-85218470580"
"Daredia, S.; Khodasevich, D.; Gladish, N.; Shen, H.; Nwanaji-Enwerem, J.C.; Bozack, A.K.; Needham, B.L.; Rehkopf, D.H.; Deardorff, J.; Cardenas, A.","Daredia, Saher (57965388500); Khodasevich, Dennis (57221596004); Gladish, Nicole (57193826977); Shen, Hanyang (57199935135); Nwanaji-Enwerem, Jamaji C. (55631011300); Bozack, Anne K. (55752087700); Needham, Belinda L. (7003656844); Rehkopf, David H. (6602465684); Deardorff, Julianna K. (12785821700); Cardenas, Andrès (55315594400)","57965388500; 57221596004; 57193826977; 57199935135; 55631011300; 55752087700; 7003656844; 6602465684; 12785821700; 55315594400","Timing of menarche and menopause and epigenetic aging among U.S. adults: results from the National Health and Nutrition Examination Survey 1999–2002","2025","Clinical Epigenetics","10.1186/s13148-025-01827-x","https://www.scopus.com/inward/record.uri?eid=2-s2.0-85218468656&doi=10.1186%2Fs13148-025-01827-x&partnerID=40&md5=2023118b633b90355d1a9a853e7223e4","Reproductive aging, including timing of menarche and menopause, influences long-term morbidity and mortality in women, yet underlying biological mechanisms remain poorly understood. Using DNA methylation-based biomarkers, we assessed associations of age at menarche (N = 1,033) and menopause (N = 658) with epigenetic aging in a nationally representative sample of women ≥ 50 years. Later age at menopause was associated with lower GrimAge epigenetic age deviation (B = − 0.10 years, 95% CI: − 0.19, − 0.02). No associations were observed for menarche timing. This suggests a connection between earlier menopause and biological aging, with potential clinical implications for identifying those at high risk for age-related disease. © The Author(s) 2025.","adrenomedullin; alcohol; plasminogen activator inhibitor 1; adult; age; aged; aging; alcohol consumption; Article; body mass; controlled study; cross-sectional study; DNA methylation; epigenetic aging; female; human; menarche; menopause; middle aged; people by smoking status; United States; genetic epigenesis; genetics; nutrition; physiology; Age Factors; Aged; Aging; DNA Methylation; Epigenesis, Genetic; Female; Humans; Menarche; Menopause; Middle Aged; Nutrition Surveys","39984995","2-s2.0-85218468656"
"Wu, X.; Lu, C.; Deng, Z.; Xiao, W.; Ni, H.; Zhao, C.","Wu, Xiaohui (57212135112); Lu, Chenglin (59844684200); Deng, Zhiying (59585828400); Xiao, Wenbo (59590829000); Ni, Hongyu (57475279500); Zhao, Cunyou (7403564096)","57212135112; 59844684200; 59585828400; 59590829000; 57475279500; 7403564096","Glucocorticoid exposure-induced alterations in epigenetic age from human preterm infants and human lung fibroblasts and hippocampal neuronal cells","2025","Clinical Epigenetics","10.1186/s13148-025-01837-9","https://www.scopus.com/inward/record.uri?eid=2-s2.0-85218439982&doi=10.1186%2Fs13148-025-01837-9&partnerID=40&md5=799f814a38f85f777ae8d80237bfdb37","Background: Maternal antenatal corticosteroid treatment is standard care to accelerate fetal maturation. However, there are growing concerns that antenatal corticosteroid administration may harm fetal neurodevelopment. Quantitative assessments of the effects of antenatal corticosteroid on the neonates have not been performed and poorly understood about their complex biology. Results: We collected Methylation BeadChips-generated DNA methylation data from the Gene Expression Omnibus (GEO) database and then employed “multi-tissue predictor” to quantify the DNAm age of saliva from 36 preterm neonates, which were stratified by the absence (n = 12) or presence (n = 24) of antenatal corticosteroid exposure, as well as 36 full-term neonates. Next, the DNAm age of human lung fibroblast IMR90 cells and human fetal multipotent hippocampal progenitor HPC cells, with or without glucocorticoid treatment, was also determined. We observed that the DNAm age of full-term neonates was significantly higher than that of the preterm neonates, and antenatal corticosteroid exposure accelerated the DNAm age of preterm neonates, while glucocorticoid exposure accelerated the DNAm age of IMR90 cells. Conversely, dexamethasone exposure delayed the DNAm age of HPC cells during the proliferation phase. It is noteworthy that 65% of the differentially methylated probes (DMPs) linked to the multi-tissue predictor marked CpGs and corticosteroid exposure in IMR90 cells exhibited comparable methylation patterns with the DMPs associated with the antenatal corticosteroid exposure in preterm neonates. Conversely, the majority of these DMPs exhibited inverse methylation alterations in dexamethasone-induced HPC cells. Furthermore, the epigenome-wide association study (EWAS) trait enrichment analyses of the DMPs linked to the antenatal corticosteroid exposure in preterm neonates revealed significant associations with prenatal adverse environmental exposure, growth and development, and neuropsychiatric disorders. Conclusions: Our results identified the cellular and molecular evidences of epigenetic clock changes in neonatal growth and developmental trajectories with the interference of antenatal corticosteroid treatment and provided potential clinical guidance for the future development of noninvasive fetal assessments to identify pregnant women who could benefit from antenatal corticosteroid in a wider gestational age. © The Author(s) 2025.","dexamethasone; magnesium sulfate; glucocorticoid; Article; brain nerve cell; cell proliferation; chorioamnionitis; clinical article; controlled study; CpG island; DNA methylation; drug effect; epigenetic clock; epigenome wide association study; female; fetus; genetic association study; hippocampus; human; human cell; IMR-90 cell line; lung fibroblast; male; multipotent stem cell; newborn; prematurity; prenatal development; prenatal drug exposure; prenatal growth; quantitative analysis; sepsis; cytology; embryology; fibroblast; genetic epigenesis; genetics; lung; metabolism; nerve cell; pregnancy; prenatal exposure delayed effect; CpG Islands; Dexamethasone; DNA Methylation; Epigenesis, Genetic; Female; Fibroblasts; Glucocorticoids; Hippocampus; Humans; Infant, Newborn; Infant, Premature; Lung; Male; Neurons; Pregnancy; Prenatal Exposure Delayed Effects","39980002","2-s2.0-85218439982"
"Lin, Z.; Wang, H.-F.; Yu, L.-Y.; Chen, J.; Kong, C.-C.; Zhang, B.; Wu, X.; Wang, H.-N.; Cao, Y.; Lin, P.","Lin, Zheng (57195945811); Wang, Hongfei (58963994600); Yu, Luyan (59150354500); Chen, Jia (59567133900); Kong, Cheng Cheng (59567529200); Zhang, Bin (59567260700); Wu, Xuan (59332978100); Wang, Haonan (59567399400); Cao, Yi (57205339002); Lin, Ping (57195304772)","57195945811; 58963994600; 59150354500; 59567133900; 59567529200; 59567260700; 59332978100; 59567399400; 57205339002; 57195304772","The relationship between biological aging and psoriasis: evidence from three observational studies","2025","Immunity and Ageing","10.1186/s12979-025-00500-4","https://www.scopus.com/inward/record.uri?eid=2-s2.0-85218415054&doi=10.1186%2Fs12979-025-00500-4&partnerID=40&md5=5b62894d302573dcf4358ed2e189cbe6","Background: The relationship between psoriasis and aging remains unclear. Biological age is considered as a tool for strong association with aging, but there is a lack of reports on the relationship between biological age and psoriasis. Therefore, this study aimed to explore the relationship between biological age and psoriasis. Methods: Patients with psoriasis and non-psoriasis were recruited from National Health and Nutrition Examination Survey (NHANES) (12,973 cases), Medical Information Mart for Intensive Care (MIMIC-IV) (558 cases) and The First Clinical Medical College of Zhejiang Chinese Medical University (206 cases). Biological age was calculated using Klemera-Doubal method age (KDM-age) and phenotypic age (PhenoAge). Linear regression and logistic regression were used to explore the association between psoriasis and biological age advance. Cox regression was used to investigate the association between biological age advance and mortality. Finally, biological age advance was used to predict the death of psoriasis patients. Results: In NHANES, linear regression showed that psoriasis led to a 0.54 advance in PhenoAge (Adjust Beta: 0.54, 95CI: 0.12–0.97, p = 0.018). The KDM-age advance due to psoriasis was not statistically significant (p = 0.754). Using data from China, we came to the new conclusion that for every unit rise in Psoriasis Area and Severity Index, PhenoAge advance rose by 0.12 (Beta: 0.12, 95CI: 0.01–0.22, p = 0.031). Using NHANES data, cox regression shows for every unit rise in PhenoAge advance patients had an 8% rise in mortality (Adjust hazard ratio: 1.08, 95CI: 1.04–1.12, p < 0.001). Using MIMIC-IV, logistic regression showed a 13% increase in mortality within 28 days of admission for every 1 unit rise in PhenoAge advance (odds ratio: 1.13, 95CI: 1.09–1.18, P < 0.001). Finally, we used PhenoAge advance to predict death, with an AUC of 0.71 in the NHANES, an ACU of 0.79 for predicting death within 1 years in the general ward of MIMIC-IV. In the ICU of MIMIC-IV, the AUC for predicting death within 28 days was 0.71. Conclusion: Psoriasis leads to accelerated biological aging in patients, which is associated with the severity of psoriasis and more comorbidities. In addition, PhenoAge has the potential to monitor the health status of patients with psoriasis. © The Author(s) 2025.","adult; age determination; aged; aging; area under the curve; Article; biological age; China; confidence interval; controlled study; diagnostic test accuracy study; disease severity; female; hazard ratio; health survey; hospital admission; human; intensive care unit; linear regression analysis; major clinical study; male; Medical Information Mart for Intensive Care IV; medical information system; mortality; mortality risk; observational study; odds ratio; phenotypic age; prognosis; proportional hazards model; psoriasis; Psoriasis Area and Severity Index; risk factor; sensitivity and specificity; ward","","2-s2.0-85218415054"
"Qiu, J.; Fang, H.; Liu, D.; Lai, Q.; Xie, J.; Wang, Y.; Chen, S.; Xie, Y.","Qiu, Jiayu (57377518400); Fang, Hui (59131557300); Liu, Dingwei (57458984600); Lai, Qirui (59535894100); Xie, Jinliang (57224083023); Wang, Youhua (56156521800); Chen, Sihai (57208212099); Xie, Yong (36121635900)","57377518400; 59131557300; 57458984600; 59535894100; 57224083023; 56156521800; 57208212099; 36121635900","Accelerated biological aging mediates the association between inflammatory markers with Helicobacter pylori infection and mortality","2025","Journal of Translational Medicine","10.1186/s12967-025-06189-9","https://www.scopus.com/inward/record.uri?eid=2-s2.0-85218242636&doi=10.1186%2Fs12967-025-06189-9&partnerID=40&md5=e515639947e82ad51df9380dda5eca5f","Background: The aim of this study was to explore the systemic inflammation response in relation to mortality in Helicobacter pylori (H. pylori) infection, and whether this relationship was mediated by accelerated biological aging. Methods: This cross-sectional study encompassed U.S. participants from National Health and Nutrition Examination Survey (NHANES) in 1999–2000. Kaplan-Meier survival curve, Cox regression analysis, K-means clustering, mediation analysis and restricted cubic spline (RCS) were used to explore the relationships between inflammatory markers, biological aging, H. pylori infection and all-cause mortality. Results: A total of 3509 U.S. participants enrolled form NHANES 1999–2000. Compared with H. pylori seronegative participants, H. pylori seropositive participants had significantly higher all-cause mortality (P < 0.001). Among these H. pylori seropositive participants, both phenotypic age acceleration (PhenoAgeAccel) and all-cause mortality were positively associated with the increased levels of inflammation (P < 0.001). A significant indirect effect of inflammatory markers (neutrophil count and systemic inflammatory response index (SIRI)) with H. pylori infection on all-cause mortality through PhenoageAccel was found, and the proportions mediated were 50.0% and 49.1%, respectively. Conclusion: The elevation of blood inflammatory markers is positively associated with an increased risk of all-cause mortality in H. pylori infection among U.S. population, and accelerated biological aging might be one of its biological mechanisms. © The Author(s) 2025.","albumin; alkaline phosphatase; biological marker; C reactive protein; creatinine; glucose; inflammatory marker; unclassified drug; Accelerated biological aging; adult; age; aging; all cause mortality; antiinflammatory activity; Article; chi square test; cross-sectional study; diabetes mellitus; dietary intake; drinking behavior; enzyme linked immunosorbent assay; female; Fisher exact test; Helicobacter infection; Helicobacter pylori; human; hypertension; informed consent; k means clustering; Kaplan Meier method; kidney failure; leukocyte count; lymphocyte count; major clinical study; male; mean corpuscular volume; mortality; neutrophil count; neutrophil lymphocyte ratio; phenotype; platelet lymphocyte ratio; proportional hazards model; red blood cell distribution width; systemic inflammation response index; aged; blood; complication; inflammation; middle aged; nutrition; Adult; Aged; Aging; Biomarkers; Cross-Sectional Studies; Female; Helicobacter Infections; Humans; Inflammation; Kaplan-Meier Estimate; Male; Middle Aged; Nutrition Surveys; Proportional Hazards Models","39930506","2-s2.0-85218242636"
"Pan, L.; Liu, Y.; Huang, C.; Huang, Y.; Lin, R.; Wei, K.; Yao, Y.; Qin, G.; Yu, Y.","Pan, Lulu (58677081200); Liu, Yahang (57843001000); Huang, Chen (57277163300); Huang, Yifang (37037613100); Lin, Ruilang (58069809100); Wei, Kecheng (57343739500); Yao, Ye (56783364500); Qin, Guoyou (19640646400); Yu, Yongfu (55946457000)","58677081200; 57843001000; 57277163300; 37037613100; 58069809100; 57343739500; 56783364500; 19640646400; 55946457000","Association of accelerated phenotypic aging, genetic risk, and lifestyle with progression of type 2 diabetes: a prospective study using multi-state model","2025","BMC Medicine","10.1186/s12916-024-03832-y","https://www.scopus.com/inward/record.uri?eid=2-s2.0-85217876625&doi=10.1186%2Fs12916-024-03832-y&partnerID=40&md5=6ae465d98cc6de4b2d2334b85182d03e","Background: Aging is a major risk factor for type 2 diabetes (T2D), but individuals of the same chronological age may vary in their biological aging rate. The associations of Phenotypic Age Acceleration (PhenoAgeAccel), a new accelerated biological aging indicator based on clinical chemistry biomarkers, with the risk of dynamic progression remain unclear. We aimed to assess these associations and examine whether these associations varied by genetic risk and lifestyle. Methods: We conducted a prospective cohort study that included 376,083 adults free of T2D and diabetes-related events at baseline in UK Biobank. PhenoAgeAccel > 0 and ≤ 0 were defined as biologically older and younger than chronological age. The outcomes of interest were incident T2D, diabetic complications, and mortality. Hazard ratios (HRs) with 95% confidence intervals (CIs) and population attributable fractions (PAFs) for these associations were calculated using multi-state model. Results: During a median follow-up of 13.7 years, 17,615 participants developed T2D, of whom, 4,524 subsequently developed complications, and 28,373 died. Being biologically older was associated with increased risks of transitions from baseline to T2D (HR 1.77, 95% CI 1.71–1.82; PAF 24.8 [95% CI 23.5–26.2]), from T2D to diabetic complications (1.10, 1.04–1.17; 4.4 [1.4–7.4]), from baseline to all-cause death (1.53, 1.49–1.57; 17.6 [16.6–18.6]), from T2D to all-cause death (1.14, 1.03–1.26; 7.4 [1.8–13.0]), and from diabetic complications to all-cause death (1.32, 1.15–1.51; 15.4 [7.5–23.2]) than being biologically younger. Additionally, participants with older biological age and high genetic risk had a higher risk of incident T2D (4.76,4.43–5.12;18.2 [17.5–19.0]) than those with younger biological age and low genetic risk. Compared with participants with younger biological age and healthy lifestyle, those with older biological age and unhealthy lifestyle had higher risks of transitions in the T2D trajectory, with HRs and PAFs ranging from 1.34 (1.16–1.55; 3.7 [1.8–5.6]) to 5.39 (5.01–5.79; 13.0 [12.4–13.6]). Conclusions: PhenoAgeAccel was consistently associated with an increased risk of all transitions in T2D progression. It has the potential to be combined with genetic risk to identify early T2D incidence risk and may guide interventions throughout T2D progression while tracking their effectiveness. © The Author(s) 2025.","albumin; alkaline phosphatase; C reactive protein; creatinine; glucose; accelerated phenotypic aging; adult; alcohol consumption; all cause mortality; Article; biological age; body build; cardiovascular disease; cause specific mortality; cohort analysis; diabetic complication; diabetic eye disease; diabetic nephropathy; diabetic neuropathy; disease exacerbation; feeding behavior; female; follow up; genetic risk; genetic risk score; health status; healthy lifestyle; hospital admission; human; incidence; leukocyte count; lifestyle; longitudinal study; lymphocyte percentage; major clinical study; male; mean corpuscular volume; middle aged; mortality; multi state model; non insulin dependent diabetes mellitus; nonbiological model; outcome assessment; peripheral vascular disease; phenotype; physical activity; physical examination; prospective study; questionnaire; red blood cell distribution width; self report; sleep time; smoking; social status; sociodemographics; aged; aging; epidemiology; genetic predisposition; genetics; risk factor; United Kingdom; Adult; Aged; Aging; Diabetes Mellitus, Type 2; Disease Progression; Female; Genetic Predisposition to Disease; Humans; Life Style; Male; Middle Aged; Phenotype; Prospective Studies; Risk Factors","39901253","2-s2.0-85217876625"
"Egorov, A.I.; Griffin, S.M.; Klein, J.; Guo, W.; Styles, J.N.; Kobylanski, J.; Murphy, M.S.; Sams, E.; Hudgens, E.E.; Wade, T.J.","Egorov, Andrey I. (7202361872); Griffin, Shannon M. (35483702200); Klein, Jo (58177413900); Guo, Wei (57204528940); Styles, Jennifer N. (57194782977); Kobylanski, Jason S. (57300897200); Murphy, Mark S. (57188631495); Sams, Elizabeth A. (11141899200); Hudgens, Edward E. (6603201106); Wade, Timothy J. (7103355802)","7202361872; 35483702200; 58177413900; 57204528940; 57194782977; 57300897200; 57188631495; 11141899200; 6603201106; 7103355802","Greater residential greenness is associated with reduced epigenetic aging in adults","2025","Scientific Reports","10.1038/s41598-024-82747-3","https://www.scopus.com/inward/record.uri?eid=2-s2.0-85217273689&doi=10.1038%2Fs41598-024-82747-3&partnerID=40&md5=39c0b1273380bb852d43e62094436328","Potential pathways linking urban green spaces to improved health include relaxation, stress alleviation, and improved immune system functioning. Epigenetic age acceleration (EAA) is a composite biomarker of biological aging based on DNA methylation measurements; it is predictive of morbidity and mortality. This cross-sectional study of 116 adult residents of a metropolitan area in central North Carolina investigated associations between exposure to residential green spaces and EAA using four previously developed epigenetic age formulas. DNA methylation tests of white blood cells were conducted using Illumina MethylationEPIC v1.0 assays. EAA values were calculated as residuals from the linear regression model of epigenetic age on chronological age. Residential greenness was characterized using tree cover, total vegetated land cover, and normalized difference vegetation index (NDVI) data. An interquartile range (IQR) increase in distance-to-residence weighted average greenness within 500 m of residence was consistently associated with a reduced EAA adjusted for sociodemographic covariates, smoking status, white blood cell fractions, and the two-dimensional spline function of geographic coordinates. The reduction in the EAA estimates for the four EAA measures ranged from − 1.0 to − 1.6 years for tree cover, from − 1.2 to − 1.5 years for vegetated land cover, and from − 0.9 to − 1.3 years for the NDVI; 11 of the 12 associations were statistically significant (p < 0.05). This study produced new evidence linking reduced epigenetic aging to greater greenness near residences. © This is a U.S. Government work and not under copyright protection in the US; foreign copyright protection may apply 2025.","adult; aged; aging; cross-sectional study; DNA methylation; female; genetic epigenesis; genetics; human; male; middle aged; North Carolina; residence characteristics; Adult; Aged; Aging; Cross-Sectional Studies; DNA Methylation; Epigenesis, Genetic; Female; Humans; Male; Middle Aged; Residence Characteristics","39875388","2-s2.0-85217273689"
"Wang, C.; Martens, D.S.; Bustamante, M.; Alfano, R.; Plusquin, M.; Maitre, L.; Wright, J.; McEachan, R.R.C.; Lepeule, J.; Slama, R.; Vafeiadi, M.; Chatzi, L.; Gražulevičieně, R.; Gützkow, K.B.; Keun, H.; Borràs, E.; Sabidó, E.; Carracedo, A.; Escaramis, G.; Anguita-Ruiz, A.; Pelegrí-Sisó, D.; González, J.R.; Vrijheid, M.; Nawrot, T.S.","Wang, Congrong (57218800614); Martens, Dries S. (56699617900); Bustamante, Mariona (10539367000); Alfano, Rossella (57202318059); Plusquin, Michelle (8703214600); Maitre, Léa (56263123000); Wright, John P. (55326471100); McEachan, Rosemary Robin Charlotte (14121711900); Lepeule, Johanna (12144303500); Slama, Rémy (55699429700); Vafeiadi, Marina (55521057700); Chatzi, Leda Vaia (9733090600); Gražulevičieně, Regina I. (55956453500); Gützkow, Kristine Bjerve (6507512072); Keun, Hector Charles (6602808364); Borràs, Eva (6603635680); Sabidó, Eduard (19934528900); Carracedo, Ángel M. (7006062179); Escaramis, Georgia (6507111327); Anguita-Ruiz, Augusto (57202949623); Pelegrí-Sisó, Dolors (57226629393); González, Juan Ramón (35069374200); Vrijheid, M. (6603357596); Nawrot, Tim Steve (6701621197)","57218800614; 56699617900; 10539367000; 57202318059; 8703214600; 56263123000; 55326471100; 14121711900; 12144303500; 55699429700; 55521057700; 9733090600; 55956453500; 6507512072; 6602808364; 6603635680; 19934528900; 7006062179; 6507111327; 57202949623; 57226629393; 35069374200; 6603357596; 6701621197","The multi-omics signatures of telomere length in childhood","2025","BMC Genomics","10.1186/s12864-025-11209-5","https://www.scopus.com/inward/record.uri?eid=2-s2.0-85217189832&doi=10.1186%2Fs12864-025-11209-5&partnerID=40&md5=c936f243a96f3ffc2f4b0f1a5745a00e","Background: Telomere length is an important indicator of biological age and a complex multi-factor trait. To date, the telomere interactome for comprehending the high-dimensional biological aspects linked to telomere regulation during childhood remains unexplored. Here we describe the multi-omics signatures associated with childhood telomere length. Methods: This study included 1001 children aged 6 to 11 years from the Human Early-life Exposome (HELIX) project. Telomere length was quantified via qPCR in peripheral blood of the children. Blood DNA methylation, gene expression, miRNA expression, plasma proteins and serum and urinary metabolites were measured through microarrays or (semi-) targeted assays. The association between each individual omics feature and telomere length was assessed in omics-wide association analyses. In addition, a literature-guided, sparse supervised integration method was applied to multiple omics, and latent components were extracted as predictors of child telomere length. The association of these latent components with early-life aging risk factors (child lifestyle, body mass index (BMI), exposure to smoking, etc.), were interrogated. Results: After multiple-testing correction, only two CpGs (cg23686403 and cg16238918 at PARD6G gene) out of all the omics features were significantly associated with child telomere length. The supervised multi-omics integration approach revealed robust associations between latent components and child BMI, with metabolites and proteins emerging as the primary contributing features. In these latent components, the contributing molecular features were known as involved in metabolism and immune regulation-related pathways. Conclusions: Findings of this multi-omics study suggested an intricate interplay between telomere length, metabolism and immune responses, providing valuable insights into the molecular underpinnings of the early-life biological aging. © The Author(s) 2025.","Article; body mass; child; childhood; CpG island; DNA methylation; exposome; feature selection; gene expression; gene frequency; genetic variability; human; immune response; immunoregulation; least absolute shrinkage and selection operator; lifestyle; liquid chromatography-mass spectrometry; metabolite; metabolomics; multiomics; physical activity; proton nuclear magnetic resonance; real time polymerase chain reaction; risk factor; RNA extraction; sandwich ELISA; single nucleotide polymorphism; smoking; telomere length; female; genetics; genomics; male; metabolism; procedures; telomere; telomere homeostasis; microRNA; Body Mass Index; Child; CpG Islands; DNA Methylation; Female; Genomics; Humans; Male; MicroRNAs; Multiomics; Telomere; Telomere Homeostasis","39871190","2-s2.0-85217189832"
"Liu, Y.; Xu, M.; Wang, L.; Meng, L.; Li, M.; Mu, S.","Liu, Yuanhong (59462473700); Xu, Min (59462601800); Wang, Liqing (59650858000); Meng, Linyun (59462473800); Li, Mengran (59462601900); Mu, Shumin (55261114900)","59462473700; 59462601800; 59650858000; 59462473800; 59462601900; 55261114900","The association of visceral and subcutaneous fat areas with phenotypic age in non-elderly adults, mediated by HOMA-IR and HDL-C","2025","Lipids in Health and Disease","10.1186/s12944-025-02446-4","https://www.scopus.com/inward/record.uri?eid=2-s2.0-85217000254&doi=10.1186%2Fs12944-025-02446-4&partnerID=40&md5=4f162e5fb73ae54143d82a038dfffb6e","Background: Ageing results in diminished adaptability, as well as declines in physiological and psychological functions and resilience. The epigenetic clock ‘Phenotypic Age’ (PhenoAge) represents ‘preclinical ageing’. Phenotypic Age Acceleration (PhenoAgeAccel) is defined as the residual from a linear regression model predicting PhenoAge on the basis of chronological age. Abdominal subcutaneous adipose tissue, visceral adipose tissue, the Homeostasis Model Assessment of Insulin Resistance (HOMA-IR), and high-density lipoprotein cholesterol (HDL-C) have all been shown to correlate with ageing; however, the connections between these factors and PhenoAge are still insufficiently investigated. Methods: Data for this study were sourced from the National Health and Nutrition Examination Survey (2015–2018), comprising 2580 participants. Complex survey designs were considered. To examine the association between body fat area and PhenoAgeAccel, logistic regression was applied. Additionally, subgroup analysis was used to identify variations in population characteristics. The dose‒response relationship between body fat area and PhenoAgeAccel was determined via restricted cubic spline analysis. Mediation and interaction analyses were further employed to investigate the roles of the HOMA-IR and HDL-C in this association. Results: In nonelderly adults, the relationships between body fat area and PhenoAgeAccel differed chronological age. For abdominal subcutaneous fat area (SFA), this relationship was nonlinear in individuals aged 18–44 years and 45–59 years, with thresholds of 2.969 m² and 3.394 m², respectively. In contrast, a nonlinear relationship of visceral fat area (VFA) with PhenoAgeAccel was observed in individuals aged 18–44 years, while this relationship was linear in individuals aged 45–59 years, with thresholds of 0.769 m² and 1.220 m², respectively. Mediation effect analysis revealed that the HOMA-IR had a more pronounced mediation effect in individuals aged 18–44 years, accounting for 13.4% of the relationship between VFA and PhenoAgeAccel and 6.9% of the relationship between SFA and PhenoAgeAccel. Conversely, HDL-C had a greater mediating effect in individuals aged 45–59 years, accounting for 21.7% of the relationship between VFA and PhenoAgeAccel and 11.6% of the relationship between abdominal SFA and PhenoAgeAccel. HOMA-IR ≥ 2.73 or VFA > 0.925 m², as well as HOMA-IR ≥ 2.73 or abdominal SFA > 3.137 m², accelerated PhenoAge, whereas 1.60 < HDL-C ≤ 3.90 mmol/L combined with abdominal SFA ≤ 3.137 m² or VFA ≤ 0.925 m² decelerated PhenoAge. Conclusion: In this study, the nonlinear relationships among abdominal SFA, VFA, and PhenoAgeAccel were elucidated, while characteristic thresholds across different age groups were identified. The results of this study emphasize the complex influence of fat distribution on the ageing process and refine the roles of HOMA-IR and HDL-C in various age cohorts. These findings provide a biological basis for future screening for accelerated ageing and appropriate intervention in high-risk populations and offer valuable insights for guiding personalized clinical interventions and health management strategies. © The Author(s) 2025.","high density lipoprotein cholesterol; acceleration; adult; age; aging; Article; controlled study; deceleration; female; groups by age; homeostasis model assessment; human; intra-abdominal fat; linear system; logistic regression analysis; male; mediation analysis; nonlinear system; phenotype; phenotypic age; senescence; subcutaneous fat; subcutaneous fat area; visceral fat area; adolescent; blood; insulin resistance; metabolism; middle aged; nutrition; young adult; Adolescent; Adult; Aging; Cholesterol, HDL; Female; Humans; Insulin Resistance; Intra-Abdominal Fat; Male; Middle Aged; Nutrition Surveys; Phenotype; Subcutaneous Fat; Young Adult","39856735","2-s2.0-85217000254"
"Bernabéu, E.; Chybowska, A.D.; Kresovich, J.K.; Suderman, M.; McCartney, D.L.; Hillary, R.F.; Corley, J.; Valdés-Hernández, M.D.C.; Muñoz Maniega, S.M.; Bastin, M.E.; Wardlaw, J.M.; Xu, Z.; Sandler, D.P.; Campbell, A.; Harris, S.E.; McIntosh, A.M.; Taylor, J.A.; Yousefi, P.; Cox, S.R.; Evans, K.L.; Robinson, M.R.; Vallejos, C.A.; Marioni, R.E.","Bernabéu, Elena (57225426624); Chybowska, Aleksandra D. (57216590021); Kresovich, Jacob K. (55251712100); Suderman, Matthew J. (8675316400); McCartney, Daniel L. (57062088500); Hillary, Robert F. (57204018111); Corley, Janie (23485020100); Valdés-Hernández, Mariá Del Carmen (57189602736); Muñoz Maniega, Susana (23036018100); Bastin, Mark E. (7006141241); Wardlaw, Joanna Marguerite (57216325013); Xu, Zongli (21744302900); Sandler, Dale P. (57204338750); Campbell, Archie I. (19642129200); Harris, Sarah E. (7403484635); McIntosh, Andrew M. (58700470400); Taylor, Jack A. (57129377700); Yousefi, Paul Darius (55242050300); Cox, Simon R. (55614945700); Evans, Kathryn Louise (7402215340); Robinson, Matthew R. (56844297100); Vallejos, Catalina A. (57038529000); Marioni, Riccardo E. (59157643500)","57225426624; 57216590021; 55251712100; 8675316400; 57062088500; 57204018111; 23485020100; 57189602736; 23036018100; 7006141241; 57216325013; 21744302900; 57204338750; 19642129200; 7403484635; 58700470400; 57129377700; 55242050300; 55614945700; 7402215340; 56844297100; 57038529000; 59157643500","Blood-based epigenome-wide association study and prediction of alcohol consumption","2025","Clinical Epigenetics","10.1186/s13148-025-01818-y","https://www.scopus.com/inward/record.uri?eid=2-s2.0-85216999186&doi=10.1186%2Fs13148-025-01818-y&partnerID=40&md5=cf5933e84f0c994a72022063073c9354","Alcohol consumption is an important risk factor for multiple diseases. It is typically assessed via self-report, which is open to measurement error through recall bias. Instead, molecular data such as blood-based DNA methylation (DNAm) could be used to derive a more objective measure of alcohol consumption by incorporating information from cytosine-phosphate-guanine (CpG) sites known to be linked to the trait. Here, we explore the epigenetic architecture of self-reported weekly units of alcohol consumption in the Generation Scotland study. We first create a blood-based epigenetic score (EpiScore) of alcohol consumption using elastic net penalized linear regression. We explore the effect of pre-filtering for CpG features ahead of elastic net, as well as differential patterns by sex and by units consumed in the last week relative to an average week. The final EpiScore was trained on 16,717 individuals and tested in four external cohorts: the Lothian Birth Cohorts (LBC) of 1921 and 1936, the Sister Study, and the Avon Longitudinal Study of Parents and Children (total N across studies > 10,000). The maximum Pearson correlation between the EpiScore and self-reported alcohol consumption within cohort ranged from 0.41 to 0.53. In LBC1936, higher EpiScore levels had significant associations with poorer global brain imaging metrics, whereas self-reported alcohol consumption did not. Finally, we identified two novel CpG loci via a Bayesian penalized regression epigenome-wide association study of alcohol consumption. Together, these findings show how DNAm can objectively characterize patterns of alcohol consumption that associate with brain health, unlike self-reported estimates. © The Author(s) 2025.","alcohol; adolescent; adult; aged; alcohol consumption; Article; brain function; brain size; cognition; cohort analysis; controlled study; CpG island; DNA methylation; DNA methylation age; drinking behavior; epigenetic score; epigenetics; epigenome wide association study; female; gene; gene locus; genetic association study; gray matter volume; heavy drinker; human; IL12RB1 gene; lifestyle; LOC100132354 gene; male; middle aged; non-drinker; people by smoking status; POLR3GL gene; predictive value; PSAT1 gene; Scotland; self report; sex difference; SLC43A1 gene; SLC7A11 gene; SRPK2 gene; white matter; epidemiology; epigenome; genetic epigenesis; genetics; genome-wide association study; longitudinal study; procedures; Adult; Aged; Alcohol Drinking; CpG Islands; DNA Methylation; Epigenesis, Genetic; Epigenome; Epigenomics; Female; Genome-Wide Association Study; Humans; Longitudinal Studies; Male; Middle Aged; Self Report","39863868","2-s2.0-85216999186"
"Marečková, K.; Mendes-Silva, A.P.; Jáni, M.; Pacinková, A.; Piler, P.; Gonçalves, V.F.; Nikolova, Y.S.","Marečková, Klára (53363890200); Mendes-Silva, Ana Paula (57191917979); Jáni, Martin (57268216900); Pacinková, Anna (57208165813); Piler, Pavel (6602442096); Gonçalves, Vanessa Faria (55226061600); Nikolova, Yuliya Stoycheva (13105572100)","53363890200; 57191917979; 57268216900; 57208165813; 6602442096; 55226061600; 13105572100","Mitochondrial DNA variants and their impact on epigenetic and biological aging in young adulthood","2025","Translational Psychiatry","10.1038/s41398-025-03235-4","https://www.scopus.com/inward/record.uri?eid=2-s2.0-85216548099&doi=10.1038%2Fs41398-025-03235-4&partnerID=40&md5=2b8e2662e5abd7dc1e455c8003bed847","The pace of biological aging varies between people independently of chronological age and mitochondria dysfunction is a key hallmark of biological aging. We hypothesized that higher functional impact (FI) score of mitochondrial DNA (mtDNA) variants might contribute to premature aging and tested the relationships between a novel FI score of mtDNA variants and epigenetic and biological aging in young adulthood. A total of 81 participants from the European Longitudinal Study of Pregnancy and Childhood (ELSPAC) prenatal birth cohort had good quality genetic data as well as blood-based markers to estimate biological aging in the late 20. A subset of these participants (n = 69) also had epigenetic data to estimate epigenetic aging in the early 20s using Horvath’s epigenetic clock. The novel FI score was calculated based on 7 potentially pathogenic mtDNA variants. Greater FI score of mtDNA variants was associated with older epigenetic age in the early 20s and older biological age in the late 20s. These medium to large effects were independent of sex, current BMI, cigarette smoking, cannabis, and alcohol use. These findings suggest that elevated FI score of mtDNA variants might contribute to premature aging in young adulthood. © The Author(s) 2025.","alcohol; cannabis; mitochondrial DNA; adult; adulthood; aging; alcohol consumption; Article; biological age; body mass; cigarette smoking; cohort analysis; controlled study; cross-sectional study; epigenetics; genetic variability; human; longitudinal study; major clinical study; young adult; female; genetic epigenesis; genetic variation; genetics; male; premature aging; Adult; Aging; Aging, Premature; DNA, Mitochondrial; Epigenesis, Genetic; Female; Genetic Variation; Humans; Longitudinal Studies; Male; Young Adult","39837837","2-s2.0-85216548099"
"Zhan, Y.; Yang, R.; Feng, J.; Bai, G.; Shi, X.; Zhang, J.; Zhang, J.","Zhan, Yuan (57223099075); Yang, Ruonan (57996358800); Feng, Jie (57217536602); Bai, Genlong (57222058804); Shi, Xiangyun (57217006705); Zhang, Jiaheng (57746807800); Zhang, Jingbo (57220038865)","57223099075; 57996358800; 57217536602; 57222058804; 57217006705; 57746807800; 57220038865","Joint association of systemic immune-inflammation index and phenotypic age acceleration with chronic respiratory disease: a cross-sectional study","2025","BMC Public Health","10.1186/s12889-025-21430-2","https://www.scopus.com/inward/record.uri?eid=2-s2.0-85216215709&doi=10.1186%2Fs12889-025-21430-2&partnerID=40&md5=dafe066ddd68ed9c35236f55490b5c3b","Background: Chronic respiratory diseases (CRD) represents a series of lung disorders and is posing a global health burden. Systemic inflammation and phenotypic ageing have been respectively reported to associate with certain CRD. However, little is known about the co-exposures and mutual associations of inflammation and ageing with CRD. Here, we aim to systematically elucidate the joint and mutual mediating associations of systemic immune-inflammation index (SII) and phenotypic age acceleration (PhenoAgeAccel) with CRD based on data from National Health and Nutrition Examination Survey (NHANES). Methods: Data for this study was obtained from NHANES 2007–2010 and 2015–2018. The single and combined associations of SII and PhenoAgeAccel with CRD were analyzed using multivariable logistic regression models. The dose-response relationship between exposures and outcomes was determined by restricted cubic splines (RCS) regression. Subgroup and mediation analyses were further conducted. Results: Totally, 15,075 participants were enrolled in this study including 3,587 CRD patients. Compare with controls, CRD patients tended to be older, females and present higher SII and PhenoAgeAccel values. Single-index analysis indicated that either SII or PhenoAgeAccel demonstrated a significantly positive association with CRD via logistic regressions and RCS curves. Furthermore, the joint-indexes analysis revealed that compared to individuals with lower SII and PhenoAgeAccel, those with higher SII and PhenoAgeAccel exhibited remarkably stronger associations with CRD (adjusted OR [aOR], 1.56; 95% CI, 1.31–1.85; P < 0.001), chronic obstructive pulmonary disease (aOR, 1.56; 95% CI, 1.22-2.00; P = 0.001) and asthma (aOR, 1.40; 95% CI, 1.16–1.70; P = 0.001), which were predominant among those aged above 40 years, females and smokers. Eventually, mediation analyses suggested the mutual mediating effects of SII and PhenoAgeAccel on CRD and PhenoAgeAccel mediated SII resulting in CRD more significantly. Conclusion: This study confirmed the coexposure effect and mutual mediation between SII and PhenoAgeAccel on CRD. We recommend that the joint assessment may conduce to the accurate identification for populations susceptible to CRD and early prevention of chronic respiratory diseases. © The Author(s) 2025.","adult; aged; aging; chronic disease; cross-sectional study; female; human; immunology; inflammation; male; middle aged; nutrition; phenotype; physiology; respiratory tract disease; Adult; Aged; Aging; Chronic Disease; Cross-Sectional Studies; Female; Humans; Inflammation; Male; Middle Aged; Nutrition Surveys; Phenotype; Respiratory Tract Diseases","39825391","2-s2.0-85216215709"
"Noble, A.; Motta, R.; Cabras, S.; Flores, B.M.; Nowak, J.; Glapa-Nowak, A.; Geremia, A.; Satsangi, J.; Culver, E.","Noble, Alexandra J. (57216530117); Motta, Rodrigo Vieira (58914506800); Cabras, Silvia (59528795100); Flores, Belen Moron (59528816100); Nowak, Jan Krzysztof (55973234500); Glapa-Nowak, Aleksandra (56748081300); Geremia, Alessandra (57203527222); Satsangi, Jack J. (7006615924); Culver, Emma L. (25626161700)","57216530117; 58914506800; 59528795100; 59528816100; 55973234500; 56748081300; 57203527222; 7006615924; 25626161700","Epigenetic age acceleration and methylation differences in IgG4-related cholangitis and primary sclerosing cholangitis","2025","Clinical Epigenetics","10.1186/s13148-024-01803-x","https://www.scopus.com/inward/record.uri?eid=2-s2.0-85216053293&doi=10.1186%2Fs13148-024-01803-x&partnerID=40&md5=8437e6b0a394dc35f461e9d167e916e2","Background: IgG4-related cholangitis (IgG4-SC) and primary sclerosing cholangitis (PSC) are chronic fibro-inflammatory hepatobiliary conditions, with genetic, environmental, and immunologic risk factors, in which epigenetic alterations may provide insights into pathophysiology and novel biomarkers. This study is the first to assess methylation signatures in IgG4-SC. Results: Whole blood DNA methylation profiling and genotyping was performed in 264 individuals; 47 with IgG4-SC, 65 with PSC, 64 with ulcerative colitis (UC), and 88 healthy controls. We identified 19 significant methylation differences between IgG4-SC and controls and 38 between PSC and controls. IgG4-SC and PSC shared 8 probes. Inflammatory genes (including CEP97, IFNAR1, TXK, HERC6, C5orf36, PYY, and MTRNR2L1) were predominantly involved in dysregulated methylation. Epigenetic age acceleration was observed in patients with IgG4-SC, but not in those with PSC or UC. meQTL analyses to identify genetic determinants of methylation revealed a strong human leucocyte antigen (HLA) signal in both PSC and IgG4-SC (HLA-DQB2, HLA-DPA1, HLA-F and HLA-DRA). Conclusions: We identify novel epigenetic alterations in IgG4-SC and PSC, with biological age acceleration in IgG4-SC, providing insights into disease pathogenesis, and highlight the role of genetic variation especially within the HLA region in shaping the methylome. © The Author(s) 2024.","immunosuppressive agent; immunoglobulin G; adult; Article; C5orf36 gene; CEP97 gene; cholangitis; cohort analysis; controlled study; DNA methylation; epigenetic clock; epigenome; female; gene; genetic association; genetic variation; genotyping; HERC6 gene; HLA DPA1 gene; HLA DQB2 gene; HLA DRA gene; HLA F gene; human; IFNAR1 gene; immunoglobulin G4 related cholangitis; immunoglobulin G4 related disease; major clinical study; male; methylation quantitative trait locus; methylome; middle aged; MTRNR2L1 gene; pathogenesis; primary sclerosing cholangitis; PYY gene; quantitative trait locus; remission; single nucleotide polymorphism; TXK gene; ulcerative colitis; aged; blood; case control study; genetic epigenesis; genetics; immunology; sclerosing cholangitis; Adult; Aged; Case-Control Studies; Cholangitis; Cholangitis, Sclerosing; Colitis, Ulcerative; DNA Methylation; Epigenesis, Genetic; Female; Humans; Immunoglobulin G; Immunoglobulin G4-Related Disease; Male; Middle Aged","39819503","2-s2.0-85216053293"
"Qi, X.; Wang, X.; Cheng, L.; Li, Y.; Dang, K.; Yang, S.; Wang, Y.; Zhou, R.; Zhang, C.; Li, Y.","Qi, Xiang (57219022775); Wang, Xuanyang (57222186154); Cheng, Licheng (58508849700); Li, Yue (59208251300); Dang, Keke (58413215400); Yang, Shuo (59209447400); Wang, Yina (59208251400); Zhou, Runyi (59208583600); Zhang, Can (59133886400); Li, Ying (55883480100)","57219022775; 57222186154; 58508849700; 59208251300; 58413215400; 59209447400; 59208251400; 59208583600; 59133886400; 55883480100","Dietary carotenoid intakes and biological aging among US adults, NHANES 1999–2018","2025","Nutrition Journal","10.1186/s12937-025-01079-8","https://www.scopus.com/inward/record.uri?eid=2-s2.0-85216052238&doi=10.1186%2Fs12937-025-01079-8&partnerID=40&md5=d59497da27b0865c9387794c923f117a","Background: Carotenoids have been shown to have multiple health benefits, including antioxidant and anti-inflammatory. The data for the effect of dietary specific carotenoids on biological aging is limited. Our study aims to examine the association between dietary carotenoid intake levels and biological aging. Methods: This cross-sectional study was performed among 27,338 adults from NHANES 1999–2018. Dietary intake was assessed through two 24-hour dietary recall interviews. Biological aging indices included allostatic load (AL), homeostatic dysregulation (HD), Klemera-Doubal method (KDM), and phenoAge (PA). Multiple linear regression, weighted quantile sum (WQS) regression and quantile g-computation (QG-comp) were used to explore the associations of single carotenoid and mixed carotenoids with biological aging. Results: Associations between dietary carotenoid intake levels and biological aging indices were significant among adults across the United States. Multiple linear regression showed that most carotenoids were significantly negatively correlated with AL (β = -0.017 - -0.011), HD (β = -0.045 - -0.032), KDM (β = -0.984 - -0.471), and PA (β = -0.975 - -0.539). Subgroup analysis indicated that male, older individuals, smokers, alcohol drinkers, and less physically active individuals are particularly sensitive populations. Meanwhile, WQS regression and QG-comp analyses consistently indicated a negative association between mixed carotenoids exposure and four biological aging indices, highlighting that lutein/zeaxanthin and β-carotene were responsible for the outcomes. Conclusions: Increased dietary intakes of various carotenoids were associated with lower biological aging indices, which was possibly and mainly driven by lutein/zeaxanthin and β-carotene. © The Author(s) 2025.","alpha carotene; beta carotene; beta cryptoxanthin; carotenoid; lycopene; xanthophyll; zeaxanthin; adult; aging; American; Article; biological aging; clinical outcome; controlled study; cross-sectional study; dietary intake; evidence based medicine; female; food composition; human; interview; male; multiple linear regression analysis; physical activity; aged; diet; middle aged; nutrition; physiology; procedures; United States; young adult; Adult; Aged; Aging; Carotenoids; Cross-Sectional Studies; Diet; Female; Humans; Male; Middle Aged; Nutrition Surveys; Young Adult","39819329","2-s2.0-85216052238"
"Xia, T.; Yuan, Q.; Zhang, Y.; Shan, G.","Xia, Teng (59516014600); Yuan, Qian (59514870900); Zhang, Yao (59515828500); Shan, Guangmei (59516014700)","59516014600; 59514870900; 59515828500; 59516014700","The associations between the energy and timing of sugar-sweetened beverage intake and phenotypic age acceleration in U.S. adults: a cross-sectional survey of NHANES 2007–2010","2025","BMC Public Health","10.1186/s12889-024-21249-3","https://www.scopus.com/inward/record.uri?eid=2-s2.0-85215119010&doi=10.1186%2Fs12889-024-21249-3&partnerID=40&md5=5f56c4829e06c7c04685751cd82c871f","Objectives: The relationship between sugar-sweetened beverage (SSB) intake and phenotypic age acceleration (PhenoAgeAccel) is unclear. The aim of this study was to explore the associations between the energy and timing of SSB intake and PhenoAgeAccel in adults. Methods: A cross-sectional analysis was conducted using data from the National Health and Nutrition Examination Survey (NHANES) 2007–2010, which involved U.S. adults aged 20 to 79 years. The assessment and estimation of SSB intake were conducted through 24-hour dietary recall interviews, categorizing participants into three groups: non-intake, low moderate-intake, and moderate–high-intake. Furthermore, SSB consumers were divided into three time intervals based on intake timing: dawn-to-forenoon (5:00 a.m. to 11:59 a.m.), noon-to-afternoon (12:00 p.m. to 17:59 p.m.), and dusk-to-night (18:00 p.m. to 4:59 a.m.). Multivariable linear regression models were employed to evaluate the associations between SSB intake (energy and timing) and PhenoAgeAccel. Additionally, stratified analyses and interaction analyses were conducted. Furthermore, obesity was assessed via two distinct metrics: the body roundness index (BRI) and the body mass index (BMI). Mediation analysis was conducted to investigate the mediating effect of obesity on the relationship between the energy of SSB intake and PhenoAgeAccel. Results: After controlling for covariates, SSB intake (per 100 kcal/day) was positively correlated with PhenoAgeAccel (β = 0.179, 95% confidence interval [CI]: 0.086–0.271). The moderate–high-intake group presented a significantly greater PhenoAgeAccel than the non-intake group (β = 1.023, 95% CI: 0.414–1.632). This relationship remained stable across stratified analyses. Compared with those who abstained from SSB, those who consumed SSB during the dusk-to-night period exhibited notably elevated PhenoAgeAccel (β = 0.915, 95% CI: 0.316–1.514). A significant interactive effect of smoking on the SSB intake timing–PhenoAgeAccel association was observed (P for interaction = 0.002). Mediation analysis revealed that both BRI and BMI significantly mediated the relationship between energy intake from SSB and PhenoAgeAccel, with mediation proportions of 16.29% and 16.21%, respectively. Conclusion: Our study revealed a positive correlation between SSB energy intake and PhenoAgeAccel, which may be partially mediated by obesity. Moreover, consuming SSB during the dusk-to-night period may increase PhenoAgeAccel. © The Author(s) 2024.","adult; aged; caloric intake; cross-sectional study; female; human; male; middle aged; nutrition; phenotype; sugar-sweetened beverage; time factor; United States; young adult; Adult; Aged; Cross-Sectional Studies; Energy Intake; Female; Humans; Male; Middle Aged; Nutrition Surveys; Phenotype; Sugar-Sweetened Beverages; Time Factors; Young Adult","39780125","2-s2.0-85215119010"
"Tian, T.; Zhu, L.; Wu, Z.; Xuan, W.; Li, Y.; Fan, J.; Zeng, J.; Ni, J.","Tian, Tian (57665822800); Zhu, Liyu (59348815300); Wu, Zhuoyi (58788395900); Xuan, Wenjie (60356852900); Li, Yuancheng (58300552500); Fan, Jiangao (55635525200); Zeng, Jing (57212322449); Ni, Jing (55754707000)","57665822800; 59348815300; 58788395900; 60356852900; 58300552500; 55635525200; 57212322449; 55754707000","Accelerated biological aging drives the progression from MASLD to cirrhosis","2025","Metabolism and Target Organ Damage","10.20517/mtod.2025.161","https://www.scopus.com/inward/record.uri?eid=2-s2.0-105028850852&doi=10.20517%2Fmtod.2025.161&partnerID=40&md5=e1bc4f374a81f86be41857c123d0287e","Aim: Although the association between biological age (BA) and liver dysfunction is well-established, epidemiological evidence on the relationship between BA acceleration and cirrhosis risk in individuals with metabolic dysfunction-associated steatotic liver disease (MASLD) remains limited. Methods: This study included 89,935 individuals with MASLD from the UK Biobank. We used Klemera-Doubal method-BA (KDM-BA), phenotypic age (PhenoAge) and leukocyte telomere length (LTL) as BA indicators. Twelve genetic variants were used to construct polygenic risk scores (PRS). Multivariable Cox proportional hazards models were employed to calculate hazard ratios (HRs) and 95% confidence intervals (CIs) for cirrhosis incidence. Results: During a median follow-up of 12.05 years, 519 individuals developed cirrhosis. Acceleration in PhenoAge and KDM-BA was associated with a 39% (HR 1.39, 95%CI: 1.32-1.47) and 12% (HR 1.12, 95%CI: 1.03-1.22) higher risk of incident cirrhosis, respectively. Longer LTL was associated with a lower risk of cirrhosis (HR 0.84, 95%CI: 0.77-0.91). Participants with the greatest BA acceleration and highest PRS exhibited the highest risk of cirrhosis. Additionally, participants at a high genetic risk level had the greatest 10-year absolute risk reduction of cirrhosis (17.74 per 1,000 person-years) if their PhenoAge acceleration decreased. Conclusion: Our findings demonstrate that alleviating biological aging in individuals with MASLD is important for preventing cirrhosis and could mitigate the adverse effects of high genetic risk. © The Author(s) 2025. Open Access.","albumin; alkaline phosphatase; C reactive protein; creatinine; high density lipoprotein cholesterol; triacylglycerol; accelerated biological aging; adult; aged; aging; alcohol consumption; Article; body mass; cohort analysis; disease exacerbation; DNA extraction; female; follow up; genetic risk score; genetic variability; genotyping; human; hypertension; ICD-10; incidence; leukocyte count; leukocyte telomere length; liver cirrhosis; liver disease; lymphocyte percentage; major clinical study; male; mean corpuscular volume; metabolic dysfunction associated steatotic liver disease; non insulin dependent diabetes mellitus; obesity; phenotype; physical activity; red blood cell distribution width; single nucleotide polymorphism; smoking; UK Biobank","","2-s2.0-105028850852"
"Tang, Y.; Zhou, X.; Chen, Q.; Yu, Z.; Juaiti, M.; Zha, L.","Tang, Yiyang (57219475815); Zhou, Xinyi (58735800900); Chen, Qin (57226818940); Yu, Zaixin (7404345969); Juaiti, Mukamengjiang (58538210800); Zha, Lihuang (57195378198)","57219475815; 58735800900; 57226818940; 7404345969; 58538210800; 57195378198","Accelerated Biological Aging, Genetic Susceptibility, and the Risk of Abdominal Aortic Aneurysm: A Prospective Cohort Study","2025","Reviews in Cardiovascular Medicine","10.31083/RCM46778","https://www.scopus.com/inward/record.uri?eid=2-s2.0-105028436647&doi=10.31083%2FRCM46778&partnerID=40&md5=dd5d643bfff6afbe68c09a68e7a796d6","Background: Biological age (BA) more accurately reflects the true ageing status of the body compared with chronological age. While biological aging is associated with various cardiovascular diseases, the relationship between BA and abdominal aortic aneurysms (AAAs) remains unclear. Methods: This study utilized data from the UK Biobank for analysis. Telomere length (TL) and BA acceleration, calculated using the Klemera-Doubal method (KDM) and phenotypic age (PhenoAge) methods, were used as surrogate measures of biological aging. Cox regression was primarily performed to explore the association between biological aging and AAA risk. Genetic susceptibility was assessed by constructing a polygenic risk score (PRS). Results: This study included 311,646 participants with a median age of 58 years. A total of 1339 new cases of AAA (4.3‰) were reported over a median follow-up period of 12.54 years. Each standard deviation (SD) increase in TL was associated with a 17% decreased risk of AAA (hazard ratio (HR)=0.83, 95% confidence interval (CI)=0.79–0.88). Each SD increase in BA acceleration in the KDM was associated with a 21% increased risk (HR=1.21, 95% CI=1.12–1.29), and and each SD increase in acceleration in the PhenoAge method was associated with a 40% increased risk (HR=1.40, 95% CI=1.32–1.48). These associations were independent of genetic risk, as assessed by the PRS, and a joint effect on AAA occurrence was observed. Additionally, we identified a sex-specific modification in the association between telomere shortening and AAA risk, with a significant association observed exclusively in men. Conclusions: Accelerated biological aging was longitudinally associated with an increased risk of AAA, suggesting that BA may be a significant factor and a potential biomarker for AAA. © 2025 The Author(s). Published by IMR Press. This is an open access article under the CC BY 4.0 license.","albumin; alkaline phosphatase; biological marker; C reactive protein; creatinine; glucose; glycated hemoglobin; abdominal aortic aneurysm; adult; aging; alcohol consumption; algorithm; Article; biobank; biological age; body mass; cholesterol blood level; cohort analysis; confidence interval; female; follow up; genetic risk; genetic risk score; genetic susceptibility; high risk population; human; klemera doubal method; leukocyte count; lymphocyte percentage; major clinical study; male; mean corpuscular volume; multiplex real time polymerase chain reaction; phenotype; physical activity; prevalence; proportional hazards model; prospective study; red blood cell distribution width; risk factor; single nucleotide polymorphism; telomere length; Townsend deprivation index; urea nitrogen blood level","","2-s2.0-105028436647"
"Lee, J.; Kang, M.-G.; Ha, J.; Jo, Y.; Ryu, D.; Jung, H.-W.; Baek, K.-H.; Kim, B.-J.","Lee, Jeongmin (57200312863); Kang, Min-gu (57192817411); Ha, Jeonghoon (57188665622); Jo, Yunju (57206376774); Ryu, Dongryeol (57201809600); Jung, Heewon (56301447800); Baek, Ki-hyun (16633874600); Kim, Beom-jun (60169852800)","57200312863; 57192817411; 57188665622; 57206376774; 57201809600; 56301447800; 16633874600; 60169852800","Low Serum 25-Hydroxyvitamin D as a Risk Factor for Frailty in Community-Dwelling Older Men: A Korean Nationwide Study","2025","Endocrinology and Metabolism","10.3803/EnM.2025.2462","https://www.scopus.com/inward/record.uri?eid=2-s2.0-105027561502&doi=10.3803%2FEnM.2025.2462&partnerID=40&md5=2173eadbd29f3761175c8400540c7804","Background: Despite the critical role of vitamin D in various biological processes, its impact on frailty—a condition closely linked to biological age—remains inconclusive. This study aimed to explore the association between serum 25-hydroxyvitamin D (25[OH] D) levels and frailty status in older Korean adults, utilizing a comprehensive frailty index (FI) and a nationally representative dataset. Methods: This cross-sectional study included 6,589 participants aged ≥65 years from the Korea National Health and Nutrition Examination Survey (2008–2012). Frailty was assessed using a deficit accumulation FI based on 38 physical, cognitive, psychological, and social items. Results: After adjusting for potential confounders, frail men showed 6.8% lower serum 25(OH)D concentrations compared to non-frail controls (P=0.007). Men in the lowest serum 25(OH)D quartile (≤39.3 nmol/L) exhibited a 5.3% higher FI (P=0.047) and 1.71-fold increased odds of frailty (P=0.005), compared to those in the highest quartile (>63.3 nmol/L). Similarly, men with vitamin D deficiency (<30 nmol/L) exhibited a 9.6% higher FI compared to those with sufficient vitamin D levels (≥50 nmol/L; P=0.004). However, no significant association between serum 25(OH)D concentration and frailty was observed in women across any analysis. Conclusion: These findings suggest that low serum 25(OH)D concentrations are a potential risk factor for frailty, particularly in men. Further research is warranted to determine whether vitamin D supplementation in such high-risk older adults could help mitigate frailty. © 2025 Korean Endocrine Society.","25 hydroxyvitamin D; cholesterol; glucose; high density lipoprotein cholesterol; low density lipoprotein cholesterol; triacylglycerol; adult; aged; aging; Article; cardiovascular disease; cholesterol blood level; cognition; cohort analysis; community dwelling person; cross-sectional study; dyslipidemia; educational status; fasting blood glucose level; female; frailty; high risk patient; human; hypertension; income; Korean (people); major clinical study; male; psychological aspect; risk factor; smoking; social aspect; triacylglycerol blood level; vitamin blood level; vitamin D deficiency","41198186","2-s2.0-105027561502"
"Domaradzki, J.; Popowczak, M.; Kochan-Jacheć, K.; Szkudlarek, P.; Koźlenia, D.; Murawska-Ciałowicz, E.","Domaradzki, Jaroslaw (35733327700); Popowczak, Marek (55767458000); Kochan-Jacheć, Katarzyna (36142107200); Szkudlarek, Paweł (58284463500); Koźlenia, Dawid (57204434231); Murawska-Ciałowicz, Eugenia (6602219788)","35733327700; 55767458000; 36142107200; 58284463500; 57204434231; 6602219788","Which Age Matters? Comparing Chronological and Biological Age in Adolescent Adaptation to School-Based Physical Activity Interventions (Wrocław PEER-HEART Study)","2025","Children","10.3390/children12121607","https://www.scopus.com/inward/record.uri?eid=2-s2.0-105025885171&doi=10.3390%2Fchildren12121607&partnerID=40&md5=e84e6de7e2fd0f163132568f7f2e3c3a","Highlights: What are the main findings? Chronological age (CA) was a stronger predictor of physiological adaptations to an eight-week HIIT program than biological maturity (MO). In girls, CA better explained changes in VO<inf>2</inf>max and body fat percentage, while in boys, the interaction between CA and MO predicted systolic blood pressure responses. What are the implications of the main findings? Chronological age may better capture cumulative behavioral and environmental factors influencing adaptation to school-based HIIT. Physical education programs should consider age-sensitive and individualized approaches to optimize health-related outcomes in adolescents. Background/Objectives: Relative age differences within the same school year may influence adolescents’ physiological adaptations to physical activity programs. While biological maturity (maturity offset, MO) is often considered a more relevant indicator than chronological age (CA), empirical evidence from school-based interventions remains limited. This study aimed to compare the predictive value of CA and MO in explaining health-related adaptations to an eight-week high-intensity interval training (HIIT) program delivered during physical education classes. Methods: A total of 256 adolescents (112 boys and 144 girls) participated in HIIT protocols integrated into regular lessons. Health-related outcomes included maximal oxygen uptake (VO<inf>2</inf>max), body fat percentage (BFP), systolic blood pressure (SBP), and diastolic blood pressure (DBP), assessed at baseline, post-intervention, and follow-up. Maturity offset (MO) was estimated using Moore’s method. Statistical analyses included MANOVA/ANOVA, linear regression, and dominance analysis, all stratified by sex. Results: Chronological age explained more variance in the studied outcomes than MO, particularly for BFP and VO<inf>2</inf>max among girls. In boys, a significant CA × MO interaction predicted SBP, indicating interdependence between both age indicators. Dominance analysis confirmed the overall predominance of CA as a predictor across most outcomes. Conclusions: Chronological age proved to be a stronger predictor of adaptation to school-based HIIT than biological maturity, suggesting that calendar age better reflects cumulative behavioral and environmental influences. These findings highlight the need for age-sensitive and personalized approaches when designing physical education interventions to optimize health-related outcomes in adolescents. © 2025 by the authors.","adaptation; adolescent; age; article; biological age; blood pressure; body fat percentage; child; controlled study; diastolic blood pressure; education program; environmental factor; female; follow up; high intensity interval training; human; male; maximal oxygen uptake; multivariate analysis of variance; physical activity; predictive value; school; school child; systolic blood pressure","","2-s2.0-105025885171"
"Kallio, A.E.; Davydova, E.A.; Mishchenko, T.A.; Sivtseva, T.M.; Nikolaeva, M.M.; Burmistrov, D.E.; Bolshakova, A.D.; Tsybusov, S.N.; Zakharova, R.N.; Vedunova, M.V.","Kallio, Anna E. (60255649700); Davydova, Ekaterina A. (59005968300); Mishchenko, T. A. (56674321100); Sivtseva, Tatiana M. (6507766508); Nikolaeva, Maria (58555534700); Burmistrov, D. E. (57219604841); Bolshakova, Anzhela D. (60255078000); Tsybusov, Sergey N. (55561805300); Zakharova, Raisa N. (57190874516); Vedunova, Maria Valerievna (55329617400)","60255649700; 59005968300; 56674321100; 6507766508; 58555534700; 57219604841; 60255078000; 55561805300; 57190874516; 55329617400","Age-Related Human Adaptation to Extreme Climatic Factors and Environmental Conditions","2025","Biology","10.3390/biology14121668","https://www.scopus.com/inward/record.uri?eid=2-s2.0-105025808064&doi=10.3390%2Fbiology14121668&partnerID=40&md5=276bc7497a34f1596ea3ae1bc83061b7","The exposome, which encompasses lifetime environmental exposures, significantly impacts health and can act as a major driving force in accelerating the aging process. While urbanization and climate are among the key exposome factors, the mechanisms that facilitate physiological adaptation to their effects and could potentially extend longevity remain poorly understood. In this study, we aimed to identify aging-associated biomarkers influenced by environmental exposures by comparing hematological and biochemical parameters from 445 individuals. The cohort comprised residents of an extremely cold climate region and of several cities with a milder climate, representing varying levels of urbanization. Our findings, obtained using the Levine PhenoAge model and machine learning, indicate that living in extreme climatic conditions promotes age acceleration, which is accompanied by decreased blood albumin levels. We also observed a strong positive correlation between age acceleration and the functional parameter of erythrocytes (RDW-CV) across different climatic zones. Within the temperate climate zone, residents of small towns exhibited the slowest age acceleration, highlighting urbanization as a driver of accelerated aging. Our data enhance the understanding of the role of the exposome in aging and could inform strategies for promoting healthy aging and longevity tailored to specific environmental and urban contexts. © 2025 by the authors.","","","2-s2.0-105025808064"
"Srour, L.; Bejaoui, Y.; Jerobin, J.; Dweik, M.; Sankar, A.; Qannan, A.; Allouche Colak, N.; Chagoury, O.; Yousri, N.A.; Farrell, T.; Fthenou, E.; Bashir, M.; El Hajj, N.","Srour, Luma (57218129610); Bejaoui, Yosra (57208863732); Jerobin, Jayakumar (35368675200); Dweik, Manar (59959149900); Sankar, Aswathy (59960293600); Qannan, Abeer (57415471000); Allouche Colak, Nassima (60255715000); Chagoury, Odette L. (43261068900); Yousri, Noha A. (23981703800); Farrell, Tom A. (7102489428); Fthenou, Eleni (14618902500); Bashir, Mohammed (39361117900); El Hajj, Nady (25925846100)","57218129610; 57208863732; 35368675200; 59959149900; 59960293600; 57415471000; 60255715000; 43261068900; 23981703800; 7102489428; 14618902500; 39361117900; 25925846100","Maternal DNA methylation signatures of gestational diabetes across all stages of pregnancy","2025","Journal of Translational Medicine","10.1186/s12967-025-07237-0","https://www.scopus.com/inward/record.uri?eid=2-s2.0-105025770783&doi=10.1186%2Fs12967-025-07237-0&partnerID=40&md5=d9fbb25e4bba9032a84a426ad419115e","Background: Gestational diabetes mellitus (GDM) is a common metabolic disorder characterized by hyperglycemia that is first detected during pregnancy, which is not overt diabetes. GDM poses a substantial risk for prenatal and postnatal adverse outcomes affecting both the mother and the offspring. These complications include, but are not limited to, fetal macrosomia, shoulder dystocia, respiratory distress, neonatal hypoglycemia, type 2 diabetes (T2D), and cardiovascular diseases. Screening for GDM typically occurs between 24 and 28 weeks of gestation, a timing that is considered late and may increase the risk of all the adverse outcomes associated with GDM. Treatment and prevention strategies are not standardized globally, may be suboptimal, and are often initiated after a diagnosis has been made. Therefore, our primary goal was to identify DNA methylation signatures specific to GDM to understand its underlying mechanisms. Methods: We conducted genome-wide DNA methylation profiling for normal and GDM pregnant women across the three trimesters of pregnancy in the discovery cohort. DNA methylation levels were measured using the Infinium MethylationEPIC v2.0 BeadChip. Subsequently, our differentially methylated sites were validated in a second cohort. Furthermore, we performed downstream analyses, including KEGG pathway and Gene Ontology enrichment analysis, trait enrichment analysis, and gene expression regulation analysis for the validated differentially methylated sites identified in the second and third trimesters. Results: In this study, we uncovered and validated new DNA methylation signatures that may significantly influence the expression of genes associated with GDM. Furthermore, we discovered new genes (RSL1D1, HOXD4, and MROH6) that may play a role in GDM and might be related to the risk of developing T2D and cardiovascular disease later in life. Trait analysis of the differentially methylated probes revealed that lifestyle and environmental factors are associated with the observed DNA methylation signatures in GDM. Conclusions: We conclude that DNA methylation changes during pregnancy might not fully explain GDM pathogenesis but can reflect population-specific environmental and behavioral factors before and during pregnancy. Some of these discovered CpG sites might regulate previously reported genes linked to GDM and diabetes, highlighting shared and distinct epigenetic mechanisms across populations. © The Author(s) 2025.","glucocorticoid; glucose; metformin; adult; Article; biobank; birth cohort; blood cell; cardiovascular disease; cohort analysis; controlled study; differentially methylated region; DNA methylation; DNA methylation age; female; gene expression regulation; gene ontology; gestational diabetes; human; hyperglycemia; KEGG pathway; macrosomia; metabolic disorder; neonatal hypoglycemia; non insulin dependent diabetes mellitus; pregnancy; pregnant woman; progeny; Qatar; respiratory distress; retained placenta; shoulder dystocia; third trimester pregnancy; CpG island; genetic epigenesis; genetics; mother; reproducibility; Adult; CpG Islands; Diabetes, Gestational; DNA Methylation; Epigenesis, Genetic; Female; Humans; Mothers; Pregnancy; Reproducibility of Results","41444904","2-s2.0-105025770783"
"Turney, I.C.; Huber, B.D.; Ryan, C.P.; Avila, J.F.; Lao, P.J.; Arce Renteria, M.A.; Mazen, J.; Belsky, D.W.; Manly, J.J.; Brickman, A.","Turney, Indira C. (56611968400); Huber, Benjamin D. (58968880700); Ryan, Calen Patrick (36128872500); Avila, Justina F. (55598003500); Lao, Patrick J. (55890185400); Arce Renteria, Miguel (57193337987); Mazen, Jessica (60128619900); Belsky, Daniel W. (15121924900); Manly, Jennifer Jaie (7003503063); Brickman, Adam Mark (7005379435)","56611968400; 58968880700; 36128872500; 55598003500; 55890185400; 57193337987; 60128619900; 15121924900; 7003503063; 7005379435","Alzheimer's Imaging Consortium","2025","Alzheimer's & dementia : the journal of the Alzheimer's Association","10.1002/alz70862_109971","https://www.scopus.com/inward/record.uri?eid=2-s2.0-105025740636&doi=10.1002%2Falz70862_109971&partnerID=40&md5=3ec06d79934650bd7877124c17d560fd","BACKGROUND: Advanced biological is associated with cumulative physiological damage resulting from chronic exposure to environmental and social stressors. The Weathering Hypothesis posits that such exposure-especially in marginalized populations-accelerates biological aging, contributing to health disparities and elevated Alzheimer's disease and related dementias (AD/ADRD) risk. Midlife is a pivotal period for brain aging, marked by structural changes such as increased white matter hyperintensity (WMH) volume and reduced cortical thickness (CT). However, the interplay among advanced biological aging, MRI-based brain aging markers, and social determinants of health across racially/ethnically diverse populations remains poorly understood. Understanding these dynamics is essential for addressing disparities in brain health and AD/ADRD outcomes. METHOD: We examined the association between biological age acceleration (GrimAge) and ADRD-related MRI measures (WMH volume and CT) in 681 racially/ethnically diverse adults aged 45-65 years from the Offspring Study of Racial and Ethnic Disparities in Alzheimer's Disease. Linear regression models assessed the relationships between biological age acceleration and MRI outcomes, adjusting for age, sex, and estimated intracranial volume. Stratified analyses explored associations within racial/ethnic groups. Interaction terms tested the moderating effects of years of education and cardiovascular disease (CVD) burden on these associations. RESULT: In this diverse midlife cohort (66% women; 69% Latinx, 22% Black, 7.5% White; mean age=54±11 years; mean education=13.3 ±3.4 years), accelerated aging was significantly associated with increased WMH volume (β=0.014, 95%CI [0.003,0.025]), but not cortical thickness (β=0.562, 95%CI [0.003,0.025]). The relationship between biological age and WMH was amplified in participants with greater CVD burden (β=0.028, 95%CI [0.011,0.045]). Participants with higher education, Latinx, or White showed less biological age acceleration. Stratified analyses revealed that the association between biological age acceleration and greater WMH volume was marginally strongest in Black (β=0.013, 95%CI [-0.008,0.033]) and Latinx participants (β=0.014, 95%CI [0.001,0.028]), compared with White participants. CONCLUSION: Accelerated biological aging is associated with increased WMH volume and may contribute to disparities in brain health, particularly among individuals with greater cardiovascular burden. These results highlight the need for targeted, multifaceted interventions that account for sociocultural and biological influences to reduce brain health disparities and promote equity in ADRD outcomes. © 2025 The Alzheimer's Association. Alzheimer's & Dementia published by Wiley Periodicals LLC on behalf of Alzheimer's Association.","aged; aging; Alzheimer disease; brain; diagnostic imaging; ethnology; female; human; male; middle aged; nuclear magnetic resonance imaging; pathology; white matter; Aged; Aging; Alzheimer Disease; Brain; Female; Humans; Magnetic Resonance Imaging; Male; Middle Aged; White Matter","41433465","2-s2.0-105025740636"
"Gao, P.-Y.; Chang, J.; Tang, Y.","Gao, Peiyang (57920758000); Chang, Jie (58912713800); Tang, Yi (57221071526)","57920758000; 58912713800; 57221071526","Alzheimer's Imaging Consortium","2025","Alzheimer's & dementia : the journal of the Alzheimer's Association","10.1002/alz70862_110855","https://www.scopus.com/inward/record.uri?eid=2-s2.0-105025740532&doi=10.1002%2Falz70862_110855&partnerID=40&md5=8689bb9a947272b17052211c48aa929b","BACKGROUND: Social determinants of health (SDoH) represent multiple interconnected social and economic factors that have been proposed by the World Health Organization as critical non-medical influences on health outcomes. However, few studies have investigated the relationships and potential mechanisms between SDoH and dementia in large-scale population-based cohorts. METHOD: This population-based prospective study utilized data from the UK Biobank. Our study incorporated seven factors acrossfour domains-economic stability, educational attainment, social contact, and environmental factors-to assess SDoH levels. Cox proportional hazard models and linear regression models were conducted to examine the relationship between SDoH and risk of all-cause and cause-specific dementia, brain structure (focusing on hippocampal volume), and cognitive performance. Causal mediation analysis explored potential mediating factors, including mental health, biological aging, and lifestyle, linking SDoH and dementia. Survival models were applied to estimate differences in life expectancy. RESULT: Among 359,419 participants (median follow-up: 13.46 years), those with favorable SDoH levels demonstrated significantly lower risks of developing all-cause dementia (HR: 0.57, 95% CI: 0.53-0.60), Alzheimer's disease (HR: 0.62, 95% CI: 0.56-0.68), and vascular dementia (HR: 0.48, 95% CI: 0.41-0.55) compared to those with unfavorable SDoH levels. In terms of impact on dementia risk, SDoH ranked second only to age among all analyzed factors. Higher SDoH levels were positively associated with larger hippocampal volume and better performance across cognitive domains. The relationship between SDoH and dementia was mediated by multiple factors: depression (24.00%), frailty (13.60%), biological aging measured by PhenoAge (6.33%), and smoking (2.82%). At age 65, participants with dementia who had favorable SDoH levels demonstrated an average life expectancy 0.909 (95% CI 0.002-1.873) years longer than those with unfavorable SDoH levels. CONCLUSION: Higher levels of SDoH are associated with a reduced risk of dementia, and the associations are mediated by mental health, biological aging, and lifestyle. These findings highlight that prioritizing improvements in SDoH should be a key component of global efforts aimed at mitigating dementia risk and promoting cognition and longer lifespans across populations. © 2025 The Alzheimer's Association. Alzheimer's & Dementia published by Wiley Periodicals LLC on behalf of Alzheimer's Association.","aged; Alzheimer disease; brain; diagnostic imaging; epidemiology; female; hippocampus; human; male; middle aged; nuclear magnetic resonance imaging; pathology; prospective study; risk factor; social determinants of health; United Kingdom; very elderly; Aged; Aged, 80 and over; Alzheimer Disease; Brain; Female; Hippocampus; Humans; Magnetic Resonance Imaging; Male; Middle Aged; Prospective Studies; Risk Factors; Social Determinants of Health","41433388","2-s2.0-105025740532"
"Feng, A.; Zeng, K.; Zhang, X.; Du, J.; Ren, F.; Zhang, X.; Li, J.","Feng, Aoju (59473217000); Zeng, Kaiyi (59472184700); Zhang, Xiongwei (59227239500); Du, Jinyang (60252561700); Ren, Feiyue (60252561800); Zhang, Xiaolei (56025155700); Li, Junkai (36239045200)","59473217000; 59472184700; 59227239500; 60252561700; 60252561800; 56025155700; 36239045200","Flupyradifurone-induced stress effects on Sogatella furcifera (Horváth)","2025","Neotropical Entomology","10.1007/s13744-025-01346-7","https://www.scopus.com/inward/record.uri?eid=2-s2.0-105025691040&doi=10.1007%2Fs13744-025-01346-7&partnerID=40&md5=66219cf786c685dd5e3855d284fc7a73","The effects on biological traits and population parameters, as well as the induction of detoxification enzyme activity and gene upregulation were determined following exposure of S. furcifera to sublethal and lethal concentrations (LC<inf>10</inf>, LC<inf>30</inf>, LC<inf>50</inf>, LC<inf>70</inf>) of flupyradifurone. In F<inf>0</inf>, flupyradifurone did not significantly affect fecundity or adult developmental period, but cytochrome P450 monooxygenase activity was significantly induced by LC<inf>30</inf>, LC<inf>50</inf>, LC<inf>70</inf>, and more than ten P450 genes (e.g., CYP6AX3, CYP6CW4, CYP418A2) were upregulated across concentrations, supporting the predicted detoxification response. In F<inf>1</inf>, consistent with a transgenerational effect, parental exposure at LC<inf>50</inf> and LC<inf>70</inf> significantly prolonged development (1st, 3rd, and 5th instars), increased total preoviposition period (TPOP) and mean generation time (T), and reduced the intrinsic rate of increase (r) and finite rate of increase (λ). Fecundity remained unaffected. Together, these results indicate that flupyradifurone can suppress S. furcifera population growth via transgenerational impacts on development and demography while concurrently inducing P450-mediated detoxification. These findings suggest that flupyradifurone is a valuable tool but should be deployed within integrated pest management: rotate with different modes of action, limit consecutive applications, and combine with non-chemical tactics and resistance monitoring to preserve long-term efficacy. © Sociedade Entomológica do Brasil 2025.","cytochrome P450; insecticide; animal; drug effect; fertility; genetics; growth, development and aging; Hemiptera; larva; metabolism; physiological stress; Animals; Cytochrome P-450 Enzyme System; Fertility; Insecticides; Larva; Stress, Physiological","41437182","2-s2.0-105025691040"
"Mavrommatis, C.; Belsky, D.W.; Ying, K.; Moqri, M.; Campbell, A.; Richmond, A.; Gladyshev, V.N.; Chandra, T.; McCartney, D.L.; Marioni, R.E.","Mavrommatis, Christos (60053720100); Belsky, Daniel W. (15121924900); Ying, Kejun (59330316700); Moqri, Mohammadmahdi M. (55532520900); Campbell, Archie I. (19642129200); Richmond, Anne (57219824548); Gladyshev, Vadim N. (7004407393); Chandra, Tamir (25636990700); McCartney, Daniel L. (57062088500); Marioni, Riccardo E. (59157643500)","60053720100; 15121924900; 59330316700; 55532520900; 19642129200; 57219824548; 7004407393; 25636990700; 57062088500; 59157643500","An unbiased comparison of 14 epigenetic clocks in relation to 174 incident disease outcomes","2025","Nature Communications","10.1038/s41467-025-66106-y","https://www.scopus.com/inward/record.uri?eid=2-s2.0-105025062630&doi=10.1038%2Fs41467-025-66106-y&partnerID=40&md5=8ed4d236266804143d77d0c8a418b56b","Epigenetic Clocks have been trained to predict chronological age, healthspan and lifespan. Such clocks are often analysed in relation to disease outcomes – typically using small datasets and a limited number of clocks. Here, we present a large-scale (n = 18,859), unbiased comparison of 14 widely used clocks as predictors of 174 incident disease outcomes and all-cause mortality over 10-years of follow up. Second- and third-generation clocks significantly outperform first-generation clocks, which have limited applications in disease settings. Of the 176 Bonferroni significant (P < 0.05/174) associations from fully-adjusted Cox regression models controlling for lifestyle and socioeconomic measures, there are 27 diseases (including primary lung cancer and diabetes) where the hazard ratio for the clock exceeds the clock’s association with all-cause mortality. Furthermore, for 32 of the 176 findings, adding the clock to a null classification model with traditional risk factors significantly increases the classification accuracy by >1%. However, there is minimal evidence for interactions between the clocks and sex or smoking (ever/never) status. Second- and third-generation epigenetic clocks show promise for disease risk prediction, particularly in relation to respiratory and liver-based conditions. © The Author(s) 2025.","cancer; hazard assessment; health risk; lifestyle; mortality; risk factor; smoking; acceleration; adult; age; aged; all cause mortality; anemia; Article; aspiration pneumonia; bone and joint infections; bronchiectasis; chronic obstructive lung disease; cohort analysis; comparative study; Crohn disease; delirium; diabetes mellitus; diabetic eye disease; disease association; DNA methylation; epigenetic clock; female; follow up; health outcome; hip fracture; human; hypertension; incidence; infection; logistic regression analysis; lower respiratory tract infection; lung cancer; male; mortality risk; never smoker; peripheral arterial disease; peritonitis; pleura effusion; postviral fatigue syndrome; proportional hazards model; respiratory failure; sex difference; telomere length; trachea cancer; genetic epigenesis; genetics; lung tumor; middle aged; Adult; Aged; Epigenesis, Genetic; Female; Humans; Incidence; Lung Neoplasms; Male; Middle Aged; Proportional Hazards Models; Risk Factors","41402269","2-s2.0-105025062630"
"Li, Z.; Wang, Y.; Ning, X.; Luo, Y.","Li, Zhuo (60244120300); Wang, Yantao (24480235500); Ning, Xin (57218834261); Luo, Yanan (57196086011)","60244120300; 24480235500; 57218834261; 57196086011","Negative Wealth Shock and Epigenetic Aging in Middle-Aged and Older Adults","2025","Gerontology","10.1159/000548231","https://www.scopus.com/inward/record.uri?eid=2-s2.0-105025029638&doi=10.1159%2F000548231&partnerID=40&md5=a1d4da865069b900a09a42a6c8654995","Abstract – Objectives: Negative wealth shocks can pose a serious threat to health; however, there has been no research exploring the potential link between negative wealth shocks and epigenetic aging. This study aimed to explore the relationship between negative wealth shocks and epigenetic aging in middle-aged and older adults. Methods: This study conducted an analysis using data from the Health and Retirement Study (HRS). The analytical sample was reduced by excluding 36 participants who lacked BMI or tobacco data, resulting in a final sample size of 3, 982 individuals. A negative wealth shock is characterized by a decline of 75% or more in total wealth between two consecutive waves, representing a significant decline in wealth. Various epigenetic clocks – including Horvath, Hannum, PhenoAge, GrimAge, DunedinPoAm, epiTOC, Zhang, and Skin&Blood – were employed to assess biological age by analyzing DNA methylation patterns. OLS linear regression was used to evaluate the relationship between wealth status and the epigenetic clocks. Results: Among the participants, 6.98% experienced a negative wealth shock, 6.93% were classified as baseline asset poor, and 86.09% belonged to the positive wealth group. No significant relationship was found between negative wealth shock and the first-generation epigenetic clocks. However, a correlation was observed between negative wealth shock and accelerated epigenetic aging when assessed using the second-generation clocks (epiTOC, Zhang, GrimAge) and the third-generation clock (DunedinPoAm), with the exception of PhenoAge. After adjusting for demographic factors and socioeconomic factors, the significant association between negative wealth shock and accelerated aging in DunedinPoAm, Zhang, and GrimAge persisted. Effects are net of chronological age (model 1), largely attenuated when accounting for SES (model 2), and no longer statistically significant net of lifestyle factors (model 3). Conclusions: Our study identifies a significant relationship between negative wealth shocks and biological aging in middle-aged and older adults. This suggests that socioeconomic factors, particularly sudden economic losses and fluctuations, should be considered in strategies for promoting healthy longevity and aging interventions. Additionally, there is a need for unemployment protection policies or measures to help stabilize medical and food consumption for households or individuals during times of economic instability, addressing the negative impacts of wealth shocks on accelerated aging. © 2025 S. Karger AG, Basel","aged; aging; alcohol consumption; Article; Barthel index; body mass; chronic disease; controlled study; DNA methylation; economic instability; epigenetic clock; female; food intake; health care policy; health insurance; household; human; lifestyle; longevity; major clinical study; male; marriage; physical activity; poverty; retirement; socioeconomics; tobacco consumption; unemployment; genetic epigenesis; genetics; middle aged; Aged; Aging; DNA Methylation; Epigenesis, Genetic; Female; Humans; Male; Middle Aged; Socioeconomic Factors","40966178","2-s2.0-105025029638"
"Gerber, L.; Peters, K.J.; King, S.L.; Allen, S.J.; Connor, R.C.; Forbes, O.; Holmes, K.G.; Kearns, A.M.; Willems, E.P.; Krützen, M.; Rollins, L.A.","Gerber, Livia (57061997300); Peters, Katharina J. (55889608300); King, Stephanie L. (55098703400); Allen, Simon J. (35733296600); Connor, Richard C. (7102097481); Forbes, Owen (57196213782); Holmes, Kathryn G. (57222605262); Kearns, Anna M. (25959209400); Willems, Erik P. (16445086200); Krützen, Michael (6603440782); Rollins, Lee Ann (14030550700)","57061997300; 55889608300; 55098703400; 35733296600; 7102097481; 57196213782; 57222605262; 25959209400; 16445086200; 6603440782; 14030550700","Social bonds decrease epigenetic age in male bottlenose dolphins","2025","Communications Biology","10.1038/s42003-025-09227-w","https://www.scopus.com/inward/record.uri?eid=2-s2.0-105024698397&doi=10.1038%2Fs42003-025-09227-w&partnerID=40&md5=2e823297019437f4451ce768ef0b9ff6","Ageing is a universal process characterised by the deterioration of functional traits over an individual’s lifespan. Differing degrees of age-related decline between individuals of the same chronological age suggest varying rates of ageing. Identifying factors influencing these inter-individual differences in ‘biological age’ is central to understanding ageing. In social mammals, social variables affect lifespan and are therefore likely to affect biological age. In Shark Bay, Western Australia, male bottlenose dolphins forge persisting intrasexual social bonds that affect their reproductive success and, therefore, their evolutionary fitness. We investigate the relationship between cumulative social bond strength, group size, and biological age of individual male dolphins in this population. Biological age is inferred using a species-specific epigenetic clock, the current gold standard for such an inference. We find a significant negative effect of cumulative social bond strength and a significant positive effect of group size. This implies that the negative effect of social bonds on epigenetic age cannot be attributed solely to group-living, but to benefits of the social bonds themselves. As established in humans, we find that the strength of social relationships affects epigenetic age, indicating that sociality may be linked to biological ageing more broadly across social mammals. © The Author(s) 2025.","aging; animal; bottlenose dolphin; genetic epigenesis; genetics; male; physiology; social behavior; Aging; Animals; Bottle-Nosed Dolphin; Epigenesis, Genetic; Male; Social Behavior","41318801","2-s2.0-105024698397"
"Xu, X.; Li, Y.; Wang, Y.; Song, B.R.; Zhan, J.; Zong, G.; Chen, X.; Xu, K.; Sun, L.; Feng, C.; Lichtenstein, A.H.; Gao, X.","Xu, Xinming (57193080079); Li, Yucan (58485634100); Wang, Yunxin (60236793100); Song, Berty Ruping (59474327500); Zhan, Jiada (59372604700); Zong, Geng (56769161800); Chen, Xingdong (25639326800); Xu, Kelin (57207686179); Sun, Liang (57221137381); Feng, Chengwu (57396584200); Lichtenstein, A. H. (7103110830); Gao, Xiang (7403873247)","57193080079; 58485634100; 60236793100; 59474327500; 59372604700; 56769161800; 25639326800; 57207686179; 57221137381; 57396584200; 7103110830; 7403873247","Relationships among dietary patterns and heterogeneous biological aging at system and organ-specific levels and mortality risks","2025","npj Science of Food","10.1038/s41538-025-00625-2","https://www.scopus.com/inward/record.uri?eid=2-s2.0-105024688397&doi=10.1038%2Fs41538-025-00625-2&partnerID=40&md5=e132f2461bdd2bc2ac0be5397cd00511","This study utilized data from the National Health and Nutrition Examination Survey (NHANES), to train mortality prediction-based phenotypic ages (PhenoAge [systemic] and organ-specific ages [cardiovascular, kidney, liver, and musculoskeletal]) from NHANES-III, and applied it in the continuous NHANES. Weighted linear regression analyses revealed significant associations between five diet scores—Healthy Eating Index 2020, Alternate Healthy Eating Index, Dietary Approaches to Stop Hypertension, Alternate Mediterranean Diet Score, and Dietary Inflammatory Index—derived from 24-hour diet recalls and accelerations in biological ages, encompassing both phenotypic and epigenetic measures (GrimAge2 and DunedinPoAm). Reduced rank regression was used to derive five aging-related diet scores that considered food groups within each previously established score as predictors and phenotypic age accelerations as response. The strongest food predictors of favorable aging-related diet scores included dietary patterns high in vegetables, fruits and high-quality protein (dairy, fish and legumes), and low in added sugar, sugar-sweetened beverages and red/processed meat. Weighted Cox regression models revealed that aging-related diet scores were more strongly associated with mortality risk than their respective diet scores alone. (Figure presented.) © The Author(s) 2025.","","","2-s2.0-105024688397"
"Cruz-Montecinos, C.; Calatayud, J.; Andersen, L.L.; López Bueno, R.; Penailillo, L.; Torres Castro, R.; Diefenthaeler, F.; Núñez-Cortés, R.","Cruz-Montecinos, Carlos (56495424400); Calatayud, Joaquín (55837627700); Andersen, Lars Louis F. (26634786600); López Bueno, Rubén D.Sign©n (57204275020); Penailillo, Luis E. (55362497300); Torres Castro, Rodrigo C. (56059182300); Diefenthaeler, Fernando (23479220400); Núñez-Cortés, Rodrigo (56925558600)","56495424400; 55837627700; 26634786600; 57204275020; 55362497300; 56059182300; 23479220400; 56925558600","A machine learning approach for estimating intrinsic capacity age and its associations with multimorbidity and geroprotective agents","2025","Gerontologist","10.1093/geront/gnaf228","https://www.scopus.com/inward/record.uri?eid=2-s2.0-105024261242&doi=10.1093%2Fgeront%2Fgnaf228&partnerID=40&md5=242c74d64c02fa893a83a2e370f19935","Background and Objectives Aging is associated with functional decline and multimorbidity, highlighting the need for holistic biomarkers to monitor healthy aging. The aim of this study was to validate intrinsic capacity age (IC-age) as a biomarker of aging and to examine its association with multimorbidity and geroprotective agents. Research Design and Methods A cross-sectional study was conducted with data from 48,068 participants aged ≥60years from the 9th wave of the Survey of Health, Ageing and Retirement in Europe (2021–2022). Random forest regression was used to train a model predicting IC-age based on biomarkers (cognitive, psychological, sensory, vitality, locomotion) and demographic factors. Results IC-age showed a prediction error of 5.3years (r=0.55). Biomarkers for vitality (handgrip strength), cognitive (verbal fluency and memory), and sensory (hearing aid use) domains were important contributors. General linear models assessed associations with multimorbidity, physical activity, and smoking. Intrinsic capacity age was significantly higher in individuals with multimorbidity and smokers compared with healthy individuals. Physical activity exhibited a protective effect on IC-age, with vigorous activity showing a particularly pronounced benefit in women. Discussion and Implications This model demonstrates that IC domains can estimate biological age and distinguish individuals based on their comorbidities. It also underscores the role of physical activity as a key geroprotective factor, with vigorous physical activity in females with comorbidities showing the most pronounced protective effect on IC-age. These results validate the concept of IC-age as a comprehensive measure of aging and highlight its potential to inform personalized interventions and public health strategies. © The Author(s) 2025. Published by Oxford University Press on behalf of the Gerontological Society of America. All rights reserved.","biological marker; aged; aging; cognition; cross-sectional study; Europe; exercise; female; geriatric assessment; hand strength; healthy aging; human; machine learning; male; middle aged; multiple chronic conditions; physiology; procedures; very elderly; Aged; Aged, 80 and over; Aging; Biomarkers; Cognition; Cross-Sectional Studies; Exercise; Female; Geriatric Assessment; Hand Strength; Healthy Aging; Humans; Machine Learning; Male; Middle Aged; Multimorbidity","41042915","2-s2.0-105024261242"
"Anand, A.; Agarwal, Y.; Gupta, T.; Lin, J.; Ghemrawi, M.; Gerhard, G.S.; Lee, H.","Anand, Akshay (60228188600); Agarwal, Yash (60227906300); Gupta, Tanisha (60227715700); Lin, Jason (60227998500); Ghemrawi, Mirna (57220597131); Gerhard, Glenn S. (7006506960); Lee, Hayan (55338526000)","60228188600; 60227906300; 60227715700; 60227998500; 57220597131; 7006506960; 55338526000","EnsembleAge clock: a reliable and robust epigenetic age clock service reveals epigenetic age acceleration in opioid-overdosed brains","2025","BMC Genomics","10.1186/s12864-025-12271-9","https://www.scopus.com/inward/record.uri?eid=2-s2.0-105024125734&doi=10.1186%2Fs12864-025-12271-9&partnerID=40&md5=fcb8d724085df836d4db794b9b62270b","Age is a major risk factor for various diseases, such as cancer, cardiovascular conditions, and neurodegenerative diseases. However, chronological age, the simple number of years one has lived, does not capture individual health differences, prompting the development of methods to accurately estimate biological age instead of relying on chronological age. One of the major molecular approaches exploits DNA methylation (DNAm), which is an essential epigenetic modifier for regulating gene expression, cell differentiation, and aging. DNAm-based aging clocks have been developed to predict biological age, but the prediction is highly dependent on training data, including organs and assay technologies. To address these clocks’ high variance, we present two EnsembleAge clocks, leveraging eight previously developed DNAm clocks, harnessing the strengths of each methylome age clock, smoothing out individual variances, and providing a more robust estimation of biological age. We trained our EnsembleAge clock models using DNA methylation data from nine organs in the Genotype-Tissue Expression (GTEx) dataset. Our EnsembleNaive clock model achieved the lowest median absolute error (MeAE) of 4.04 years in whole blood. The EnsembleLR model demonstrated the lowest MeAE of 6.35 years across multiple tissues, including breast, lung, muscle, ovary, prostate, testis, and colon. The significant reduction in MeAE underscores its high practical value in clinical and forensic applications, especially in contexts where epigenetic changes are subtle. We further applied our models to four public datasets representing diverse biological applications, including administered short-term medical opioid use (GSE151485) and long-term opioid overdose (GSE164822). Our model reveals over 10 years of age acceleration in opioid-overdosed brains but no significant epigenetic age acceleration when opioid usage was well administered. Our EnsembleAge clock models are also implemented as a web service, allowing users to conveniently upload their DNA methylation data and receive predictions of their biological age. This empowers individuals to track their biological/epigenetic age over time, mitigating the effect of variance and promoting healthy aging and a beneficial lifestyle. Our EnsembleAge clock service is available at https://ensemble.epiclock.app/. © The Author(s) 2025.","acceleration; aging; Article; binocular convergence; brain; cell differentiation; deep learning; degenerative disease; DNA methylation; epigenetic age acceleration; epigenetic age clock; gene expression; genetic analysis; genotype; human; machine learning; opioid overdosed brain; opioid use; prediction; risk factor; training; drug effect; epigenetics; female; genetic epigenesis; genetics; male; metabolism; pathology; procedures; narcotic analgesic agent; Aging; Analgesics, Opioid; Brain; DNA Methylation; Epigenesis, Genetic; Epigenomics; Female; Humans; Male","41351063","2-s2.0-105024125734"
"Ikegame, T.; Bundo, M.; Nagaoka, D.; Yanagida, Y.; Nakachi, Y.; Kiyota, E.; Okada, N.; Koike, S.; Yamasaki, S.; Ando, S.; Nishida, A.; Iwamoto, K.; Kasai, K.","Ikegame, Tempei (14007620100); Bundo, Miki (6603588846); Nagaoka, Daiki (57224775321); Yanagida, Yutaro (59340449300); Nakachi, Yutaka (23111005700); Kiyota, Emi (6506267653); Okada, Naohiro (56523950500); Koike, Shinsuke (36961019700); Yamasaki, Syudo (22036925600); Ando, Shuntaro (53063099300); Nishida, Atsushi (35311924300); Iwamoto, Kazuya (7202321244); Kasai, Kyioto L. (26643019200)","14007620100; 6603588846; 57224775321; 59340449300; 23111005700; 6506267653; 56523950500; 36961019700; 22036925600; 53063099300; 35311924300; 7202321244; 26643019200","Association Study on Multi-Timepoint DNA Methylation Levels of Serotonin Transporter Gene and Adolescent Psychological-Behavioral Development","2025","Neuropsychopharmacology Reports","10.1002/npr2.70081","https://www.scopus.com/inward/record.uri?eid=2-s2.0-105023912773&doi=10.1002%2Fnpr2.70081&partnerID=40&md5=c36d11debc617be42e782ee6a005a298","Aims: This study aimed to investigate whether multi-timepoint DNA methylation levels at the SLC6A4 gene during early adolescence are associated with psychopathological and behavioral clusters, SLC6A4 encodes the serotonin transporter, which regulates the concentration of serotonin in the synaptic cleft. The clusters were previously identified by deep learning analysis of self- and parental-report questionnaires from participants in the Tokyo Teen Cohort (TTC) study in Japan. Methods: We extracted genomic DNA from saliva samples of a subset of TTC participants (N = 122) at ages 11, 13, and 15. DNA methylation levels at the functional CpG sites within the SLC6A4 promoter were measured using bisulfite pyrosequencing. Five psychopathological and behavioral clusters were applied from the previous study: minimal problems, persistent or worsening internalizing problems, subjective problems overlooked by caregivers, persistent externalizing problems, and chronic severe problems across symptoms. Linear mixed-effects models were applied to assess the associations between DNA methylation levels and psycho-behavioral clusters. Results: Males exhibited significantly lower mean methylation levels compared to females across all time points. Males classified as persistent externalizing problems showed notably lower methylation levels than those classified as minimal problems. Conclusions: DNA methylation levels in the SLC6A4 could potentially serve as epigenetic signatures for male adolescents exhibiting externalizing behavioral problems. To our knowledge, this is the first study to track SLC6A4 methylation at three developmental time points across early to mid-adolescence. Further epigenetic research is warranted to understand the role of environmental and genetic factors in the manifestation of adolescent behavioral problems. © 2025 The Author(s). Neuropsychopharmacology Reports published by John Wiley & Sons Australia, Ltd on behalf of The Japanese Society of Neuropsychopharmacology.","genomic DNA; serotonin; serotonin transporter; SLC6A4 protein, human; adolescent development; Article; behavior; bisulfite pyrosequencing; caregiver; child; controlled study; deep learning; DNA methylation; DNA methylation age; epigenetics; externalizing disorder; female; gene; human; internalizing disorder; Japan; major clinical study; male; problem behavior; promoter region; psychological development; pyrosequencing; quality control; questionnaire; saliva; school child; sex difference; adolescent; adolescent behavior; cohort analysis; genetic epigenesis; genetics; physiology; Adolescent; Adolescent Behavior; Child; Cohort Studies; DNA Methylation; Epigenesis, Genetic; Female; Humans; Male; Promoter Regions, Genetic; Serotonin Plasma Membrane Transport Proteins","41344989","2-s2.0-105023912773"
"Ni, W.; Bozack, A.K.; Rifas-Shiman, S.L.; Oken, E.; Hivert, M.-F.; Nassikas, N.J.; Sordillo, J.; Perng, W.; Gold, D.R.; Cardenas, A.; Rice, M.B.","Ni, Wenli (57203870639); Bozack, Anne K. (55752087700); Rifas-Shiman, Sheryl L. (6602973578); Oken, Emily (6603016400); Hivert, Marie France (57216594945); Nassikas, Nicholas J. (54407263800); Sordillo, Joanne E. (35085475900); Perng, Wei (55183448400); Gold, Diane R. (35418579900); Cardenas, Andrès (55315594400); Rice, Mary Berlik (36341067400)","57203870639; 55752087700; 6602973578; 6603016400; 57216594945; 54407263800; 35085475900; 55183448400; 35418579900; 55315594400; 36341067400","Long-term exposure to ambient air pollution and epigenetic age acceleration in children","2025","American Journal of Epidemiology","10.1093/aje/kwaf006","https://www.scopus.com/inward/record.uri?eid=2-s2.0-105023662903&doi=10.1093%2Faje%2Fkwaf006&partnerID=40&md5=e90c81dd6416137592ac32f306651ed4","Long-term exposure to ambient air pollution has been associated with epigenetic age acceleration (EAA) in adults, but its impact on children remains less understood. We analyzed data from 457 children (mean age: 7.9 years) in the Project Viva cohort (2007-2010, eastern Massachusetts, USA). We calculated the following EAAs from leukocytes: Horvath’s epigenetic age acceleration (HorvathEAA), intrinsic epigenetic age acceleration (IEAA), and skin and blood epigenetic age acceleration (Skin&BloodEAA). We applied generalized additive models to evaluate associations of prior-365-day average and lifetime average exposure to fine particulate matter (PM<inf>2.5</inf>), nitrogen dioxide (NO<inf>2</inf>), and ozone (O<inf>3</inf>), as well as the distance to major roadways, with EAA. Results indicated that each IQR increase (1.9 μg m−3) in the prior-365-day average of PM<inf>2.5</inf> was associated with 0.26 years (95% CI, -0.49 to -0.03) lower HorvathEAA, although it did not survive multiple testing adjustment. Similar patterns but with wider CIs were observed for IEAA (-0.22; 95% CI, -0.44 to 0.01) and Skin&BloodEAA (-0.04; 95% CI, -0.19 to 0.11). No associations were observed of exposure to lifetime average PM<inf>2.5</inf>, prior-365-day or lifetime average NO<inf>2</inf> or O<inf>3</inf> or distance to major roadways with EAA. These findings suggest higher prior-365-day average PM<inf>2.5</inf> exposure may relate to lower HorvathEAA in children. © The Author(s) 2025. Published by Oxford University Press on behalf of the Johns Hopkins Bloomberg School of Public Health. All rights reserved.","nitrogen dioxide; ozone; ambient air; atmospheric pollution; child care; epidemiology; particulate matter; risk assessment; skin; aging; air pollution; Article; body mass; child; DNA methylation; environmental exposure; epigenetics; female; household income; human; human experiment; leukocyte count; lifespan; long term exposure; male; PM2.5 exposure; sensitivity analysis; smoking; adverse event; air pollutant; drug effect; genetic epigenesis; Massachusetts; preschool child; United States; Air Pollutants; Air Pollution; Child; Child, Preschool; Environmental Exposure; Epigenesis, Genetic; Female; Humans; Male; Nitrogen Dioxide; Ozone; Particulate Matter","39814684","2-s2.0-105023662903"
"Li, Y.; Xu, X.; Zheng, Y.; Li, R.; Zhang, X.; Wang, J.; Gao, N.; Wang, J.; Wang, Y.; Li, J.; Li, J.; Wang, D.; Liu, Z.; Cui, M.; Jiang, Y.; Wang, Y.; Suo, C.; Zhang, T.; Xu, K.; Chen, X.","Li, Yucan (58485634100); Xu, Xinming (57193080079); Zheng, Yi (58180848200); Li, Rui (59195519100); Zhang, Xin (55935252200); Wang, Jiacheng (58180784500); Gao, Ningxin (57934640800); Wang, Jianming (60220568900); Wang, Yawen (57402089300); Li, Jialin (57208318160); Li, Jincheng (58154942900); Wang, Danke (57972014100); Liu, Zhenqiu (57192230815); Cui, Mei (36777059000); Jiang, Yanfeng (57204719011); Wang, Yingzhe (57204734163); Suo, Chen (60220502900); Zhang, Tiejun (55729079600); Xu, Kelin (57207686179); Chen, Xingdong (25639326800)","58485634100; 57193080079; 58180848200; 59195519100; 55935252200; 58180784500; 57934640800; 60220568900; 57402089300; 57208318160; 58154942900; 57972014100; 57192230815; 36777059000; 57204719011; 57204734163; 60220502900; 55729079600; 57207686179; 25639326800","Synergistic and heterogeneous aging using composite phenotypes and multiple organ systems aging clocks","2025","Communications Medicine","10.1038/s43856-025-01222-w","https://www.scopus.com/inward/record.uri?eid=2-s2.0-105023515847&doi=10.1038%2Fs43856-025-01222-w&partnerID=40&md5=b77c69d666f10582394a52bf9abb122f","Background: Assessing aging pace through biological age offers a precise perspective and underscores the need for further investigation into organ-level disparities. Methods: This observational study utilized multi-scale phenotypes from the Taizhou Imaging Study, encompassing brain imaging, cognitive assessment, blood biochemistry, omics, and physical measures. A total of 904 individuals (403 men and 501 women) aged 55-65 years were included. Age correlations with single and composite phenotypes were assessed, and multi-modal aging clocks were developed, incorporating organ systems, cognition, and the whole body. Results: Here we show that composite phenotypes, such as those of cardiovascular system and bone, alter with age progression and could serve as aging clock features. Despite existing connections among various organs’ aging rates, their low intensity (under 0.25) indicates the variability of aging. Accelerated aging in the brain (mediating 12.46%, 95% CI: 4.37% to 24.44%) and kidneys (mediating 6.94%, 95% CI: 1.08% to 18.63%) partially mediates the relationship between smoking and the decline in olfactory identification. The diversity of organ aging is also evident as accelerated aging extends from the cardiovascular system to the kidneys and brain with increasing metabolic risk factors. Moreover, the biological ages of cardiovascular system, bone, metabolism, brain and the whole body show stronger associations with cardiovascular events risk than chronological age. Conclusions: The overlap between composite phenotypes and biological age provides valuable insights into multi-phenotypic aging. The unearthing of the heterogeneity in aging processes could further inform the development of personalized interventions to slow organ-specific aging and better manage age-related health problems. © The Author(s) 2025.","","","2-s2.0-105023515847"
"Aixa-Requena, S.; Conesa-Milian, E.; Hernández-González, V.; Puente-Lanzarote, J.J.; López-Laval, I.; Pano-Rodriguez, Á.; Reverter-Masia, J.","Aixa-Requena, Saül (59725115900); Conesa-Milian, Enric (58555439000); Hernández-González, Vicenç (55777812000); Puente-Lanzarote, Juan José (56596833000); López-Laval, Isaac (56596663300); Pano-Rodriguez, Alvaro (57208438126); Reverter-Masia, Joaquín (16022966600)","59725115900; 58555439000; 55777812000; 56596833000; 56596663300; 57208438126; 16022966600","High-Sensitivity Cardiac Troponin T in Healthy Sport-Participating Youth Aged 8–16 Years: Reference Values From the Cor-School Cohort","2025","American Journal of Human Biology","10.1002/ajhb.70176","https://www.scopus.com/inward/record.uri?eid=2-s2.0-105023334102&doi=10.1002%2Fajhb.70176&partnerID=40&md5=444bcd9ca7668d09d3d87e44374982be","Objectives: High-sensitivity cardiac troponin T (hs-cTnT) is widely used in adult cardiology, yet pediatric reference values remain scarce. This study aimed to establish reference values for hs-cTnT in healthy sport-participating youth aged 8–16 years from Spain; to examine differences by age, sex, and pubertal stage; and to explore associations with anthropometry and physical activity. Methods: This cross-sectional study used baseline data from the Cor-School cohort, including 733 organized sport participants aged 8–16 years from northeastern Spain. Anthropometry, pubertal status, biological maturity, and PHV timing were assessed alongside hs-cTnT and habitual physical activity. Percentiles were calculated from detectable hs-cTnT concentrations below the 99.75th percentile. Group comparisons, correlations, and regression models examined developmental patterns. Results: Among 733 youth, 39% had detectable hs-cTnT and 4.7% exceeded 14 ng/L. The 97.5th and 99th percentiles were 15.2 ng/L (90% CI: 12.4–16.9) and 19.1 ng/L (90% CI: 15.2–21.3), peaking in early adolescence (11–13 years) and around PHV. Tanner Stage 4 showed the highest 99th percentile (20.4 ng/L), while Tanner 5 had lower values. Boys presented greater detectability (42% vs. 33%) and higher percentiles (99th: 19.1 vs. 15.6 ng/L). hs-cTnT correlated weakly with maturity offset (ρ = 0.183, p = 0.002) and inversely with body fat (ρ = −0.170, p = 0.040), but no independent predictors remained in multivariable models (R2 adj = 0.033). Conclusions: hs-cTnT increases physiologically during adolescence, reflecting biological maturation. Pediatric-specific reference values by age and developmental stage are recommended to avoid misclassification. As all participants were regularly engaged in organized sport, the reference values obtained likely represent the upper end of physiological hs-cTnT concentrations in physically active youth. © 2025 The Author(s). American Journal of Human Biology published by Wiley Periodicals LLC.","troponin T; adolescent; blood; child; cohort analysis; cross-sectional study; exercise; female; human; male; reference value; Spain; Adolescent; Child; Cohort Studies; Cross-Sectional Studies; Exercise; Female; Humans; Male; Reference Values; Troponin T","41319031","2-s2.0-105023334102"
"Lian, M.; Morcelet, L.; Marmouget-Joyau, I.; Fuchs, B.; Thiel, A.; Græsli, A.R.; Evans, A.L.; Rodushkin, I.; Nordli, K.; Stenbacka, F.; Tallian, A.; Neumann, W.; Arnemo, J.M.","Lian, Marianne (55916392300); Morcelet, Lucile (60215107700); Marmouget-Joyau, Ilona (60214268600); Fuchs, Boris (57190347345); Thiel, Alexandra (57209364456); Græsli, Anne Randi (56649356300); Evans, Alina Lynn (24480948100); Rodushkin, Ilia V. (55922679500); Nordli, Kristoffer (57694973400); Stenbacka, Fredrik (35520410400); Tallian, Aimee G. (56422217400); Neumann, Wiebke (25823937900); Arnemo, Jon Martin (6603850541)","55916392300; 60215107700; 60214268600; 57190347345; 57209364456; 56649356300; 24480948100; 55922679500; 57694973400; 35520410400; 56422217400; 25823937900; 6603850541","Whole blood selenium concentrations in four free-ranging mammal species from central Scandinavia","2025","Acta Veterinaria Scandinavica","10.1186/s13028-025-00837-2","https://www.scopus.com/inward/record.uri?eid=2-s2.0-105023196747&doi=10.1186%2Fs13028-025-00837-2&partnerID=40&md5=191e1167995e1d7002e0a88108144941","Background: Selenium (Se) is an essential element for mammals, with a relatively narrow safety margin between deficiency and toxicity. It is involved in the function of many vital activities and systems, including antioxidants, immune system, thyroid activity, muscle metabolism, and growth by composing different proteins and enzymes. Northern Europe is a Se deficient region, and livestock have been supplemented with mineral bolus or similar for decades to counteract Se deficiency, whereas Finland even adds Se to fertilizers to supplement soil, plants, animals and humans. Relatively few studies have investigated total Se concentrations ([TSe]) in wildlife, and here we present [TSe] measured in whole blood in moose (Alces alces), brown bears (Ursus arctos), wolves (Canis lupus), and wolverines (Gulo gulo) from Norway and Sweden. Results: [TSe] in whole blood increased with the trophic level of the species: herbivorous moose < omnivorous bears < carnivorous wolves < scavenging wolverines. Compared to established reference ranges of [TSe] in domesticated species, more than half of all moose sampled and 5% of brown bears were Se deficient. Surprisingly, 49% of bears, 42% wolves and 29% wolverines had [TSe] above recommended references range for domesticated species. In general, [TSe] significantly increased with age and body weight in all sampled species, whereas for most species, there was an additional association with region, year, and season sampled, reflecting variations in Se uptake caused by the element’s geochemical properties related to bedrock and soil availability and atmospheric precipitation. Conclusions: Further studies should focus on a wider spatial distribution for these animals and especially include more wolverines to investigate the relatively high [TSe] observed in this species. We also emphasize the importance of measuring Se in poor regions for ecotoxicology studies, since Se deficiency can exacerbate heavy metal toxicosis. © The Author(s) 2025.","selenium; Article; bedrock; biological age; blood sampling; body weight; brown bear; Canis lupus; carnivore; controlled study; domestic animal; female; geochemical analysis; Gulo gulo; herbivore; male; mammal; moose; nonhuman; Norway; omnivore; precipitation; Scandinavia; scavenger (organism); seasonal variation; selenium blood level; soil; Sweden; trophic level; animal; bear; blood; deer; wild animal; wolf; Animals; Animals, Wild; Deer; Female; Male; Selenium; Ursidae; Wolves","41299761","2-s2.0-105023196747"
"Chen, X.; Dong, H.; Shi, F.; Qin, F.; Zhao, Y.","Chen, Xinyun (57351947500); Dong, Hui (60209588800); Shi, Fangyu (57205326732); Qin, Feng (7006550175); Zhao, Ying (57204526084)","57351947500; 60209588800; 57205326732; 7006550175; 57204526084","Association of uric acid to high-density cholesterol ratio (UHR) with biological age acceleration: evidence from NHANES 2009–2018","2025","Scientific Reports","10.1038/s41598-025-25877-6","https://www.scopus.com/inward/record.uri?eid=2-s2.0-105022848651&doi=10.1038%2Fs41598-025-25877-6&partnerID=40&md5=da2c3effc1370896db385ec8977cd79c","The global population is rapidly aging, presenting significant public health challenges, particularly with the increased risk of chronic diseases. Biological age acceleration refers to a faster-than-expected aging process, which is associated with an increased risk of age-related chronic diseases. Uric acid to high-density lipoprotein cholesterol ratio (UHR) is a novel biomarker that reflects metabolic disturbances and has been linked to various chronic conditions. Understanding the relationship between UHR and biological age acceleration, as well as its modifiable risk factors, is crucial for developing strategies aimed at promoting healthy aging and managing chronic diseases in older adults. Using data from a cohort study, the ratio of uric acid to high-density cholesterol (UHR), uric acid (UA), and high-density lipoprotein (HDL) were assessed in relation to biological age acceleration, including phenotypic age acceleration (PhAA) and Klemera–Doubal method age acceleration (KDM-AA), through multiple linear and logistic regression models, adjusted for demographic characteristics, lifestyle factors, and medical histories. Restricted cubic spline (RCS), subgroup, and interaction analyses were also conducted. Subgroups were stratified according to age (< 60 vs. ≥60 years), sex (male vs. female), race (Black vs. others), BMI (< 30 vs. ≥30), hypertension (yes/no), cardiovascular disease (yes/no), cancer (yes/no), and physical activity level (< 600, 600–3999, and ≥ 4000 min/week). The results reveal significant associations between elevated UHR, UA levels, reduced HDL cholesterol, and accelerated biological aging. RCS regression analyses revealed a complex relationship between UHR and age acceleration, with a non-linear association with PhAA and a linear relationship with KDM-AA. Subgroup analysis showed that the association between UHR and biological age acceleration remained robust across all groups. Interaction analyses revealed differential effects across subgroups, particularly among individuals with varying physical activity levels, cardiovascular disease, and hypertension status. This study demonstrates a significant positive association between UHR and markers of biological age acceleration. These findings suggest that UHR could serve as a potential biomarker for aging and chronic disease management in older adults, offering insights into strategies to reduce the burden of age-related conditions. © The Author(s) 2025.","biological marker; high density lipoprotein cholesterol; uric acid; adult; aged; aging; blood; cohort analysis; female; human; male; middle aged; nutrition; risk factor; very elderly; Adult; Aged; Aged, 80 and over; Aging; Biomarkers; Cholesterol, HDL; Cohort Studies; Female; Humans; Male; Middle Aged; Nutrition Surveys; Risk Factors; Uric Acid","41290808","2-s2.0-105022848651"
"Pérez, R.F.; Lecumberri-Arteta, J.; Kulis, M.; Botta-Orfila, T.; Rodríguez-Vilarrupla, A.; Yangüas, X.; Ferrer, E.; Rodas, G.; Martín-Subero, J.I.","Pérez, Raúl F. (57201064815); Lecumberri-Arteta, Jon (60111758400); Kulis, Marta (36523169300); Botta-Orfila, Teresa (39862686100); Rodríguez-Vilarrupla, Aina (6508142509); Yangüas, Xavier (38663508500); Ferrer, Eva (57224590597); Rodas, G. (6602977666); Martín-Subero, J. I. (6603744154)","57201064815; 60111758400; 36523169300; 39862686100; 6508142509; 38663508500; 57224590597; 6602977666; 6603744154","Epigenetic signatures, age acceleration, and injury risk in elite female and male soccer players","2025","Scientific Reports","10.1038/s41598-025-25784-w","https://www.scopus.com/inward/record.uri?eid=2-s2.0-105022806874&doi=10.1038%2Fs41598-025-25784-w&partnerID=40&md5=15550725448c61a12a9abc920179b525","Physical activity has been extensively associated with epigenetic modifications. However, the potential contribution of DNA methylation patterns to sports injury susceptibility remains largely unexplored, particularly among high-performance athletes. Since methylation regulates genes involved in inflammation, tissue repair, and musculoskeletal function, altered methylation profiles may influence injury risk. Moreover, epigenetic clocks are increasingly used to assess vulnerability to clinical phenotypes, as accelerated epigenetic aging has been linked to various diseases. Here, we studied the DNA methylome of peripheral blood cells in 74 elite female and male soccer players with extensive non-contact injury follow-up. We aimed to explore alterations associated with increased injury risk and to describe the dynamics of epigenetic age acceleration in this group. Although DNA methylomes between players with higher and lower injury risk were overall similar, we identified 1081 differentially methylated CpGs sites that partly affected genes involved in skeletal muscle functions. We also estimated epigenetic age using eight clocks but found no association with injuries. However, male athletes displayed higher epigenetic age acceleration than females. Comparing the methylome of age-accelerated versus decelerated individuals revealed widespread changes across five clocks, strongly biased towards hypomethylation in age-accelerated players. Differential CpGs targeted genes enriched in extracellular matrix, cytoskeletal and collagen-related functions. Overall, this study suggests a link between DNA methylation and non-contact injuries in elite soccer players and shows that epigenetic age acceleration, although unrelated to injuries, is associated with widespread hypomethylation. © The Author(s) 2025.","adolescent; adult; aging; athlete; CpG island; DNA methylation; female; genetic epigenesis; genetics; human; injury; male; risk factor; soccer; sport injury; young adult; Adolescent; Adult; Aging; Athletes; Athletic Injuries; CpG Islands; DNA Methylation; Epigenesis, Genetic; Female; Humans; Male; Risk Factors; Soccer; Young Adult","41290796","2-s2.0-105022806874"
"Kamis, C.; Xu, W.; Schultz, A.; Clark, J.; Engelman, M.; Malecki, K.","Kamis, Christina (57212526407); Xu, Wei (57218091887); Schultz, Amy A. (57193267045); Clark, Joseph A. (57197744130); Engelman, Michal (16028626300); Malecki, Kristen M.C. (12791957400)","57212526407; 57218091887; 57193267045; 57197744130; 16028626300; 12791957400","How does life course exposure to contextual disadvantage accelerate biological aging? The role of psychological symptoms","2025","Journals of Gerontology - Series B Psychological Sciences and Social Sciences","10.1093/geronb/gbaf206","https://www.scopus.com/inward/record.uri?eid=2-s2.0-105022806848&doi=10.1093%2Fgeronb%2Fgbaf206&partnerID=40&md5=a8187e14fe6efe98498c2ece6364be91","Objectives Recent research has found that life course exposure to contextual socioeconomic disadvantage may accelerate biological aging, providing key insight into an upstream driver of health disparities. However, questions about the intervening mechanisms remain. We examine the role of psychological symptoms in the direct and indirect relationships between cumulative neighborhood disadvantage and accelerated biological aging. Methods We leverage the Researching Epigenetic, Weathering, Aging, & Neighborhood Disadvantage (REWARD) Study, a subsample of the Survey of the Health of Wisconsin (SHOW) (2008–2019) that includes an assessment of cumulative neighborhood disadvantage based on long-term residential histories and three blood-based epigenetic clocks (i.e., GrimAge, PhenoAge, and DunedinPACE). We use path analysis to assess the direct and indirect relationship of cumulative neighborhood disadvantage and accelerated biological aging through psychological symptoms measured as overall distress and disaggregated as depression, anxiety, and stress symptoms. Results Cumulative neighborhood disadvantage is associated with epigenetic age acceleration directly and indirectly via overall psychological distress, with 10–13% of the neighborhood disadvantage effects mediated by increased distress across the aging clocks. Anxiety appears as a significant mediating factor for some clocks (most notably GrimAge and DunedinPACE). Discussion Contextual disadvantage is an important social determinant of health that operates throughout the life course and may lead to disparities in healthy aging through psychological symptoms. © The Author(s) 2025. Published by Oxford University Press on behalf of the Gerontological Society of America. All rights reserved.","aged; aging; anxiety; depression; distress syndrome; epidemiology; female; genetic epigenesis; genetics; health disparity; human; male; mental stress; middle aged; psychology; residence characteristics; socioeconomics; Wisconsin; Aged; Aging; Anxiety; Depression; Epigenesis, Genetic; Female; Health Status Disparities; Humans; Male; Middle Aged; Psychological Distress; Residence Characteristics; Socioeconomic Factors; Stress, Psychological","41124018","2-s2.0-105022806848"
"Kusuma, R.M.; Lesmana, M.H.S.; Amelia, V.L.; Ansar, M.; Wiratama, B.S.; Muhtar, M.S.; Chung, M.-H.","Kusuma, Reni Merta (60209037700); Lesmana, Mohammad Hendra Setia (57876958600); Amelia, Vivi Leona (57211608590); Ansar, Muhamad (57216770021); Wiratama, Bayu Satria (57204581553); Muhtar, Muhammad Solihuddin (57220596738); Chung, Min Huey (22953113600)","60209037700; 57876958600; 57211608590; 57216770021; 57204581553; 57220596738; 22953113600","DNA methylation of the IL6R gene moderates the association between biopsychosocial factors and depression","2025","Translational Psychiatry","10.1038/s41398-025-03596-w","https://www.scopus.com/inward/record.uri?eid=2-s2.0-105022779300&doi=10.1038%2Fs41398-025-03596-w&partnerID=40&md5=3c6520fdcb5f74f91510af0b508792c7","Biopsychosocial factors substantially increase the risk of depression in adults, and DNA methylation has been implicated as a mechanism through which these factors influence this risk. This study determined whether methylation levels moderate the association between biopsychosocial factors and depression. Using cross-sectional data from the Taiwan Biobank 2016–2017, the study examined the effects of biopsychosocial factors and DNA methylation on depression. The sample consisted of 96 participants aged 30 to 68 years. Depression and biopsychosocial factors were evaluated using self-reported questionnaires. Biopsychosocial factors included biological factors (age, sex, physical illness, body mass index [BMI]), psychological factors (alcohol experience, smoking experience, and exercise habit), and social factors (education, marriage, and dependency). To obtain methylated gene data, the Taiwan Biobank 2016–2017, 65 biological risk genes, and the GSE113725 dataset were intersected, revealing 5 genes and 14 CpG sites potentially associated with depression (IL2RB-cg02238178, IL2RB-cg11558856, IL15RA-cg03108606, IL15RA-cg07796897, IL15RA-cg08676905, IL6R-cg25853020, IL6R-cg09257526, IL6R-cg04715245, FTL-cg04385818, FTL-cg03039974, ZNF614-cg09503196, ZNF614-cg25776555, ZNF614-cg03293882, and ZNF614-cg15684917). The results indicated that BMI was negatively associated with depression risk (adjusted odds ratio [aOR] = 0.320, 95% confidence interval [CI] [0.117–0.876]), whereas the methylation of IL6R_cg09257526 increased the risk of depression (aOR = 2.535, 95% CI [1.006–6.391]) and significantly moderated the association between BMI and depression (aOR = 4.687, 95% CI [1.185–18.542]). BMI plays a crucial role in biological factors and together with DNA methylation of the IL6R_cg09257526 gene contributes to the occurrence of depression in the Taiwanese population. © The Author(s) 2025.","ferritin; ferritin light chain; interleukin 15 receptor alpha; interleukin 2 receptor beta; interleukin 6 receptor; unclassified drug; zinc finger protein; zinc finger protein 614; IL6R protein, human; adult; aged; alcohol consumption; Article; biopsychosocial model; body mass; controlled study; CpG island; cross-sectional study; depression; DNA methylation age; drinking behavior; educational status; female; genetic association; genetic risk; human; major clinical study; male; marriage; physical disease; psychological aspect; sample size; self-reported questionnaire; social aspect; Taiwan; DNA methylation; genetic predisposition; genetics; middle aged; psychology; risk factor; Adult; Aged; Body Mass Index; Cross-Sectional Studies; Depression; DNA Methylation; Female; Genetic Predisposition to Disease; Humans; Male; Middle Aged; Receptors, Interleukin-6; Risk Factors","41274868","2-s2.0-105022779300"
"Zhang, H.; Tian, W.; Qi, G.; Zhou, B.; Sun, Y.","Zhang, Huanrui (57358115300); Tian, Wen (36923335200); Qi, Guoxian (35743532100); Zhou, Baosen (59974739700); Sun, Yujiao (55524118400)","57358115300; 36923335200; 35743532100; 59974739700; 55524118400","Combined association between phenotypic age acceleration and dietary fiber intake with mortality in middle-aged and elderly cancer survivors","2025","Nutrition Journal","10.1186/s12937-025-01245-y","https://www.scopus.com/inward/record.uri?eid=2-s2.0-105022521859&doi=10.1186%2Fs12937-025-01245-y&partnerID=40&md5=1c273d7dfb7a529ca4f3724fc87191cf","Objective: This study examined the associations of phenotypic age (PhenoAge) acceleration and dietary fiber intake with mortality risk among middle-aged and older adult cancer survivors. Methods: This study analyzed data from 2958 cancer survivors aged 40 and older using National Health and Nutrition Examination Survey (NHANES) 2003-2018. Dietary fiber intake was assessed via two 24-hour dietary recalls, calculated using the USDA database. High dietary fiber intake was defined as the top quartile. Biological age was estimated using the PhenoAge algorithm with 8 biomarkers, defining accelerated aging as PhenoAge >0. Mortality status was determined through linkage with the National Death Index. Cox regression models and Kaplan-Meier curves were used to examine the separate and combined association of dietary fiber intake and PhenoAge acceleration on mortality, adjusting for multiple covariates. Multiplicative interaction was assessed by including a product term in the cox regression models, while additive interaction was examined using the relative excess risk due to interaction (RERI) and the attributable proportion (AP). Restricted cubic spline models were applied to estimate the linear/non-linear relationships between PhenoAge acceleration, dietary fiber intake, and mortality risk. Sensitivity analysis was used to validate previous findings. Results: The study included 2,958 cancer survivors with a baseline mean age of 65.58 years. During a 17-year follow-up (median [IQR]: 79 [42-125] months), 915 participants died. Accelerated aging had elevated risk of all-cause (HR (95% CI), 2.12 (1.78, 2.52), P<0.001), cardiovascular (HR (95% CI), 1.72 (1.18, 2.51), P=0.005), cancer (HR (95% CI), 2.68 (2.00, 3.58), P<0.001), and non-cancer/non-cardiovascular mortality (HR (95% CI), 2.04 (1.58, 2.63), P<0.001). Low dietary fiber intake was linked to increased all-cause (HR (95% CI), 1.31 (1.05, 1.63), P=0.015), cancer (HR (95% CI), 1.59 (1.11, 2.27), P=0.011), and non-cancer/non-cardiovascular mortality (HR (95% CI), 1.64 (1.11, 2.43), P=0.013). The ""Accelerated aging & low dietary fiber"" group had the highest all-cause mortality risk (HR (95% CI), 2.45 (1.81, 3.33), P<0.001), cancer mortality risk (HR (95% CI), 3.40 (2.16, 5.37), P<0.001), non-cancer/non-cardiovascular mortality risk (HR (95% CI), 3.18 (1.91, 5.29), P<0.001), compared to the “Non-accelerated aging & high dietary fiber” group. Furthermore, a significant additive interaction was observed between PhenoAge acceleration and low dietary fiber intake on cancer mortality (RERI = 1.44, 95% CI: 0.23–2.64; AP = 0.42, 95% CI: 0.08–0.76). The results of the sensitivity analysis excluding samples that died within two years are consistent with the main analysis. Conclusions: PhenoAge acceleration and lower dietary fiber intake are associated with increased mortality risk in middle-aged and elderly cancer survivors. Notably, dietary fiber intake significantly modified the association between PhenoAge acceleration and cancer mortality. © The Author(s) 2025.","adult; aged; all cause mortality; Article; biological age; cancer mortality; cancer survivor; cardiovascular mortality; clinical assessment; controlled study; female; fiber intake; follow up; groups by age; health survey; human; major clinical study; male; middle aged; mortality rate; nutritional assessment; patient participation; phenotype; risk factor; sample size; sensitivity analysis; validation study; aging; diet; dietary fiber; mortality; neoplasm; nutrition; physiology; proportional hazards model; Adult; Aged; Aging; Cancer Survivors; Diet; Dietary Fiber; Female; Humans; Male; Middle Aged; Neoplasms; Nutrition Surveys; Phenotype; Proportional Hazards Models; Risk Factors","41267017","2-s2.0-105022521859"
"Li, D.L.; Xu, X.; Hodge, A.M.; Southey, M.C.; Giles, G.G.; Milne, R.L.; Dugué, P.-A.","Li, Danmeng Lily (58957715500); Xu, Xiaojing (58075748800); Hodge, Allison M. (7006887018); Southey, Melissa Caroline (7003842049); Giles, Graham G. (57193910834); Milne, Roger L. (36640290600); Dugué, Pierre Antoine (7003282931)","58957715500; 58075748800; 7006887018; 7003842049; 57193910834; 36640290600; 7003282931","Social relationships and epigenetic markers of aging in middle-aged and older adults: cross-sectional and prospective analyses","2025","Journals of Gerontology - Series B Psychological Sciences and Social Sciences","10.1093/geronb/gbaf194","https://www.scopus.com/inward/record.uri?eid=2-s2.0-105022408573&doi=10.1093%2Fgeronb%2Fgbaf194&partnerID=40&md5=42f643cdce9a3a268c78feefda773b02","Objectives Social relationships play an important role in maintaining physical and psychological health. Epigenetic age is a potential mechanism underlying health-related aspects of social relationships. We aimed to assess the cross-sectional and prospective associations of social relationships and epigenetic age in middle-aged and older adults. Methods Blood DNA methylation data were collected from 6,208 participants in the Melbourne Collaborative Cohort Study at baseline (1990-1994, mean age = 59) and 1,110 at follow-up (2003-2007, mean age = 69). Four epigenetic aging measures were considered: PCPhenoAge, PCGrimAge, bAge, and DunedinPACE. Social relationship variables were collected via self-reported questionnaires at baseline, including social activities, living arrangements, marital status, and numbers of close relatives and friends. A social isolation index was calculated. Linear regression was used to assess the associations of social relationships with baseline and follow-up epigenetic age. Results Cross-sectionally, living alone and overall social isolation were associated with older epigenetic age in men only (e.g., living alone, DunedinPACE, per SD β = 0.20, 95% CI: 0.10-0.29), with strong evidence of effect modification by sex (p =. 002 to 4 × 10-5). Moderate amounts of social activities and a greater number of relatives and friends were also associated with a younger epigenetic age. Generally weaker associations were observed in prospective analyses. Discussion In middle-aged and older Australians, positive components of social relationships showed weak associations with lower epigenetic age. Social isolation and living alone were associated with older epigenetic age only in men. Our study suggests that the benefits of social relationships to health are partially captured by epigenetic markers of aging. © 2025 The Author(s).","adult; age; aged; aging; article; Australian; cohort analysis; cross-sectional study; DNA methylation; female; follow up; friend; human; major clinical study; male; marriage; middle aged; psychological well-being; self-reported questionnaire; social behavior; social interaction; social isolation; genetic epigenesis; genetics; human relation; prospective study; psychology; Aged; Aging; Cross-Sectional Studies; DNA Methylation; Epigenesis, Genetic; Female; Humans; Interpersonal Relations; Male; Middle Aged; Prospective Studies; Social Isolation","41075164","2-s2.0-105022408573"
"Ghaderi, S.; Mohammadi, S.; Sisakhti, M.; Batouli, S.A.H.","Ghaderi, Sadegh (57221693379); Mohammadi, Sana (58484649100); Sisakhti, Minoo (57208316697); Batouli, Seyed Amir Hossein (57189855155)","57221693379; 58484649100; 57208316697; 57189855155","Biological Age Prediction of the Cerebellar Vermis in the Human Lifespan","2025","Cerebellum","10.1007/s12311-025-01929-5","https://www.scopus.com/inward/record.uri?eid=2-s2.0-105022228985&doi=10.1007%2Fs12311-025-01929-5&partnerID=40&md5=e5023eb542d3a017f268bbbe2e6ab168","The cerebellar vermis undergoes diverse structural changes with aging, yet region-specific aging patterns remain underexplored. Using Brain Structure Age (BSA), a deep learning biomarker from structural magnetic resonance imaging (MRI), we aimed to: (1) evaluate effects of volume, BMI, and education on vermis aging; (2) examine sex differences; and (3) analyze aging trajectories across young (20–39), middle-aged (40–59), and older adults (≥ 60). A cross-sectional study of 245 healthy participants from the Iranian Brain Imaging Database utilized high-resolution 3D T1-weighted images from a 3T MRI with a 64-channel coil. We calculated BSA and cerebellar vermis subregional volumes (lobules I–V, VI–VII, VIII–X). ANCOVA models examined the impact of age group, sex, BMI, education, and vermis volume on biological age, with Bonferroni-adjusted post hoc comparisons. The results revealed robust age-dependent gradients, with posterior lobules VIII–X showing the steepest decline (adjusted R2 = 0.747–0.784, p < 0.001). Volumetric preservation was protective in the anterior and posterior superior subregions (lobules I–V: β = − 1.75, p = 0.003; VI–VII: β = − 3.78, p = 0.004, respectively), but not in VIII–X (p = 0.861). A marginal age group × sex interaction suggested accelerated male aging in older groups. BMI and education had no significant effects (p > 0.15). Models explained 74.7–79.1% of variance in biological age (R2 = 0.747–0.791). In conclusion, BSA identifies distinct aging patterns in the cerebellar vermis, with posterior subregions being more vulnerable, highlighting anterior–posterior gradients and minimal lifestyle influence. © The Author(s), under exclusive licence to Springer Science+Business Media, LLC, part of Springer Nature 2025.","adult; aged; aging; analysis of covariance; Article; biological age; body mass; brain region; brain size; brain structure age; cerebellum vermis; cross-sectional study; deep learning; educational status; female; groups by age; human; Iran; lifespan; lifestyle; male; middle aged; nuclear magnetic resonance imaging; post hoc analysis; prediction; sex difference; T1 weighted imaging; young adult; diagnostic imaging; longevity; pathology; physiology; Adult; Aged; Aging; Cerebellar Vermis; Cross-Sectional Studies; Female; Humans; Longevity; Magnetic Resonance Imaging; Male; Middle Aged; Young Adult","41258571","2-s2.0-105022228985"
"Ohi, K.; Fujikane, D.; Oida, Y.; Takai, K.; Ukisu, T.; Nakahara, M.; Murakami, H.; Fujita, K.; Kuramitsu, A.; Muto, Y.; Sugiyama, S.; Kasai, K.; Koike, S.; Kitaichi, K.; Shioiri, T.","Ohi, Kazutaka (22938735400); Fujikane, Daisuke (57762798000); Oida, Yasuhisa (13003284000); Takai, Kentaro (57222508005); Ukisu, Tatsuhide (60197975800); Nakahara, Maho (60198109500); Murakami, Hiroki (60197689200); Fujita, Koji (58147058400); Kuramitsu, Ayumi (57222521869); Muto, Yukimasa (57219930217); Sugiyama, Shunsuke (57194228109); Kasai, Kyioto L. (26643019200); Koike, Shinsuke (36961019700); Kitaichi, Kiyosachi (7004185693); Shioiri, Toshiki (55930584100)","22938735400; 57762798000; 13003284000; 57222508005; 60197975800; 60198109500; 60197689200; 58147058400; 57222521869; 57219930217; 57194228109; 26643019200; 36961019700; 7004185693; 55930584100","Epigenetic aging in anxiety disorders: diagnostic subtype differences and associations with social functioning","2025","BMC Medicine","10.1186/s12916-025-04480-6","https://www.scopus.com/inward/record.uri?eid=2-s2.0-105022112350&doi=10.1186%2Fs12916-025-04480-6&partnerID=40&md5=8004325ee40a2653616ca401520443ca","Background: Anxiety disorders, including subtypes such as social anxiety disorder (SAD), panic disorder (PD), and generalized anxiety disorder (GAD), are among the most common psychiatric disorders. They are characterized by excessive fear, anxiety, and behavioral disturbances, leading to significant impairments in social and occupational functioning. While both accelerated and suppressed epigenetic aging have been reported in various psychiatric disorders, findings in anxiety disorders remain limited. We investigated diagnostic subtype-specific patterns of epigenetic age acceleration in anxiety disorders and examined the influence of social functioning. Methods: DNA methylation (DNAm) was quantified in 266 healthy individuals and 30 individuals with anxiety disorders (11 SAD, 11 PD, and 8 GAD) using Illumina MethylationEPIC arrays. Epigenetic age acceleration was estimated using PCHannumG2013 as the primary clock, with sensitivity analyses conducted using four additional clocks. Social functioning was assessed with the Social Functioning Scale. Meta-analyses incorporating data from previous DNAm-based studies (423 healthy individuals and 278 individuals with anxiety disorders) were performed. Results: Compared with healthy individuals, individuals with anxiety disorders had suppressed epigenetic age acceleration, particularly in SAD, in our cohort. Lower social functioning, especially impaired independence-competence and reduced prosocial activities, was associated with suppressed epigenetic age acceleration. Meta-analyses revealed suppressed epigenetic aging in patients with SAD and a marginal increase in patients with PD. Sensitivity analyses revealed that the suppression in SAD was consistently detected across clock types, except for DunedinPACE. Conclusions: Our findings suggest possible diagnostic subtype-specific differences in epigenetic age acceleration in anxiety disorders, which may indicate a potential protective role of social avoidance in patients with SAD and the influence of inflammatory processes in patients with PD. © The Author(s) 2025.","acceleration; adult; aging; anxiety disorder; Article; clinical article; cohort analysis; controlled study; epigenetic clock; fear; female; human; inflammation; male; mental disease; panic; sensitivity analysis; social avoidance; social interaction; social phobia; classification; diagnosis; DNA methylation; genetic epigenesis; genetics; middle aged; psychology; young adult; Adult; Aging; Anxiety Disorders; DNA Methylation; Epigenesis, Genetic; Female; Humans; Male; Middle Aged; Phobia, Social; Young Adult","41250194","2-s2.0-105022112350"
"Gialluisi, A.; Tirozzi, A.; Costanzo, S.; Licastro, D.; Di Castelnuovo, A.; Quiccione, M.S.; Falciglia, S.; Degasperi, M.; Panzera, T.; Magnacca, S.; Persichillo, M.; Noro, F.; Cerletti, C.; Donati, M.B.; de Gaetano, G.; Iacoviello, L.; Morelli, M.; Di Costanzo, G.; Bracone, F.; Cretella, A.; Civitillo, C.; de Curtis, A.; Ruggiero, E.; Pepe, A.; Venegas; Muñoz, M.L.; Gianfagna, F.; Ghulam, A.; Esposito, S.; Bonaccio, M.; Orlandi, S.; Rago, L.; Assanelli, D.; Spagnolo, A.G.; Pegoraro, R.; Vermylen, J.; Bonanni, A.","Gialluisi, Alessandro (54784401100); Tirozzi, Alfonsina (57196299709); Costanzo, Simona (15519087600); Licastro, Danilo (6504570120); Di Castelnuovo, Augusto F. (7003280346); Quiccione, Miriam Shasa (57224630377); Falciglia, Stefania (58307450400); Degasperi, Margherita (57190764031); Panzera, Teresa (57208215472); Magnacca, Sara (55014476000); Persichillo, Mariarosaria (36622734500); Noro, Fabrizia (57196147047); Cerletti, Chiara (7004918477); Donati, Maria Benedetta (7102675032); de Gaetano, Giovanni M.D. (55662488700); Iacoviello, Licia (57205867300); Morelli, Martina (58543181600); Di Costanzo, Giuseppe (59431661900); Bracone, F. (55016131100); Cretella, Alisia (59137758400); Civitillo, Concetta (59137601800); de Curtis, Amalia (6602108021); Ruggiero, Emilia (57193489740); Pepe, Antonietta (55116309800); Venegas (14069426400); Muñoz, Maria Loreto (60196108200); Gianfagna, F. (8876243200); Ghulam, Anwal (57398294200); Esposito, Simona (57221960083); Bonaccio, Marialaura (54388589200); Orlandi, Sabatino (57292872500); Rago, Livia (55364138600); Assanelli, Deodato (7004836300); Spagnolo, Antonio G. (55649570438); Pegoraro, Renzo (14827293600); Vermylen, Joseph G. (55223321400); Bonanni, Americo Ettore (21740480600)","54784401100; 57196299709; 15519087600; 6504570120; 7003280346; 57224630377; 58307450400; 57190764031; 57208215472; 55014476000; 36622734500; 57196147047; 7004918477; 7102675032; 55662488700; 57205867300; 58543181600; 59431661900; 55016131100; 59137758400; 59137601800; 6602108021; 57193489740; 55116309800; 14069426400; 60196108200; 8876243200; 57398294200; 57221960083; 54388589200; 57292872500; 55364138600; 7004836300; 55649570438; 14827293600; 55223321400; 21740480600","Does polypharmacy affect epigenetic aging in older people? Evidence from a longitudinal epigenome-wide methylation study","2025","Clinical Epigenetics","10.1186/s13148-025-02007-7","https://www.scopus.com/inward/record.uri?eid=2-s2.0-105021935373&doi=10.1186%2Fs13148-025-02007-7&partnerID=40&md5=3fdab8adc04a77eed0beacfd086ff10f","Background: Polypharmacy, defined as taking ≥ 5 different daily medications, is common in older adults and has been linked with neuropsychiatric/neurological and other health conditions. To clarify the potential molecular implications, we tested the hypothesis that polypharmacy may influence DNA methylation (DNAm) patterns in aging, in a longitudinal Italian cohort (N = 1,098; mean (SD) age at recruitment: 58.8 (5.6) years, 51.3% women; median (IQR) follow-up 12.6 (1.1) years). Results: We tested associations of polypharmacy with several DNAm aging clocks (Hannum, Horvath, GrimAge, DNAmPhenoAge, DunedinPACE), through linear mixed models incrementally adjusted for age, sex, education, prevalent health conditions and lifestyles, leukocyte counts and residual batch effects. This revealed significant positive associations of GrimAge acceleration and DunedinPACE with the switch to polypharmacy status during follow-up (Beta (SE): 0.024 (0.008) and0.0012 (0.0004)). While the association of GrimAge was driven by a DNAm-based surrogate of tissue inhibitor metalloproteinase 1 (TIMP-1), no significant association was detected for component CpGs of DunedinPACE. When we tested associations of polypharmacy with 668,413 CpGs epigenome-wide, we observed no statistically significant findings (top hit: cg07675998; chr11q13.1; Beta (SE) = 0.009 (0.002); p = 1.5 × 10–6). However, these showed significant enrichments of several biological functions and pathways related to renal tissue, lipoproteins, inflammatory and immune response. Conclusions: These findings suggest an influence of polypharmacy on accelerated epigenetic aging and on altered methylation patterns in the genome, suggesting a potential implication of pathways related to renal tissue development, lipoproteins and cholesterol homeostasis, inflammatory and immune response, in line with previous proteomic analyses of polypharmacy mouse models. These observations also suggest potential targets for mitigating disruptive effects of polypharmacy on elderly health. © The Author(s) 2025.","cholesterol; lipoprotein; tissue inhibitor of metalloproteinase 1; adult; age; Article; cohort analysis; degenerative disease; DNA methylation; DNAmPhenoAge clock; DunedinPACE clock; education; epigenetic aging; epigenetic clock; epigenetic modification; epigenetics; epigenome wide methylation study; female; genome; health status; homeostasis; human; human cell; hypothesis; immune response; inflammation; Italian (citizen); kidney tissue; leukocyte count; lifestyle; linear mixed model; major clinical study; male; mental disease; middle aged; polypharmacy; prospective study; sex; statistical model; aged; aging; drug effect; epigenome; genetic epigenesis; genetics; genome-wide association study; Italy; longitudinal study; procedures; Aged; Aging; DNA Methylation; Epigenesis, Genetic; Epigenome; Epigenomics; Female; Genome-Wide Association Study; Humans; Longitudinal Studies; Male; Middle Aged; Polypharmacy","41239444","2-s2.0-105021935373"
"Tan, J.; Zhu, J.; He, Y.; Fan, Z.; Cai, F.; Zhuang, H.; Hu, Y.; Liu, K.; Li, Q.; Feng, B.; Guo, Y.; Li, G.; Wang, B.; Chen, J.","Tan, Jinhong (60141706900); Zhu, Jijun (59257097400); He, Yongtao (60141894200); Fan, Zhaohao (60142178900); Cai, Fuqiang (57217861417); Zhuang, Haowen (59974431400); Hu, Yanhua (60141986900); Liu, Kangyan (57211004869); Li, Qiancheng (60141894300); Feng, Bo (60194083100); Guo, Yushi (60141801600); Li, Gan (60194443200); Wang, Bin (59529862100); Chen, Junfang (57192190197)","60141706900; 59257097400; 60141894200; 60142178900; 57217861417; 59974431400; 60141986900; 57211004869; 60141894300; 60194083100; 60141801600; 60194443200; 59529862100; 57192190197","Unveiling risk factors and predicting osteoporosis through bone density based aging model: a community-based cohort in Guangdong, China","2025","BMC Musculoskeletal Disorders","10.1186/s12891-025-09298-0","https://www.scopus.com/inward/record.uri?eid=2-s2.0-105021824171&doi=10.1186%2Fs12891-025-09298-0&partnerID=40&md5=9c6d5d80b355da7983bef717af2f4d68","Background: Osteoporosis is a progressive skeletal disorder influenced by multiple clinical and lifestyle factors. Early identification of individuals at high risk is essential for prevention and personalized management. This study aimed to identify key determinants of osteoporosis and to establish a bone density based aging model to evaluate deviations in bone health. Methods: This retrospective study included 4,275 adults from Shunde District, Guangdong, China (mean age 60.62 years, 67.36% female). Bone mineral density (BMD) was measured at the lumbar spine (L2-L4) and proximal femur sites (femoral neck and trochanter) using dual-energy X-ray absorptiometry (DXA). Participants were classified as normal, osteopenic, or osteoporotic according to WHO and Chinese guidelines. Univariable and multivariable regression models were applied to assess the associations between clinical and lifestyle factors and osteoporosis risk. A bone density aging model was developed using support vector regression to estimate bone density age, and bone density age acceleration (BDAA) was calculated as a marker of deviation from age-matched bone health. Results: Risk analyses identified age, sex, body mass index, exercise frequency, OSTA score, and post-menopausal years (in women) as significant risk factors for osteoporosis. The bone density aging model showed good predictive performance (mean absolute error = 5.716 years, R² = 0.145). Higher BDAA was positively correlated with osteoporosis risk across bone health categories, including individuals without clinical diagnosis. In addition, sex-specific analyses showed that BDAA was elevated in male with insufficient exercise or smoking, and in female with osteopenia and osteoporosis, with the increase being more pronounced in osteoporosis patients, particularly under the influence of diet and alcohol consumption. Conclusions: Our findings indicate that the bone density based biological aging models can effectively capture deviations in bone health, improve early identification and personalized risk stratification of osteoporosis. This approach may facilitate and support the development of precision medicine strategies in osteoporosis prevention and management. Trial registration: Not applicable. © The Author(s) 2025.","adult; aging; alcohol consumption; Article; artificial neural network; body mass; bone density; bone density age acceleration; bone health; China; clinical assessment tool; cohort analysis; community based surveillance; correlation analysis; dual energy X ray absorptiometry; exercise; false negative result; false positive result; female; femoral neck; femur; health; human; lifestyle modification; logistic regression analysis; lumbar spine; machine learning algorithm; male; middle aged; observational study; osteopenia; osteoporosis; osteoporosis self assessment tool for asian; prediction; proximal femur; receiver operating characteristic; retrospective study; risk factor; sensitivity and specificity; smoking; support vector machine; systolic blood pressure; trochanter; World Health Organization; aged; diagnosis; diagnostic imaging; epidemiology; lumbar vertebra; photon absorptiometry; physiology; risk assessment; Absorptiometry, Photon; Aged; Aging; Bone Density; Female; Humans; Lumbar Vertebrae; Male; Middle Aged; Osteoporosis; Retrospective Studies; Risk Assessment; Risk Factors","41239241","2-s2.0-105021824171"
